// Modern Engine Fixes v1.0.2 - Oblivion 1.2.0.416, x86 OBSE plugin.
// Build in an x86 Visual Studio developer prompt:
// cl /nologo /LD /O2 /MT /std:c++17 dllmain.cpp /link /OUT:"Modern Engine Fixes.dll"
// Public versions advance 1.0.2 ... 1.0.9, then 1.1.0. PluginInfo encodes
// major * 10000 + minor * 100 + patch; keep the log string synchronized.
#if !defined(_M_IX86)
#error Modern Engine Fixes requires an x86 build.
#endif
#pragma comment(linker, "/EXPORT:OBSEPlugin_Query=_OBSEPlugin_Query")
#pragma comment(linker, "/EXPORT:OBSEPlugin_Load=_OBSEPlugin_Load")

#define WIN32_LEAN_AND_MEAN
#include <windows.h>

#include <cstdarg>
#include <cstddef>
#include <cstdio>
#include <cstring>
#include <cmath>
#include <float.h>
#include "patch_transaction.h"

namespace
{
	typedef unsigned char UInt8;
	typedef unsigned short UInt16;
	typedef unsigned int UInt32;
	typedef int SInt32;
	typedef char (__thiscall* TESFileNextRecordFn)(UInt8* file);
	typedef void* (__cdecl* FormHeapAllocFn)(UInt32 size);
	typedef void (__cdecl* FormHeapFreeFn)(void* ptr);
	typedef char (__thiscall* TESFileGetChunkDataFn)(UInt8* file, char* dst, UInt32 maxSize);
	typedef void (__thiscall* TESFormLoadCurrentSaveGameFn)(void* form, void* dst, UInt32 size);
	typedef void (__cdecl* PrintErrorFn)(const char* message);
	typedef int (__cdecl* ZlibStreamEndFn)(void* stream);

	static const UInt32 kPluginVersion = 1 * 10000 + 0 * 100 + 2;
	static const char kPluginVersionString[] = "1.0.2";

	// SR-1 admitted native framing and immutable-stream ABI dependencies.
	static const UInt32 kSaveReadGatePatchSite = 0x465a81;
	static const UInt8 kSaveReadGatePatchSiteExpectedBytes[] = {
		0xE8, 0x3A, 0x6F, 0xFF, 0xFF,
	};
	static const UInt32 kSaveReadNativePluginsAddr = 0x45c9c0;
	static const UInt8 kSaveReadNativePluginsAddrExpectedBytes[] = {
		0x81, 0xEC, 0x1C, 0x01, 0x00, 0x00, 0xA1, 0xAC, 0x0A, 0xB3, 0x00, 0x33, 0xC4, 0x89, 0x84, 0x24,
		0x18, 0x01, 0x00, 0x00, 0x53, 0x55, 0x56, 0x8B, 0xB4, 0x24, 0x2C, 0x01, 0x00, 0x00, 0x57, 0x8B,
		0xF9, 0x8B, 0x0D, 0x98, 0x3A, 0xB3, 0x00, 0x89, 0x7C, 0x24, 0x1C, 0xC6, 0x44, 0x24, 0x15, 0x00,
		0xC6, 0x44, 0x24, 0x16, 0x00, 0xE8, 0x16, 0xA1, 0xFE, 0xFF, 0x88, 0x44, 0x24, 0x14, 0x8B, 0x46,
		0x30, 0x83, 0xF8, 0xFF, 0x75, 0x06, 0x8B, 0x86, 0x48, 0x01, 0x00, 0x00, 0x8B, 0x56, 0x04, 0xBD,
		0x01, 0x00, 0x00, 0x00, 0x55, 0x8D, 0x4C, 0x24, 0x1C, 0x51, 0x55, 0x8D, 0x5F, 0x48, 0x53, 0x56,
		0x89, 0x44, 0x24, 0x34, 0x89, 0x6C, 0x24, 0x2C, 0xFF, 0xD2, 0x8B, 0x47, 0x4C, 0x83, 0xC4, 0x14,
		0x85, 0xC0, 0x74, 0x09, 0x50, 0xE8, 0xE6, 0x54, 0xFA, 0xFF, 0x83, 0xC4, 0x04, 0x0F, 0xB6, 0x03,
		0x50, 0xE8, 0xBA, 0x54, 0xFA, 0xFF, 0x83, 0xC4, 0x04, 0x80, 0x3B, 0x00, 0x89, 0x47, 0x4C, 0xC6,
		0x44, 0x24, 0x13, 0x00, 0x0F, 0x86, 0x0F, 0x01, 0x00, 0x00, 0x8D, 0x9B, 0x00, 0x00, 0x00, 0x00,
		0x8B, 0x46, 0x04, 0x55, 0x8D, 0x4C, 0x24, 0x1C, 0x51, 0x55, 0x8D, 0x54, 0x24, 0x23, 0x52, 0x56,
		0x89, 0x6C, 0x24, 0x2C, 0xFF, 0xD0, 0x68, 0x04, 0x01, 0x00, 0x00, 0x8D, 0x4C, 0x24, 0x3C, 0x6A,
		0x00, 0x51, 0xE8, 0xA9, 0x4B, 0x52, 0x00, 0x0F, 0xB6, 0x44, 0x24, 0x37, 0x55, 0x8D, 0x54, 0x24,
		0x3C, 0x52, 0x8B, 0x56, 0x04, 0x50, 0x8D, 0x4C, 0x24, 0x50, 0x51, 0x56, 0x89, 0x6C, 0x24, 0x4C,
		0xFF, 0xD2, 0x32, 0xDB, 0x83, 0xC4, 0x34, 0x38, 0x5C, 0x24, 0x14, 0x0F, 0x86, 0x7D, 0x00, 0x00,
		0x00, 0x8B, 0x0D, 0x98, 0x3A, 0xB3, 0x00, 0x0F, 0xB6, 0xC3, 0x50, 0xE8, 0x60, 0xA0, 0xFE, 0xFF,
		0x8B, 0xE8, 0x8D, 0x7D, 0x1C, 0x8D, 0x4C, 0x24, 0x24, 0x57, 0x51, 0xE8, 0x5D, 0x5B, 0x52, 0x00,
		0x83, 0xC4, 0x08, 0x85, 0xC0, 0x0F, 0x84, 0xA1, 0x00, 0x00, 0x00, 0x8D, 0x54, 0x24, 0x24, 0x68,
		0x74, 0xFF, 0xA2, 0x00, 0x52, 0xE8, 0x43, 0x5B, 0x52, 0x00, 0x83, 0xC4, 0x08, 0x85, 0xC0, 0x75,
		0x08, 0x57, 0x68, 0xD8, 0xA6, 0xA3, 0x00, 0xEB, 0x1C, 0x8D, 0x44, 0x24, 0x24, 0x68, 0xD8, 0xA6,
		0xA3, 0x00, 0x50, 0xE8, 0x25, 0x5B, 0x52, 0x00, 0x83, 0xC4, 0x08, 0x85, 0xC0, 0x75, 0x12, 0x57,
		0x68, 0x74, 0xFF, 0xA2, 0x00, 0xE8, 0x13, 0x5B, 0x52, 0x00, 0x83, 0xC4, 0x08, 0x85, 0xC0, 0x74,
		0x5B, 0x80, 0xC3, 0x01, 0x3A, 0x5C, 0x24, 0x14, 0x72, 0x87, 0x8B, 0x7C, 0x24, 0x1C, 0x0F, 0xB6,
		0x4C, 0x24, 0x13, 0x8B, 0x57, 0x4C, 0x8D, 0x44, 0x24, 0x24, 0x50, 0x68, 0x90, 0xA6, 0xA3, 0x00,
		0xC6, 0x44, 0x24, 0x1E, 0x01, 0xC6, 0x04, 0x11, 0xFF, 0xE8, 0x12, 0xAF, 0x04, 0x00, 0x83, 0xC4,
		0x08, 0x8A, 0x44, 0x24, 0x13, 0x04, 0x01, 0x3A, 0x47, 0x48, 0x88, 0x44, 0x24, 0x13, 0xBD, 0x01,
		0x00, 0x00, 0x00, 0x0F, 0x82, 0xF7, 0xFE, 0xFF, 0xFF, 0x8B, 0x4F, 0x40, 0x85, 0xC9, 0x74, 0x44,
		0x8B, 0x46, 0x30, 0x83, 0xF8, 0xFF, 0x74, 0x27, 0x8B, 0xF0, 0xEB, 0x29, 0x8B, 0xCD, 0xE8, 0x1D,
		0x2F, 0xFF, 0xFF, 0x84, 0xC0, 0x74, 0x05, 0xC6, 0x44, 0x24, 0x15, 0x01, 0x8B, 0x54, 0x24, 0x1C,
		0x0F, 0xB6, 0x4C, 0x24, 0x13, 0x8B, 0x42, 0x4C, 0x88, 0x1C, 0x01, 0x8B, 0xFA, 0xEB, 0xB2, 0x8B,
		0xB6, 0x48, 0x01, 0x00, 0x00, 0x2B, 0x74, 0x24, 0x20, 0x68, 0x80, 0xA6, 0xA3, 0x00, 0x56, 0xE8,
		0xFC, 0x65, 0xFF, 0xFF, 0x80, 0x7C, 0x24, 0x15, 0x00, 0x75, 0x1E, 0x8B, 0x0D, 0x38, 0x87, 0xB3,
		0x00, 0x6A, 0x00, 0x68, 0xEC, 0xF7, 0xA2, 0x00, 0x6A, 0x00, 0x6A, 0x00, 0x51, 0xE8, 0x3E, 0xD0,
		0x11, 0x00, 0x83, 0xC4, 0x14, 0x32, 0xC0, 0xEB, 0x6B, 0x80, 0x7C, 0x24, 0x16, 0x00, 0x74, 0x62,
		0x80, 0x3D, 0xBC, 0x5B, 0xB0, 0x00, 0x00, 0x74, 0x59, 0xE8, 0xF2, 0xC3, 0x11, 0x00, 0x83, 0xF8,
		0x03, 0x74, 0x4F, 0xE8, 0x68, 0xC4, 0x11, 0x00, 0x83, 0xF8, 0x03, 0x74, 0x45, 0x80, 0xBF, 0xAB,
		0x00, 0x00, 0x00, 0x00, 0x75, 0x3C, 0xA1, 0x00, 0x3B, 0xB3, 0x00, 0x81, 0x48, 0x18, 0x00, 0x00,
		0x01, 0x00, 0x8B, 0x15, 0x00, 0x8D, 0xB3, 0x00, 0xA1, 0xF8, 0x8C, 0xB3, 0x00, 0x8B, 0x0D, 0xC0,
		0x86, 0xB3, 0x00, 0x6A, 0x00, 0x52, 0x50, 0x55, 0x51, 0xE8, 0xC2, 0xD0, 0x11, 0x00, 0x8B, 0x0D,
		0x00, 0x3B, 0xB3, 0x00, 0x81, 0x61, 0x18, 0xFF, 0xFF, 0xFE, 0xFF, 0x83, 0xC4, 0x14, 0x3C, 0x02,
		0x74, 0x93, 0xB0, 0x01, 0x8B, 0x8C, 0x24, 0x28, 0x01, 0x00, 0x00, 0x5F, 0x5E, 0x5D, 0x5B, 0x33,
		0xCC, 0xE8, 0x8C, 0x45, 0x52, 0x00, 0x81, 0xC4, 0x1C, 0x01, 0x00, 0x00, 0xC2, 0x04, 0x00,
	};
	static const UInt32 kSaveReadBSFileTableAddr = 0xa36368;
	static const UInt8 kSaveReadBSFileTableAddrExpectedBytes[] = {
		0x00, 0x64, 0xAB, 0x00, 0x90, 0x0A, 0x43, 0x00, 0xC0, 0x81, 0x74, 0x00, 0xF0, 0x07, 0x43, 0x00,
		0x80, 0xFF, 0x42, 0x00, 0x10, 0x00, 0x43, 0x00, 0xA0, 0x0B, 0x43, 0x00, 0x80, 0xFE, 0x42, 0x00,
		0x40, 0x02, 0x43, 0x00, 0x00, 0x07, 0x43, 0x00, 0xB0, 0x0A, 0x43, 0x00, 0xE0, 0x08, 0x43, 0x00,
		0x80, 0x08, 0x43, 0x00, 0x20, 0x08, 0x43, 0x00, 0xD0, 0x00, 0x43, 0x00, 0xB0, 0x02, 0x43, 0x00,
		0x30, 0x00, 0x43, 0x00,
	};
	static const UInt32 kSaveReadNativeReadAddr = 0x4302b0;
	static const UInt8 kSaveReadNativeReadAddrExpectedBytes[] = {
		0x6A, 0xFF, 0x68, 0xEE, 0xBD, 0x9A, 0x00, 0x64, 0xA1, 0x00, 0x00, 0x00, 0x00, 0x50, 0x56, 0xA1,
		0xAC, 0x0A, 0xB3, 0x00, 0x33, 0xC4, 0x50, 0x8D, 0x44, 0x24, 0x08, 0x64, 0xA3, 0x00, 0x00, 0x00,
		0x00, 0x8B, 0xF1, 0xB8, 0x01, 0x00, 0x00, 0x00, 0x84, 0x05, 0x00, 0x3A, 0xB3, 0x00, 0x75, 0x2D,
		0x09, 0x05, 0x00, 0x3A, 0xB3, 0x00, 0xB9, 0x80, 0x39, 0xB3, 0x00, 0xC7, 0x44, 0x24, 0x10, 0x00,
		0x00, 0x00, 0x00, 0xE8, 0x08, 0x0D, 0xFD, 0xFF, 0x68, 0x60, 0x7B, 0xA1, 0x00, 0xE8, 0xB2, 0x1C,
		0x55, 0x00, 0x83, 0xC4, 0x04, 0xC7, 0x44, 0x24, 0x10, 0xFF, 0xFF, 0xFF, 0xFF, 0x83, 0x7E, 0x1C,
		0x00, 0x75, 0x0D, 0x8B, 0x06, 0x8B, 0x50, 0x18, 0x6A, 0x00, 0x6A, 0x00, 0x8B, 0xCE, 0xFF, 0xD2,
		0x8B, 0x44, 0x24, 0x1C, 0x8B, 0x4C, 0x24, 0x18, 0x50, 0x51, 0x8B, 0xCE, 0xE8, 0x4F, 0x7B, 0x31,
		0x00, 0x01, 0x86, 0x48, 0x01, 0x00, 0x00, 0x8B, 0x4C, 0x24, 0x08, 0x64, 0x89, 0x0D, 0x00, 0x00,
		0x00, 0x00, 0x59, 0x5E, 0x83, 0xC4, 0x0C, 0xC2, 0x08, 0x00,
	};
	static const UInt32 kSaveReadNativeSeekAddr = 0x42ff80;
	static const UInt8 kSaveReadNativeSeekAddrExpectedBytes[] = {
		0x53, 0x8B, 0x5C, 0x24, 0x0C, 0x3B, 0x1D, 0xD0, 0x53, 0xA8, 0x00, 0x56, 0x57, 0x8B, 0xF1, 0x75,
		0x1A, 0x83, 0x7E, 0x20, 0x00, 0x8B, 0x44, 0x24, 0x10, 0x8B, 0xF8, 0x75, 0x47, 0x8B, 0x1D, 0xD4,
		0x53, 0xA8, 0x00, 0x2B, 0x86, 0x48, 0x01, 0x00, 0x00, 0xEB, 0x39, 0x3B, 0x1D, 0xD4, 0x53, 0xA8,
		0x00, 0x75, 0x0E, 0x8B, 0xBE, 0x48, 0x01, 0x00, 0x00, 0x8B, 0x44, 0x24, 0x10, 0x03, 0xF8, 0xEB,
		0x23, 0x3B, 0x1D, 0xD8, 0x53, 0xA8, 0x00, 0x75, 0x11, 0x8B, 0x06, 0x8B, 0x50, 0x1C, 0xFF, 0xD2,
		0x8B, 0xF8, 0x8B, 0x44, 0x24, 0x10, 0x2B, 0xF8, 0xEB, 0x0A, 0x8B, 0xBE, 0x48, 0x01, 0x00, 0x00,
		0x8B, 0x44, 0x24, 0x10, 0x3B, 0xBE, 0x48, 0x01, 0x00, 0x00, 0x74, 0x0F, 0x53, 0x50, 0x8B, 0xCE,
		0xE8, 0x2B, 0x7E, 0x31, 0x00, 0x89, 0xBE, 0x48, 0x01, 0x00, 0x00, 0x5F, 0x5E, 0x5B, 0xC2, 0x08,
		0x00,
	};
	static const UInt32 kSaveReadNativeDtorAddr = 0x430a90;
	static const UInt8 kSaveReadNativeDtorAddrExpectedBytes[] = {
		0x56, 0x8B, 0xF1, 0xE8, 0xD8, 0xFB, 0xFF, 0xFF, 0xF6, 0x44, 0x24, 0x08, 0x01, 0x74, 0x09, 0x56,
		0xE8, 0x7B, 0x14, 0xFD, 0xFF, 0x83, 0xC4, 0x04, 0x8B, 0xC6, 0x5E, 0xC2, 0x04, 0x00,
	};
	static const UInt32 kSaveReadCachedSizeAddr = 0x430010;
	static const UInt8 kSaveReadCachedSizeAddrExpectedBytes[] = {
		0x56, 0x8B, 0xF1, 0x83, 0xBE, 0x50, 0x01, 0x00, 0x00, 0x00, 0x75, 0x07, 0x8B, 0x06, 0x8B, 0x50,
		0x1C, 0xFF, 0xD2, 0x8B, 0x86, 0x50, 0x01, 0x00, 0x00, 0x5E, 0xC3,
	};
	static const UInt32 kSaveReadDirectSizeAddr = 0x430240;
	static const UInt8 kSaveReadDirectSizeAddrExpectedBytes[] = {
		0x56, 0x8B, 0xF1, 0x83, 0x7E, 0x20, 0x01, 0xC7, 0x86, 0x50, 0x01, 0x00, 0x00, 0x00, 0x00, 0x00,
		0x00, 0x75, 0x05, 0xE8, 0xD8, 0x7A, 0x31, 0x00, 0x8B, 0x06, 0x8B, 0x50, 0x18, 0x6A, 0x00, 0x6A,
		0x00, 0x8B, 0xCE, 0xFF, 0xD2, 0x8B, 0x46, 0x1C, 0x85, 0xC0, 0x74, 0x35, 0x57, 0x50, 0xE8, 0xAB,
		0x47, 0x55, 0x00, 0x6A, 0x02, 0x8B, 0xF8, 0x8B, 0x46, 0x1C, 0x6A, 0x00, 0x50, 0xE8, 0x7F, 0x45,
		0x55, 0x00, 0x8B, 0x4E, 0x1C, 0x51, 0xE8, 0x93, 0x47, 0x55, 0x00, 0x8B, 0x56, 0x1C, 0x6A, 0x00,
		0x57, 0x52, 0x89, 0x86, 0x50, 0x01, 0x00, 0x00, 0xE8, 0x64, 0x45, 0x55, 0x00, 0x83, 0xC4, 0x20,
		0x5F, 0x8B, 0x86, 0x50, 0x01, 0x00, 0x00, 0x5E, 0xC3,
	};
	static const UInt32 kSaveReadGlobalFrameAddr = 0x462b20;
	static const UInt8 kSaveReadGlobalFrameAddrExpectedBytes[] = {
		0x83, 0xEC, 0x50, 0x53, 0x55, 0x56, 0x8B, 0xF1, 0x81, 0x4E, 0x18, 0x00, 0x40, 0x00, 0x00, 0x57,
		0xB9, 0xB0, 0xBD, 0xB3, 0x00, 0xE8, 0xC6, 0xA3, 0x21, 0x00, 0x8B, 0x0D, 0x80, 0xBF, 0xB3, 0x00,
		0x85, 0xC9, 0x74, 0x05, 0xE8, 0xB7, 0x09, 0x22, 0x00, 0x8B, 0x0D, 0x90, 0x5B, 0xB3, 0x00, 0x85,
		0xC9, 0x74, 0x05, 0xE8, 0xC8, 0xB8, 0x05, 0x00, 0x8B, 0x0D, 0x8C, 0x5B, 0xB3, 0x00, 0x85, 0xC9,
		0x74, 0x05, 0xE8, 0x59, 0xAD, 0x05, 0x00, 0x8B, 0x0D, 0x1C, 0x3A, 0xB3, 0x00, 0xE8, 0x7E, 0xB5,
		0xFD, 0xFF, 0x8B, 0x0D, 0xC4, 0x33, 0xB3, 0x00, 0xE8, 0x83, 0xBC, 0x1F, 0x00, 0xE8, 0x4E, 0x74,
		0x09, 0x00, 0xE8, 0x49, 0x72, 0x09, 0x00, 0x8B, 0xCE, 0xE8, 0xF2, 0xE9, 0xFF, 0xFF, 0x8B, 0x7C,
		0x24, 0x64, 0xBB, 0x01, 0x00, 0x00, 0x00, 0x53, 0x8D, 0x44, 0x24, 0x38, 0x50, 0x6A, 0x04, 0x8D,
		0x4C, 0x24, 0x2C, 0x51, 0x88, 0x1D, 0x1D, 0x52, 0xB3, 0x00, 0x8B, 0x57, 0x04, 0x57, 0x89, 0x5C,
		0x24, 0x48, 0xFF, 0xD2, 0x8B, 0x44, 0x24, 0x34, 0x83, 0xC4, 0x14, 0x3D, 0x00, 0x08, 0x00, 0xFF,
		0x73, 0x09, 0xB8, 0x00, 0x08, 0x00, 0xFF, 0x89, 0x44, 0x24, 0x20, 0x8B, 0x0D, 0x98, 0x3A, 0xB3,
		0x00, 0x53, 0x8D, 0x54, 0x24, 0x38, 0x52, 0x89, 0x81, 0xC0, 0x08, 0x00, 0x00, 0x8B, 0x4F, 0x04,
		0x6A, 0x04, 0x8D, 0x44, 0x24, 0x30, 0x50, 0x57, 0x88, 0x5C, 0x24, 0x78, 0x89, 0x5C, 0x24, 0x48,
		0xFF, 0xD1, 0x8B, 0x54, 0x24, 0x38, 0x8B, 0x4E, 0x4C, 0x8B, 0xC2, 0x83, 0xC4, 0x14, 0xC1, 0xE8,
		0x18, 0x85, 0xC9, 0x74, 0x28, 0x3C, 0xFF, 0x74, 0x24, 0x3A, 0x46, 0x48, 0x73, 0x1B, 0x0F, 0xB6,
		0xC0, 0x8A, 0x0C, 0x08, 0x80, 0xF9, 0xFF, 0x74, 0x10, 0x0F, 0xB6, 0xC1, 0xC1, 0xE0, 0x18, 0x81,
		0xE2, 0xFF, 0xFF, 0xFF, 0x00, 0x03, 0xC2, 0xEB, 0x06, 0x33, 0xC0, 0xEB, 0x02, 0x8B, 0xC2, 0x6A,
		0x00, 0x68, 0x1C, 0x30, 0xB0, 0x00, 0x68, 0x9C, 0x2F, 0xB0, 0x00, 0x6A, 0x00, 0x50, 0x89, 0x44,
		0x24, 0x38, 0xE8, 0x09, 0x86, 0x00, 0x00, 0x83, 0xC4, 0x04, 0x50, 0xE8, 0x96, 0x06, 0x52, 0x00,
		0x83, 0xC4, 0x14, 0x85, 0xC0, 0x74, 0x0E, 0x8B, 0x0D, 0xA0, 0x33, 0xB3, 0x00, 0x50, 0xE8, 0x8D,
		0x05, 0xFE, 0xFF, 0xEB, 0x05, 0xC6, 0x44, 0x24, 0x64, 0x00, 0x8B, 0x47, 0x04, 0x53, 0x8D, 0x4C,
		0x24, 0x38, 0x51, 0x6A, 0x04, 0x8D, 0x54, 0x24, 0x28, 0x52, 0x57, 0x89, 0x5C, 0x24, 0x48, 0xFF,
		0xD0, 0x8B, 0x47, 0x04, 0x53, 0x8D, 0x4C, 0x24, 0x4C, 0x51, 0x6A, 0x04, 0x8D, 0x54, 0x24, 0x48,
		0x52, 0x57, 0x89, 0x5C, 0x24, 0x5C, 0xFF, 0xD0, 0x8B, 0x47, 0x04, 0x53, 0x8D, 0x4C, 0x24, 0x60,
		0x51, 0x6A, 0x04, 0x8D, 0x54, 0x24, 0x4C, 0x52, 0x57, 0x89, 0x5C, 0x24, 0x70, 0xFF, 0xD0, 0x8B,
		0x4C, 0x24, 0x54, 0x8B, 0x56, 0x4C, 0x8B, 0xC1, 0x83, 0xC4, 0x3C, 0xC1, 0xE8, 0x18, 0x85, 0xD2,
		0x74, 0x28, 0x3C, 0xFF, 0x74, 0x24, 0x3A, 0x46, 0x48, 0x73, 0x1B, 0x0F, 0xB6, 0xC0, 0x8A, 0x14,
		0x10, 0x80, 0xFA, 0xFF, 0x74, 0x10, 0x0F, 0xB6, 0xC2, 0xC1, 0xE0, 0x18, 0x81, 0xE1, 0xFF, 0xFF,
		0xFF, 0x00, 0x03, 0xC1, 0xEB, 0x06, 0x33, 0xC0, 0xEB, 0x02, 0x8B, 0xC1, 0x6A, 0x01, 0x8D, 0x4C,
		0x24, 0x38, 0x51, 0x6A, 0x0C, 0x8D, 0x54, 0x24, 0x48, 0x52, 0x89, 0x44, 0x24, 0x28, 0x8B, 0x47,
		0x04, 0x57, 0x89, 0x5C, 0x24, 0x48, 0xFF, 0xD0, 0x8B, 0x4C, 0x24, 0x50, 0x8B, 0x54, 0x24, 0x54,
		0x83, 0xC4, 0x08, 0x8B, 0xC4, 0x89, 0x08, 0x8B, 0x4C, 0x24, 0x50, 0x89, 0x50, 0x04, 0x89, 0x48,
		0x08, 0x8B, 0x0D, 0xC4, 0x33, 0xB3, 0x00, 0xE8, 0x04, 0x5D, 0x07, 0x00, 0x8B, 0x54, 0x24, 0x18,
		0x52, 0xE8, 0x1A, 0x85, 0x00, 0x00, 0x6A, 0x00, 0x68, 0x38, 0x30, 0xB0, 0x00, 0x68, 0x9C, 0x2F,
		0xB0, 0x00, 0x8B, 0xE8, 0x6A, 0x00, 0x55, 0xE8, 0x9A, 0x05, 0x52, 0x00, 0x6A, 0x00, 0x68, 0x1C,
		0x30, 0xB0, 0x00, 0x68, 0x9C, 0x2F, 0xB0, 0x00, 0x6A, 0x00, 0x55, 0x8B, 0xD8, 0xE8, 0x84, 0x05,
		0x52, 0x00, 0x83, 0xC4, 0x2C, 0x85, 0xC0, 0x89, 0x44, 0x24, 0x30, 0x75, 0x08, 0x85, 0xDB, 0x75,
		0x04, 0x88, 0x5C, 0x24, 0x64, 0x8B, 0x0D, 0xC4, 0x33, 0xB3, 0x00, 0xE8, 0x90, 0xD6, 0x18, 0x00,
		0x8B, 0x6C, 0x24, 0x30, 0x55, 0x6A, 0x00, 0xE8, 0x44, 0x08, 0x02, 0x00, 0x8B, 0x4C, 0x24, 0x44,
		0x8B, 0x54, 0x24, 0x48, 0x83, 0xC4, 0x08, 0x55, 0x53, 0x83, 0xEC, 0x0C, 0x8B, 0xC4, 0x89, 0x08,
		0x8B, 0x4C, 0x24, 0x58, 0x89, 0x50, 0x04, 0x89, 0x48, 0x08, 0x8B, 0xCE, 0xE8, 0xCF, 0x75, 0xFF,
		0xFF, 0x84, 0xC0, 0x74, 0x35, 0x8B, 0x0D, 0x98, 0x3A, 0xB3, 0x00, 0x6A, 0xFD, 0xE8, 0xEE, 0x4F,
		0xFE, 0xFF, 0x6A, 0x00, 0xE8, 0xB7, 0xAB, 0x14, 0x00, 0x83, 0xC4, 0x04, 0x8B, 0xCE, 0xE8, 0x7D,
		0xBE, 0xFF, 0xFF, 0x6A, 0x00, 0xE8, 0xA6, 0xAB, 0x14, 0x00, 0x8B, 0x0D, 0x98, 0x3A, 0xB3, 0x00,
		0x83, 0xC4, 0x04, 0x6A, 0xFE, 0xE8, 0xC6, 0x4F, 0xFE, 0xFF, 0x80, 0x7C, 0x24, 0x64, 0x00, 0x0F,
		0x84, 0x8E, 0x02, 0x00, 0x00, 0x85, 0xDB, 0x74, 0x70, 0x8B, 0x15, 0xA0, 0x33, 0xB3, 0x00, 0x8B,
		0x44, 0x24, 0x1C, 0x89, 0x42, 0x20, 0x8B, 0x4C, 0x24, 0x28, 0x8B, 0x15, 0xA0, 0x33, 0xB3, 0x00,
		0x89, 0x4A, 0x24, 0x83, 0x4E, 0x18, 0x10, 0x8B, 0x0D, 0xC4, 0x33, 0xB3, 0x00, 0xE8, 0x5E, 0x9E,
		0x28, 0x00, 0x3B, 0xC3, 0x0F, 0x84, 0x4A, 0x02, 0x00, 0x00, 0x8B, 0x0D, 0xC4, 0x33, 0xB3, 0x00,
		0x8B, 0x51, 0x20, 0x6A, 0x00, 0x53, 0x83, 0xEC, 0x0C, 0x8B, 0xC4, 0x89, 0x10, 0x8B, 0x51, 0x24,
		0x89, 0x50, 0x04, 0x8B, 0x51, 0x28, 0x89, 0x50, 0x08, 0x8B, 0x51, 0x2C, 0x83, 0xEC, 0x0C, 0x8B,
		0xC4, 0x89, 0x10, 0x8B, 0x51, 0x30, 0x89, 0x50, 0x04, 0x8B, 0x51, 0x34, 0x89, 0x50, 0x08, 0xE8,
		0x8C, 0xBC, 0x20, 0x00, 0xE9, 0x0B, 0x02, 0x00, 0x00, 0x85, 0xED, 0x0F, 0x84, 0x07, 0x02, 0x00,
		0x00, 0x8B, 0x0D, 0xC4, 0x33, 0xB3, 0x00, 0x8B, 0x01, 0x8B, 0x90, 0x74, 0x01, 0x00, 0x00, 0xFF,
		0xD2, 0x8B, 0x08, 0x8B, 0x50, 0x04, 0x8B, 0x40, 0x08, 0x89, 0x4C, 0x24, 0x54, 0x8B, 0xCD, 0x89,
		0x54, 0x24, 0x58, 0x89, 0x44, 0x24, 0x5C, 0xE8, 0xC4, 0xC2, 0x08, 0x00, 0x84, 0xC0, 0x0F, 0x84,
		0xA8, 0x00, 0x00, 0x00, 0x80, 0x3D, 0x58, 0x4F, 0xB1, 0x00, 0x00, 0x0F, 0x84, 0x9B, 0x00, 0x00,
		0x00, 0xD9, 0x44, 0x24, 0x58, 0x83, 0xEC, 0x08, 0xD9, 0x5C, 0x24, 0x04, 0x8D, 0x4C, 0x24, 0x3C,
		0xD9, 0x44, 0x24, 0x5C, 0xD9, 0x1C, 0x24, 0xE8, 0xA4, 0x3A, 0x04, 0x00, 0x8B, 0x0D, 0x98, 0x3A,
		0xB3, 0x00, 0x8B, 0x81, 0xBC, 0x00, 0x00, 0x00, 0x85, 0xC0, 0xC6, 0x44, 0x24, 0x13, 0x00, 0x74,
		0x61, 0x8D, 0x58, 0x04, 0x85, 0xDB, 0x74, 0x5A, 0x8B, 0x03, 0x85, 0xC0, 0x74, 0x4D, 0x8B, 0x48,
		0x08, 0x8B, 0xD1, 0xC1, 0xEA, 0x06, 0xF6, 0xC2, 0x01, 0x74, 0x39, 0xC1, 0xE9, 0x05, 0xF6, 0xC1,
		0x01, 0x75, 0x31, 0x8B, 0x4C, 0x24, 0x30, 0x39, 0x48, 0x20, 0x75, 0x28, 0x8B, 0x68, 0x1C, 0x85,
		0xED, 0x74, 0x21, 0x8B, 0x4D, 0x00, 0x85, 0xC9, 0x74, 0x1A, 0x8D, 0x54, 0x24, 0x34, 0x52, 0xE8,
		0x0C, 0x44, 0x04, 0x00, 0x84, 0xC0, 0x74, 0x05, 0xC6, 0x44, 0x24, 0x13, 0x01, 0x8B, 0x6D, 0x04,
		0x85, 0xED, 0x75, 0xDF, 0x8B, 0x5B, 0x04, 0x85, 0xDB, 0x75, 0xAD, 0x80, 0x7C, 0x24, 0x13, 0x00,
		0x75, 0x0A, 0xC6, 0x44, 0x24, 0x64, 0x00, 0xE9, 0x37, 0x01, 0x00, 0x00, 0x8B, 0x44, 0x24, 0x1C,
		0x8B, 0x4C, 0x24, 0x28, 0x83, 0x4E, 0x18, 0x10, 0xC1, 0xE0, 0x0C, 0x89, 0x44, 0x24, 0x34, 0xDB,
		0x44, 0x24, 0x34, 0xC1, 0xE1, 0x0C, 0x89, 0x4C, 0x24, 0x34, 0x8B, 0x0D, 0xA0, 0x33, 0xB3, 0x00,
		0xD9, 0x5C, 0x24, 0x48, 0xDB, 0x44, 0x24, 0x34, 0x6A, 0x00, 0x8D, 0x54, 0x24, 0x4C, 0x52, 0xD9,
		0x5C, 0x24, 0x54, 0xD9, 0xEE, 0xD9, 0x5C, 0x24, 0x58, 0xE8, 0x22, 0x20, 0xFE, 0xFF, 0xD9, 0x44,
		0x24, 0x54, 0xDB, 0x5C, 0x24, 0x34, 0x8B, 0x6C, 0x24, 0x34, 0xC1, 0xFD, 0x0C, 0xD9, 0x44, 0x24,
		0x58, 0xDB, 0x5C, 0x24, 0x34, 0x8B, 0x44, 0x24, 0x30, 0x8B, 0x5C, 0x24, 0x34, 0x8B, 0x0D, 0x98,
		0x3A, 0xB3, 0x00, 0x6A, 0x00, 0x50, 0xC1, 0xFB, 0x0C, 0x53, 0x55, 0xE8, 0x80, 0x47, 0xFE, 0xFF,
		0x85, 0xC0, 0x89, 0x44, 0x24, 0x34, 0x74, 0x0B, 0x8B, 0xC8, 0xE8, 0xC1, 0x77, 0x06, 0x00, 0x85,
		0xC0, 0x75, 0x4A, 0x8B, 0x0D, 0xC4, 0x33, 0xB3, 0x00, 0xE8, 0xA2, 0x9C, 0x28, 0x00, 0x85, 0xC0,
		0x74, 0x13, 0x8B, 0x0D, 0xC4, 0x33, 0xB3, 0x00, 0x51, 0xE8, 0x92, 0x9C, 0x28, 0x00, 0x8B, 0xC8,
		0xE8, 0xDB, 0xBC, 0x06, 0x00, 0x8D, 0x4C, 0x24, 0x48, 0x51, 0x8B, 0x0D, 0xA0, 0x33, 0xB3, 0x00,
		0xE8, 0x0B, 0x2A, 0xFE, 0xFF, 0x8B, 0x54, 0x24, 0x30, 0x8B, 0x0D, 0x98, 0x3A, 0xB3, 0x00, 0x6A,
		0x01, 0x52, 0x53, 0x55, 0xE8, 0x27, 0x47, 0xFE, 0xFF, 0x89, 0x44, 0x24, 0x34, 0x8B, 0x44, 0x24,
		0x34, 0x85, 0xC0, 0x74, 0x4A, 0x81, 0x4E, 0x18, 0x00, 0x00, 0x08, 0x00, 0x8B, 0x0D, 0xC4, 0x33,
		0xB3, 0x00, 0x8B, 0x51, 0x20, 0x6A, 0x00, 0x50, 0x83, 0xEC, 0x0C, 0x8B, 0xC4, 0x89, 0x10, 0x8B,
		0x51, 0x24, 0x89, 0x50, 0x04, 0x8B, 0x51, 0x28, 0x89, 0x50, 0x08, 0x8B, 0x51, 0x2C, 0x83, 0xEC,
		0x0C, 0x8B, 0xC4, 0x89, 0x10, 0x8B, 0x51, 0x30, 0x89, 0x50, 0x04, 0x8B, 0x51, 0x34, 0x89, 0x50,
		0x08, 0xE8, 0x8A, 0xBA, 0x20, 0x00, 0x81, 0x66, 0x18, 0xFF, 0xFF, 0xF7, 0xFF, 0xEB, 0x05, 0xC6,
		0x44, 0x24, 0x64, 0x00, 0x83, 0x66, 0x18, 0xEF, 0x80, 0x7C, 0x24, 0x64, 0x00, 0x0F, 0x85, 0x98,
		0x00, 0x00, 0x00, 0xA1, 0xB4, 0x5B, 0xB0, 0x00, 0x6A, 0x10, 0x6A, 0x00, 0x50, 0xE8, 0x04, 0xFB,
		0x51, 0x00, 0x83, 0xC4, 0x0C, 0x6A, 0x00, 0x68, 0x38, 0x30, 0xB0, 0x00, 0x68, 0x9C, 0x2F, 0xB0,
		0x00, 0x6A, 0x00, 0x50, 0xE8, 0xA7, 0x81, 0x00, 0x00, 0x83, 0xC4, 0x04, 0x50, 0xE8, 0x34, 0x02,
		0x52, 0x00, 0x83, 0xC4, 0x14, 0x85, 0xC0, 0x75, 0x54, 0x50, 0x68, 0x1C, 0x30, 0xB0, 0x00, 0x68,
		0x9C, 0x2F, 0xB0, 0x00, 0x50, 0x6A, 0x3C, 0xE8, 0x84, 0x81, 0x00, 0x00, 0x83, 0xC4, 0x04, 0x50,
		0xE8, 0x11, 0x02, 0x52, 0x00, 0x8B, 0xD8, 0x83, 0xC4, 0x14, 0x85, 0xDB, 0x74, 0x3D, 0x6A, 0x00,
		0x6A, 0x00, 0x8B, 0xCB, 0xE8, 0x97, 0xCD, 0x08, 0x00, 0x85, 0xC0, 0x75, 0x20, 0x50, 0x50, 0x8B,
		0xCB, 0xE8, 0x3A, 0xE5, 0x08, 0x00, 0x85, 0xC0, 0x75, 0x13, 0x8B, 0x0D, 0x98, 0x3A, 0xB3, 0x00,
		0x53, 0x50, 0x50, 0x50, 0xE8, 0xC7, 0x40, 0xFE, 0xFF, 0x85, 0xC0, 0x74, 0x0E, 0x8B, 0x0D, 0xC4,
		0x33, 0xB3, 0x00, 0x50, 0x6A, 0x00, 0xE8, 0x75, 0xCC, 0x20, 0x00, 0x57, 0x8B, 0xCE, 0xE8, 0x4D,
		0xC8, 0xFF, 0xFF, 0x83, 0x4E, 0x18, 0x10, 0x8B, 0x0D, 0xA0, 0x33, 0xB3, 0x00, 0xE8, 0xCE, 0x01,
		0xFE, 0xFF, 0x83, 0x66, 0x18, 0xEF, 0x8B, 0x47, 0x04, 0xBD, 0x01, 0x00, 0x00, 0x00, 0x55, 0x8D,
		0x4C, 0x24, 0x38, 0x51, 0x6A, 0x02, 0x8D, 0x54, 0x24, 0x20, 0x52, 0x57, 0x89, 0x6C, 0x24, 0x48,
		0xFF, 0xD0, 0x66, 0x8B, 0x44, 0x24, 0x28, 0x83, 0xC4, 0x14, 0x66, 0x85, 0xC0, 0x74, 0x77, 0x8B,
		0x4E, 0x40, 0x85, 0xC9, 0x74, 0x13, 0x0F, 0xB7, 0xD0, 0x68, 0x5C, 0xAF, 0xA3, 0x00, 0x52, 0xE8,
		0x3C, 0x00, 0xFF, 0xFF, 0x66, 0x8B, 0x44, 0x24, 0x14, 0x0F, 0xB7, 0xC0, 0x55, 0x50, 0xB9, 0x20,
		0x20, 0xB0, 0x00, 0xE8, 0x98, 0xEC, 0xF9, 0xFF, 0x85, 0xC0, 0x89, 0x46, 0x14, 0x75, 0x0D, 0x68,
		0xD4, 0x90, 0xA3, 0x00, 0xE8, 0x27, 0x1D, 0xFA, 0xFF, 0x83, 0xC4, 0x04, 0x0F, 0xB7, 0x4C, 0x24,
		0x14, 0x8B, 0x5E, 0x14, 0x8B, 0x57, 0x04, 0x55, 0x8D, 0x44, 0x24, 0x38, 0x50, 0x51, 0x53, 0x57,
		0x89, 0x6C, 0x24, 0x48, 0xFF, 0xD2, 0x8B, 0x0D, 0xA0, 0x33, 0xB3, 0x00, 0x83, 0xC4, 0x14, 0xE8,
		0xBC, 0xE0, 0xFD, 0xFF, 0x53, 0xB9, 0x20, 0x20, 0xB0, 0x00, 0xE8, 0x71, 0xEC, 0xF9, 0xFF, 0xC7,
		0x46, 0x14, 0x00, 0x00, 0x00, 0x00, 0xB9, 0x00, 0xBD, 0xB3, 0x00, 0xE8, 0xA0, 0x40, 0x21, 0x00,
		0xB9, 0x00, 0xBD, 0xB3, 0x00, 0xE8, 0xA6, 0x7C, 0x21, 0x00, 0x8B, 0x57, 0x04, 0x55, 0x8D, 0x44,
		0x24, 0x38, 0x50, 0x6A, 0x02, 0x8D, 0x4C, 0x24, 0x20, 0x51, 0x57, 0x89, 0x6C, 0x24, 0x48, 0xFF,
		0xD2, 0x66, 0x8B, 0x44, 0x24, 0x28, 0x83, 0xC4, 0x14, 0x66, 0x85, 0xC0, 0x74, 0x76, 0x8B, 0x4E,
		0x40, 0x85, 0xC9, 0x74, 0x13, 0x0F, 0xB7, 0xC0, 0x68, 0x48, 0xAF, 0xA3, 0x00, 0x50, 0xE8, 0x8D,
		0xFF, 0xFE, 0xFF, 0x66, 0x8B, 0x44, 0x24, 0x14, 0x0F, 0xB7, 0xC0, 0x55, 0x50, 0xB9, 0x20, 0x20,
		0xB0, 0x00, 0xE8, 0xE9, 0xEB, 0xF9, 0xFF, 0x85, 0xC0, 0x89, 0x46, 0x14, 0x75, 0x0D, 0x68, 0xD4,
		0x90, 0xA3, 0x00, 0xE8, 0x78, 0x1C, 0xFA, 0xFF, 0x83, 0xC4, 0x04, 0x0F, 0xB7, 0x54, 0x24, 0x14,
		0x8B, 0x5E, 0x14, 0x8B, 0x47, 0x04, 0x55, 0x8D, 0x4C, 0x24, 0x38, 0x51, 0x52, 0x53, 0x57, 0x89,
		0x6C, 0x24, 0x48, 0xFF, 0xD0, 0x83, 0xC4, 0x14, 0xB9, 0x00, 0xBD, 0xB3, 0x00, 0xE8, 0x7E, 0x3E,
		0x21, 0x00, 0x53, 0xB9, 0x20, 0x20, 0xB0, 0x00, 0xE8, 0xC3, 0xEB, 0xF9, 0xFF, 0xC7, 0x46, 0x14,
		0x00, 0x00, 0x00, 0x00, 0x8B, 0x47, 0x04, 0x55, 0x8D, 0x4C, 0x24, 0x38, 0x51, 0x6A, 0x02, 0x8D,
		0x54, 0x24, 0x20, 0x52, 0x57, 0x89, 0x6C, 0x24, 0x48, 0xFF, 0xD0, 0x66, 0x8B, 0x44, 0x24, 0x28,
		0x83, 0xC4, 0x14, 0x66, 0x85, 0xC0, 0x74, 0x76, 0x8B, 0x4E, 0x40, 0x85, 0xC9, 0x74, 0x13, 0x0F,
		0xB7, 0xD0, 0x68, 0x34, 0xAF, 0xA3, 0x00, 0x52, 0xE8, 0xF3, 0xFE, 0xFE, 0xFF, 0x66, 0x8B, 0x44,
		0x24, 0x14, 0x0F, 0xB7, 0xC0, 0x55, 0x50, 0xB9, 0x20, 0x20, 0xB0, 0x00, 0xE8, 0x4F, 0xEB, 0xF9,
		0xFF, 0x85, 0xC0, 0x89, 0x46, 0x14, 0x75, 0x0D, 0x68, 0xD4, 0x90, 0xA3, 0x00, 0xE8, 0xDE, 0x1B,
		0xFA, 0xFF, 0x83, 0xC4, 0x04, 0x0F, 0xB7, 0x4C, 0x24, 0x14, 0x8B, 0x5E, 0x14, 0x8B, 0x57, 0x04,
		0x55, 0x8D, 0x44, 0x24, 0x38, 0x50, 0x51, 0x53, 0x57, 0x89, 0x6C, 0x24, 0x48, 0xFF, 0xD2, 0x83,
		0xC4, 0x14, 0xB9, 0xB0, 0xBD, 0xB3, 0x00, 0xE8, 0x34, 0x9D, 0x21, 0x00, 0x53, 0xB9, 0x20, 0x20,
		0xB0, 0x00, 0xE8, 0x29, 0xEB, 0xF9, 0xFF, 0xC7, 0x46, 0x14, 0x00, 0x00, 0x00, 0x00, 0x8B, 0x57,
		0x04, 0x55, 0x8D, 0x44, 0x24, 0x38, 0x50, 0x6A, 0x02, 0x8D, 0x4C, 0x24, 0x20, 0x51, 0x57, 0x89,
		0x6C, 0x24, 0x48, 0xFF, 0xD2, 0x66, 0x8B, 0x44, 0x24, 0x28, 0x83, 0xC4, 0x14, 0x66, 0x85, 0xC0,
		0x0F, 0x84, 0x7F, 0x00, 0x00, 0x00, 0x8B, 0x4E, 0x40, 0x85, 0xC9, 0x74, 0x13, 0x0F, 0xB7, 0xC0,
		0x68, 0x28, 0xAF, 0xA3, 0x00, 0x50, 0xE8, 0x55, 0xFE, 0xFE, 0xFF, 0x66, 0x8B, 0x44, 0x24, 0x14,
		0x0F, 0xB7, 0xC0, 0x55, 0x50, 0xB9, 0x20, 0x20, 0xB0, 0x00, 0xE8, 0xB1, 0xEA, 0xF9, 0xFF, 0x85,
		0xC0, 0x89, 0x46, 0x14, 0x75, 0x0D, 0x68, 0xD4, 0x90, 0xA3, 0x00, 0xE8, 0x40, 0x1B, 0xFA, 0xFF,
		0x83, 0xC4, 0x04, 0x0F, 0xB7, 0x54, 0x24, 0x14, 0x8B, 0x5E, 0x14, 0x8B, 0x47, 0x04, 0x55, 0x8D,
		0x4C, 0x24, 0x38, 0x51, 0x52, 0x53, 0x57, 0x89, 0x6C, 0x24, 0x48, 0xFF, 0xD0, 0x83, 0xC4, 0x14,
		0x80, 0x7C, 0x24, 0x64, 0x00, 0x74, 0x0C, 0xE8, 0xF4, 0xFA, 0x0D, 0x00, 0x8B, 0xC8, 0xE8, 0x0D,
		0x04, 0x0E, 0x00, 0x53, 0xB9, 0x20, 0x20, 0xB0, 0x00, 0xE8, 0x82, 0xEA, 0xF9, 0xFF, 0xC7, 0x46,
		0x14, 0x00, 0x00, 0x00, 0x00, 0x8B, 0x47, 0x04, 0x8B, 0x1D, 0x0C, 0xB9, 0xB3, 0x00, 0x55, 0x8D,
		0x4C, 0x24, 0x68, 0x51, 0x6A, 0x04, 0x8D, 0x54, 0x24, 0x38, 0x52, 0x57, 0x89, 0x6C, 0x24, 0x78,
		0xFF, 0xD0, 0x8B, 0x44, 0x24, 0x40, 0x83, 0xC4, 0x14, 0x85, 0xC0, 0xA3, 0x0C, 0xB9, 0xB3, 0x00,
		0x74, 0x21, 0x85, 0xDB, 0x75, 0x52, 0x8B, 0x0D, 0x98, 0x33, 0xB3, 0x00, 0x8B, 0x49, 0x24, 0x85,
		0xC9, 0x74, 0x45, 0xD9, 0xE8, 0x51, 0xD9, 0x1C, 0x24, 0x53, 0x6A, 0x04, 0xE8, 0xFF, 0x98, 0x24,
		0x00, 0xEB, 0x35, 0x85, 0xDB, 0x74, 0x31, 0x8B, 0x15, 0x98, 0x33, 0xB3, 0x00, 0x8B, 0x5A, 0x24,
		0x85, 0xDB, 0x74, 0x24, 0x6A, 0x00, 0x6A, 0x00, 0x68, 0xFF, 0xFF, 0x00, 0x00, 0x8B, 0xCB, 0xE8,
		0x2C, 0x7D, 0x24, 0x00, 0x6A, 0x00, 0x6A, 0x00, 0x6A, 0x00, 0x8B, 0xCB, 0xE8, 0x1F, 0x7D, 0x24,
		0x00, 0x8B, 0xCB, 0xE8, 0xD8, 0x7F, 0x24, 0x00, 0x57, 0x8B, 0xCE, 0xE8, 0xC0, 0xDE, 0xFF, 0xFF,
		0x8B, 0x57, 0x04, 0x55, 0x8D, 0x44, 0x24, 0x68, 0x50, 0x6A, 0x02, 0x8D, 0x4C, 0x24, 0x20, 0x51,
		0x57, 0x89, 0x6C, 0x24, 0x78, 0xFF, 0xD2, 0x66, 0x8B, 0x44, 0x24, 0x28, 0x83, 0xC4, 0x14, 0x66,
		0x85, 0xC0, 0x74, 0x71, 0x8B, 0x4E, 0x40, 0x85, 0xC9, 0x74, 0x13, 0x0F, 0xB7, 0xC0, 0x68, 0x1C,
		0xAF, 0xA3, 0x00, 0x50, 0xE8, 0x27, 0xFD, 0xFE, 0xFF, 0x66, 0x8B, 0x44, 0x24, 0x14, 0x0F, 0xB7,
		0xC0, 0x55, 0x50, 0xB9, 0x20, 0x20, 0xB0, 0x00, 0xE8, 0x83, 0xE9, 0xF9, 0xFF, 0x85, 0xC0, 0x89,
		0x46, 0x14, 0x75, 0x0D, 0x68, 0xD4, 0x90, 0xA3, 0x00, 0xE8, 0x12, 0x1A, 0xFA, 0xFF, 0x83, 0xC4,
		0x04, 0x0F, 0xB7, 0x54, 0x24, 0x14, 0x8B, 0x5E, 0x14, 0x8B, 0x47, 0x04, 0x55, 0x8D, 0x4C, 0x24,
		0x68, 0x51, 0x52, 0x53, 0x57, 0x89, 0x6C, 0x24, 0x78, 0xFF, 0xD0, 0x83, 0xC4, 0x14, 0xE8, 0x4D,
		0xDF, 0x15, 0x00, 0x53, 0xB9, 0x20, 0x20, 0xB0, 0x00, 0xE8, 0x62, 0xE9, 0xF9, 0xFF, 0xC7, 0x46,
		0x14, 0x00, 0x00, 0x00, 0x00, 0x8B, 0x0D, 0x00, 0x3B, 0xB3, 0x00, 0x80, 0x79, 0x7C, 0x21, 0x0F,
		0x82, 0x95, 0x00, 0x00, 0x00, 0x8B, 0x4F, 0x04, 0x55, 0x8D, 0x54, 0x24, 0x68, 0x52, 0x6A, 0x02,
		0x8D, 0x44, 0x24, 0x20, 0x50, 0x57, 0x89, 0x6C, 0x24, 0x78, 0xFF, 0xD1, 0x66, 0x8B, 0x44, 0x24,
		0x28, 0x83, 0xC4, 0x14, 0x66, 0x85, 0xC0, 0x74, 0x71, 0x8B, 0x4E, 0x40, 0x85, 0xC9, 0x74, 0x13,
		0x0F, 0xB7, 0xD0, 0x68, 0x10, 0xAF, 0xA3, 0x00, 0x52, 0xE8, 0x82, 0xFC, 0xFE, 0xFF, 0x66, 0x8B,
		0x44, 0x24, 0x14, 0x0F, 0xB7, 0xC0, 0x55, 0x50, 0xB9, 0x20, 0x20, 0xB0, 0x00, 0xE8, 0xDE, 0xE8,
		0xF9, 0xFF, 0x85, 0xC0, 0x89, 0x46, 0x14, 0x75, 0x0D, 0x68, 0xD4, 0x90, 0xA3, 0x00, 0xE8, 0x6D,
		0x19, 0xFA, 0xFF, 0x83, 0xC4, 0x04, 0x0F, 0xB7, 0x4C, 0x24, 0x14, 0x8B, 0x5E, 0x14, 0x8B, 0x57,
		0x04, 0x55, 0x8D, 0x44, 0x24, 0x68, 0x50, 0x51, 0x53, 0x57, 0x89, 0x6C, 0x24, 0x78, 0xFF, 0xD2,
		0x83, 0xC4, 0x14, 0xE8, 0xE8, 0x55, 0x14, 0x00, 0x53, 0xB9, 0x20, 0x20, 0xB0, 0x00, 0xE8, 0xBD,
		0xE8, 0xF9, 0xFF, 0xC7, 0x46, 0x14, 0x00, 0x00, 0x00, 0x00, 0xA1, 0x00, 0x3B, 0xB3, 0x00, 0x80,
		0x78, 0x7C, 0x21, 0x73, 0x05, 0xE8, 0x06, 0x56, 0x14, 0x00, 0x8B, 0x0D, 0x00, 0x3B, 0xB3, 0x00,
		0x80, 0x79, 0x7C, 0x53, 0x0F, 0x82, 0x95, 0x00, 0x00, 0x00, 0x8B, 0x4F, 0x04, 0x55, 0x8D, 0x54,
		0x24, 0x68, 0x52, 0x6A, 0x02, 0x8D, 0x44, 0x24, 0x20, 0x50, 0x57, 0x89, 0x6C, 0x24, 0x78, 0xFF,
		0xD1, 0x66, 0x8B, 0x44, 0x24, 0x28, 0x83, 0xC4, 0x14, 0x66, 0x85, 0xC0, 0x74, 0x71, 0x8B, 0x4E,
		0x40, 0x85, 0xC9, 0x74, 0x13, 0x0F, 0xB7, 0xD0, 0x68, 0x04, 0xAF, 0xA3, 0x00, 0x52, 0xE8, 0xCD,
		0xFB, 0xFE, 0xFF, 0x66, 0x8B, 0x44, 0x24, 0x14, 0x0F, 0xB7, 0xC0, 0x55, 0x50, 0xB9, 0x20, 0x20,
		0xB0, 0x00, 0xE8, 0x29, 0xE8, 0xF9, 0xFF, 0x85, 0xC0, 0x89, 0x46, 0x14, 0x75, 0x0D, 0x68, 0xD4,
		0x90, 0xA3, 0x00, 0xE8, 0xB8, 0x18, 0xFA, 0xFF, 0x83, 0xC4, 0x04, 0x0F, 0xB7, 0x4C, 0x24, 0x14,
		0x8B, 0x5E, 0x14, 0x8B, 0x57, 0x04, 0x55, 0x8D, 0x44, 0x24, 0x68, 0x50, 0x51, 0x53, 0x57, 0x89,
		0x6C, 0x24, 0x78, 0xFF, 0xD2, 0x83, 0xC4, 0x14, 0xE8, 0xD3, 0x89, 0x11, 0x00, 0x53, 0xB9, 0x20,
		0x20, 0xB0, 0x00, 0xE8, 0x08, 0xE8, 0xF9, 0xFF, 0xC7, 0x46, 0x14, 0x00, 0x00, 0x00, 0x00, 0xA1,
		0x00, 0x3B, 0xB3, 0x00, 0x80, 0x78, 0x7C, 0x79, 0x0F, 0x82, 0x95, 0x00, 0x00, 0x00, 0x8B, 0x47,
		0x04, 0x55, 0x8D, 0x4C, 0x24, 0x68, 0x51, 0x6A, 0x02, 0x8D, 0x54, 0x24, 0x20, 0x52, 0x57, 0x89,
		0x6C, 0x24, 0x78, 0xFF, 0xD0, 0x66, 0x8B, 0x44, 0x24, 0x28, 0x83, 0xC4, 0x14, 0x66, 0x85, 0xC0,
		0x74, 0x71, 0x8B, 0x4E, 0x40, 0x85, 0xC9, 0x74, 0x13, 0x0F, 0xB7, 0xD0, 0x68, 0xFC, 0xAE, 0xA3,
		0x00, 0x52, 0xE8, 0x29, 0xFB, 0xFE, 0xFF, 0x66, 0x8B, 0x44, 0x24, 0x14, 0x0F, 0xB7, 0xC0, 0x55,
		0x50, 0xB9, 0x20, 0x20, 0xB0, 0x00, 0xE8, 0x85, 0xE7, 0xF9, 0xFF, 0x85, 0xC0, 0x89, 0x46, 0x14,
		0x75, 0x0D, 0x68, 0xD4, 0x90, 0xA3, 0x00, 0xE8, 0x14, 0x18, 0xFA, 0xFF, 0x83, 0xC4, 0x04, 0x0F,
		0xB7, 0x4C, 0x24, 0x14, 0x8B, 0x5E, 0x14, 0x8B, 0x57, 0x04, 0x55, 0x8D, 0x44, 0x24, 0x68, 0x50,
		0x51, 0x53, 0x57, 0x89, 0x6C, 0x24, 0x78, 0xFF, 0xD2, 0x83, 0xC4, 0x14, 0xE8, 0x2F, 0xFA, 0x03,
		0x00, 0x53, 0xB9, 0x20, 0x20, 0xB0, 0x00, 0xE8, 0x64, 0xE7, 0xF9, 0xFF, 0xC7, 0x46, 0x14, 0x00,
		0x00, 0x00, 0x00, 0x81, 0x66, 0x18, 0xFF, 0xBF, 0xFF, 0xFF, 0x5F, 0x5E, 0x5D, 0x5B, 0x83, 0xC4,
		0x50, 0xC2, 0x04, 0x00,
	};
	static const UInt32 kSaveReadGlobalValuesAddr = 0x45f970;
	static const UInt8 kSaveReadGlobalValuesAddrExpectedBytes[] = {
		0x55, 0x8B, 0xEC, 0x83, 0xE4, 0xC0, 0x83, 0xEC, 0x34, 0x53, 0x56, 0x8B, 0x35, 0x98, 0x3A, 0xB3,
		0x00, 0x33, 0xC0, 0x83, 0xC6, 0x74, 0x3B, 0xF0, 0x57, 0x8B, 0xF9, 0x89, 0x44, 0x24, 0x38, 0x89,
		0x44, 0x24, 0x3C, 0x74, 0x41, 0x8B, 0x1E, 0x85, 0xDB, 0x74, 0x34, 0x85, 0xC0, 0x74, 0x2A, 0x6A,
		0x08, 0xE8, 0x5A, 0x25, 0xFA, 0xFF, 0x83, 0xC4, 0x04, 0x85, 0xC0, 0x74, 0x0F, 0x8B, 0x4C, 0x24,
		0x38, 0x89, 0x08, 0xC7, 0x40, 0x04, 0x00, 0x00, 0x00, 0x00, 0xEB, 0x02, 0x33, 0xC0, 0x8B, 0x54,
		0x24, 0x3C, 0x89, 0x50, 0x04, 0x89, 0x44, 0x24, 0x3C, 0x8B, 0xC3, 0x89, 0x44, 0x24, 0x38, 0x8B,
		0x76, 0x04, 0x85, 0xF6, 0x75, 0xBF, 0x8B, 0x75, 0x08, 0x8B, 0x56, 0x04, 0x6A, 0x01, 0x8D, 0x44,
		0x24, 0x34, 0x50, 0x6A, 0x02, 0x8D, 0x4C, 0x24, 0x38, 0x51, 0x56, 0xC7, 0x44, 0x24, 0x44, 0x01,
		0x00, 0x00, 0x00, 0xFF, 0xD2, 0x8B, 0x44, 0x24, 0x40, 0x8D, 0x0C, 0xC5, 0x00, 0x00, 0x00, 0x00,
		0x0F, 0xB7, 0xC1, 0x83, 0xC4, 0x14, 0x0F, 0xB7, 0xC0, 0x6A, 0x01, 0x50, 0xB9, 0x20, 0x20, 0xB0,
		0x00, 0x89, 0x44, 0x24, 0x38, 0xE8, 0x06, 0x24, 0xFA, 0xFF, 0x85, 0xC0, 0x89, 0x47, 0x14, 0x75,
		0x0D, 0x68, 0xD4, 0x90, 0xA3, 0x00, 0xE8, 0x95, 0x54, 0xFA, 0xFF, 0x83, 0xC4, 0x04, 0x8B, 0x44,
		0x24, 0x30, 0x8B, 0x5F, 0x14, 0x8B, 0x4E, 0x04, 0x6A, 0x01, 0x8D, 0x54, 0x24, 0x2C, 0x52, 0x50,
		0x53, 0x56, 0xC7, 0x44, 0x24, 0x3C, 0x01, 0x00, 0x00, 0x00, 0xFF, 0xD1, 0x33, 0xF6, 0x83, 0xC4,
		0x14, 0x66, 0x39, 0x74, 0x24, 0x2C, 0x0F, 0x86, 0x9C, 0x00, 0x00, 0x00, 0x8D, 0x64, 0x24, 0x00,
		0x6A, 0x04, 0x8D, 0x54, 0x24, 0x38, 0x52, 0x8B, 0xCF, 0xE8, 0x92, 0xBF, 0xFF, 0xFF, 0x8B, 0x47,
		0x14, 0x8B, 0x08, 0x89, 0x4C, 0x24, 0x28, 0xD9, 0x44, 0x24, 0x28, 0x83, 0xC0, 0x04, 0x83, 0xEC,
		0x08, 0xDD, 0x1C, 0x24, 0x89, 0x47, 0x14, 0xE8, 0x71, 0x45, 0x52, 0x00, 0x83, 0xC4, 0x08, 0x85,
		0xC0, 0x74, 0x16, 0xD9, 0x44, 0x24, 0x28, 0x83, 0xEC, 0x08, 0xDD, 0x1C, 0x24, 0xE8, 0x70, 0x45,
		0x52, 0x00, 0x83, 0xC4, 0x08, 0x85, 0xC0, 0x74, 0x06, 0xD9, 0xEE, 0xD9, 0x5C, 0x24, 0x28, 0x8B,
		0x54, 0x24, 0x34, 0x6A, 0x00, 0x68, 0xB4, 0x3D, 0xB0, 0x00, 0x68, 0x9C, 0x2F, 0xB0, 0x00, 0x6A,
		0x00, 0x52, 0xE8, 0x89, 0xB7, 0x00, 0x00, 0x83, 0xC4, 0x04, 0x50, 0xE8, 0x16, 0x38, 0x52, 0x00,
		0x83, 0xC4, 0x14, 0x85, 0xC0, 0x74, 0x11, 0xD9, 0x44, 0x24, 0x28, 0x50, 0x8D, 0x4C, 0x24, 0x3C,
		0xD9, 0x58, 0x24, 0xE8, 0x38, 0xCB, 0x1F, 0x00, 0x0F, 0xB7, 0x44, 0x24, 0x2C, 0x83, 0xC6, 0x01,
		0x3B, 0xF0, 0x0F, 0x8C, 0x68, 0xFF, 0xFF, 0xFF, 0x53, 0xB9, 0x20, 0x20, 0xB0, 0x00, 0xE8, 0x3D,
		0x23, 0xFA, 0xFF, 0xC7, 0x47, 0x14, 0x00, 0x00, 0x00, 0x00, 0x8D, 0x74, 0x24, 0x38, 0x8B, 0xFF,
		0x8B, 0x06, 0x85, 0xC0, 0x74, 0x0C, 0x6A, 0x00, 0x6A, 0x01, 0x50, 0x8B, 0xCF, 0xE8, 0xBE, 0xC2,
		0xFF, 0xFF, 0x8B, 0x76, 0x04, 0x85, 0xF6, 0x75, 0xE7, 0x8B, 0x7F, 0x40, 0x85, 0xFF, 0x74, 0x11,
		0x8B, 0x4C, 0x24, 0x30, 0x68, 0xE8, 0xAA, 0xA3, 0x00, 0x51, 0x8B, 0xCF, 0xE8, 0x6F, 0x36, 0xFF,
		0xFF, 0x5F, 0x5E, 0x5B, 0x8B, 0xE5, 0x5D, 0xC2, 0x04, 0x00,
	};
	static const UInt32 kSaveReadTempEffectsAddr = 0x45fc60;
	static const UInt8 kSaveReadTempEffectsAddrExpectedBytes[] = {
		0x51, 0xA1, 0x00, 0x3B, 0xB3, 0x00, 0xC7, 0x04, 0x24, 0x00, 0x00, 0x00, 0x00, 0x8A, 0x40, 0x7C,
		0x3C, 0x25, 0x56, 0x8B, 0xF1, 0x0F, 0x82, 0x16, 0x01, 0x00, 0x00, 0x3C, 0x27, 0x57, 0x8B, 0x7C,
		0x24, 0x10, 0x72, 0x1F, 0x8B, 0x47, 0x04, 0x6A, 0x01, 0x8D, 0x4C, 0x24, 0x14, 0x51, 0x6A, 0x04,
		0x8D, 0x54, 0x24, 0x14, 0x52, 0x57, 0xC7, 0x44, 0x24, 0x24, 0x01, 0x00, 0x00, 0x00, 0xFF, 0xD0,
		0x83, 0xC4, 0x14, 0x8B, 0x0D, 0x00, 0x3B, 0xB3, 0x00, 0x80, 0x79, 0x7C, 0x27, 0x73, 0x27, 0x8B,
		0x4F, 0x04, 0x6A, 0x01, 0x8D, 0x54, 0x24, 0x14, 0x52, 0x6A, 0x02, 0x8D, 0x44, 0x24, 0x14, 0x50,
		0x57, 0xC7, 0x44, 0x24, 0x1C, 0x00, 0x00, 0x00, 0x00, 0xC7, 0x44, 0x24, 0x24, 0x01, 0x00, 0x00,
		0x00, 0xFF, 0xD1, 0x83, 0xC4, 0x14, 0x8B, 0x44, 0x24, 0x08, 0x85, 0xC0, 0x0F, 0x84, 0xAE, 0x00,
		0x00, 0x00, 0x8B, 0x4E, 0x40, 0x85, 0xC9, 0x74, 0x0B, 0x68, 0x5C, 0xAB, 0xA3, 0x00, 0x50, 0xE8,
		0xBC, 0x34, 0xFF, 0xFF, 0x8B, 0x54, 0x24, 0x08, 0x6A, 0x01, 0x52, 0xB9, 0x20, 0x20, 0xB0, 0x00,
		0xE8, 0x1B, 0x21, 0xFA, 0xFF, 0x85, 0xC0, 0x89, 0x46, 0x14, 0x75, 0x0D, 0x68, 0xD4, 0x90, 0xA3,
		0x00, 0xE8, 0xAA, 0x51, 0xFA, 0xFF, 0x83, 0xC4, 0x04, 0xA1, 0x00, 0x3B, 0xB3, 0x00, 0x80, 0x78,
		0x7C, 0x5E, 0x55, 0x8B, 0x6E, 0x14, 0x72, 0x28, 0x8B, 0x54, 0x24, 0x0C, 0x8B, 0x47, 0x04, 0x6A,
		0x01, 0x8D, 0x4C, 0x24, 0x18, 0x51, 0x52, 0x55, 0x57, 0xC7, 0x44, 0x24, 0x28, 0x01, 0x00, 0x00,
		0x00, 0xFF, 0xD0, 0x83, 0xC4, 0x14, 0xB9, 0x00, 0xBD, 0xB3, 0x00, 0xE8, 0x00, 0x9B, 0x21, 0x00,
		0x8B, 0x0D, 0x00, 0x3B, 0xB3, 0x00, 0x80, 0x79, 0x7C, 0x5E, 0x8B, 0x44, 0x24, 0x0C, 0x73, 0x03,
		0x01, 0x46, 0x14, 0x8D, 0x14, 0x28, 0x3B, 0x56, 0x14, 0x74, 0x12, 0x8B, 0x0D, 0x90, 0x4D, 0xB3,
		0x00, 0x8B, 0x01, 0x8B, 0x50, 0x18, 0x68, 0x70, 0xAB, 0xA3, 0x00, 0xFF, 0xD2, 0x55, 0xB9, 0x20,
		0x20, 0xB0, 0x00, 0xE8, 0xB8, 0x20, 0xFA, 0xFF, 0xC7, 0x46, 0x14, 0x00, 0x00, 0x00, 0x00, 0x5D,
		0x5F, 0x5E, 0x59, 0xC2, 0x04, 0x00,
	};
	static const UInt32 kSaveReadArraysBodyAddr = 0x45e3d0;
	static const UInt8 kSaveReadArraysBodyAddrExpectedBytes[] = {
		0x81, 0xEC, 0x18, 0x01, 0x00, 0x00, 0xA1, 0xAC, 0x0A, 0xB3, 0x00, 0x33, 0xC4, 0x89, 0x84, 0x24,
		0x14, 0x01, 0x00, 0x00, 0x53, 0x8B, 0x9C, 0x24, 0x20, 0x01, 0x00, 0x00, 0x55, 0x56, 0x8B, 0xE9,
		0x8B, 0x45, 0x74, 0x57, 0x33, 0xFF, 0x33, 0xC9, 0x39, 0x78, 0x0C, 0x76, 0x11, 0x8D, 0x49, 0x00,
		0x8B, 0x50, 0x04, 0x89, 0x3C, 0x8A, 0x83, 0xC1, 0x01, 0x3B, 0x48, 0x0C, 0x72, 0xF2, 0x89, 0x78,
		0x0C, 0x89, 0x78, 0x10, 0x8B, 0x45, 0x78, 0x33, 0xC9, 0x39, 0x78, 0x0C, 0x76, 0x10, 0x8B, 0xFF,
		0x8B, 0x50, 0x04, 0x89, 0x3C, 0x8A, 0x83, 0xC1, 0x01, 0x3B, 0x48, 0x0C, 0x72, 0xF2, 0x89, 0x78,
		0x0C, 0x89, 0x78, 0x10, 0x8B, 0x53, 0x04, 0x6A, 0x01, 0x8D, 0x44, 0x24, 0x14, 0x50, 0x6A, 0x04,
		0x8D, 0x4C, 0x24, 0x28, 0x51, 0x53, 0xC7, 0x44, 0x24, 0x24, 0x01, 0x00, 0x00, 0x00, 0xFF, 0xD2,
		0x83, 0xC4, 0x14, 0x39, 0x7C, 0x24, 0x1C, 0x0F, 0x86, 0xC7, 0x00, 0x00, 0x00, 0x8D, 0x49, 0x00,
		0x8B, 0x53, 0x04, 0x6A, 0x01, 0x8D, 0x44, 0x24, 0x18, 0x50, 0x6A, 0x04, 0x8D, 0x4C, 0x24, 0x1C,
		0x51, 0x53, 0xC7, 0x44, 0x24, 0x28, 0x01, 0x00, 0x00, 0x00, 0xFF, 0xD2, 0x8B, 0x4C, 0x24, 0x24,
		0x8B, 0x55, 0x4C, 0x8B, 0xC1, 0x83, 0xC4, 0x14, 0xC1, 0xE8, 0x18, 0x85, 0xD2, 0x74, 0x28, 0x3C,
		0xFF, 0x74, 0x24, 0x3A, 0x45, 0x48, 0x73, 0x1B, 0x0F, 0xB6, 0xC0, 0x8A, 0x14, 0x10, 0x80, 0xFA,
		0xFF, 0x74, 0x10, 0x0F, 0xB6, 0xC2, 0xC1, 0xE0, 0x18, 0x81, 0xE1, 0xFF, 0xFF, 0xFF, 0x00, 0x03,
		0xC1, 0xEB, 0x06, 0x33, 0xC0, 0xEB, 0x02, 0x8B, 0xC1, 0x8B, 0x75, 0x74, 0x89, 0x44, 0x24, 0x10,
		0x3B, 0x7E, 0x08, 0x72, 0x0D, 0x8B, 0x4E, 0x14, 0x03, 0xCF, 0x51, 0x8B, 0xCE, 0xE8, 0x3E, 0x44,
		0xFF, 0xFF, 0x3B, 0x7E, 0x0C, 0x72, 0x13, 0x8D, 0x57, 0x01, 0x89, 0x56, 0x0C, 0x83, 0x7C, 0x24,
		0x10, 0x00, 0x74, 0x29, 0x83, 0x46, 0x10, 0x01, 0xEB, 0x23, 0x83, 0x7C, 0x24, 0x10, 0x00, 0x74,
		0x0F, 0x8B, 0x46, 0x04, 0x83, 0x3C, 0xB8, 0x00, 0x75, 0x13, 0x83, 0x46, 0x10, 0x01, 0xEB, 0x0D,
		0x8B, 0x4E, 0x04, 0x83, 0x3C, 0xB9, 0x00, 0x74, 0x04, 0x83, 0x46, 0x10, 0xFF, 0x8B, 0x56, 0x04,
		0x8B, 0x44, 0x24, 0x10, 0x89, 0x04, 0xBA, 0x83, 0xC7, 0x01, 0x3B, 0x7C, 0x24, 0x1C, 0x0F, 0x82,
		0x3C, 0xFF, 0xFF, 0xFF, 0x8B, 0x43, 0x04, 0x6A, 0x01, 0x8D, 0x4C, 0x24, 0x18, 0x51, 0x6A, 0x04,
		0x8D, 0x54, 0x24, 0x24, 0x52, 0x53, 0xC7, 0x44, 0x24, 0x28, 0x01, 0x00, 0x00, 0x00, 0xFF, 0xD0,
		0x33, 0xFF, 0x83, 0xC4, 0x14, 0x39, 0x7C, 0x24, 0x18, 0x0F, 0x86, 0xC5, 0x00, 0x00, 0x00, 0x90,
		0x8B, 0x43, 0x04, 0x6A, 0x01, 0x8D, 0x4C, 0x24, 0x18, 0x51, 0x6A, 0x04, 0x8D, 0x54, 0x24, 0x1C,
		0x52, 0x53, 0xC7, 0x44, 0x24, 0x28, 0x01, 0x00, 0x00, 0x00, 0xFF, 0xD0, 0x8B, 0x4C, 0x24, 0x24,
		0x8B, 0x55, 0x4C, 0x8B, 0xC1, 0x83, 0xC4, 0x14, 0xC1, 0xE8, 0x18, 0x85, 0xD2, 0x74, 0x28, 0x3C,
		0xFF, 0x74, 0x24, 0x3A, 0x45, 0x48, 0x73, 0x1B, 0x0F, 0xB6, 0xC0, 0x8A, 0x14, 0x10, 0x80, 0xFA,
		0xFF, 0x74, 0x10, 0x0F, 0xB6, 0xC2, 0xC1, 0xE0, 0x18, 0x81, 0xE1, 0xFF, 0xFF, 0xFF, 0x00, 0x03,
		0xC1, 0xEB, 0x06, 0x33, 0xC0, 0xEB, 0x02, 0x8B, 0xC1, 0x8B, 0x75, 0x78, 0x89, 0x44, 0x24, 0x10,
		0x3B, 0x7E, 0x08, 0x72, 0x0D, 0x8B, 0x4E, 0x14, 0x03, 0xCF, 0x51, 0x8B, 0xCE, 0xE8, 0x4E, 0x43,
		0xFF, 0xFF, 0x3B, 0x7E, 0x0C, 0x72, 0x13, 0x8D, 0x57, 0x01, 0x89, 0x56, 0x0C, 0x83, 0x7C, 0x24,
		0x10, 0x00, 0x74, 0x29, 0x83, 0x46, 0x10, 0x01, 0xEB, 0x23, 0x83, 0x7C, 0x24, 0x10, 0x00, 0x74,
		0x0F, 0x8B, 0x46, 0x04, 0x83, 0x3C, 0xB8, 0x00, 0x75, 0x13, 0x83, 0x46, 0x10, 0x01, 0xEB, 0x0D,
		0x8B, 0x4E, 0x04, 0x83, 0x3C, 0xB9, 0x00, 0x74, 0x04, 0x83, 0x46, 0x10, 0xFF, 0x8B, 0x56, 0x04,
		0x8B, 0x44, 0x24, 0x10, 0x89, 0x04, 0xBA, 0x83, 0xC7, 0x01, 0x3B, 0x7C, 0x24, 0x18, 0x0F, 0x82,
		0x3C, 0xFF, 0xFF, 0xFF, 0x83, 0x7D, 0x40, 0x00, 0x74, 0x60, 0x8B, 0x4C, 0x24, 0x1C, 0x51, 0x8D,
		0x54, 0x24, 0x24, 0x68, 0xCC, 0xA9, 0xA3, 0x00, 0x52, 0xE8, 0x5D, 0x3A, 0x52, 0x00, 0x8B, 0x4C,
		0x24, 0x28, 0x83, 0xC4, 0x0C, 0x8D, 0x44, 0x24, 0x20, 0x8D, 0x14, 0x8D, 0x04, 0x00, 0x00, 0x00,
		0x8B, 0x4D, 0x40, 0x50, 0x52, 0xE8, 0x66, 0x4B, 0xFF, 0xFF, 0x8B, 0x44, 0x24, 0x18, 0x50, 0x8D,
		0x4C, 0x24, 0x24, 0x68, 0xB4, 0xA9, 0xA3, 0x00, 0x51, 0xE8, 0x2D, 0x3A, 0x52, 0x00, 0x8B, 0x44,
		0x24, 0x24, 0x83, 0xC4, 0x0C, 0x8D, 0x54, 0x24, 0x20, 0x8D, 0x0C, 0x85, 0x04, 0x00, 0x00, 0x00,
		0x52, 0x51, 0x8B, 0x4D, 0x40, 0xE8, 0x36, 0x4B, 0xFF, 0xFF, 0x8B, 0x8C, 0x24, 0x24, 0x01, 0x00,
		0x00, 0x5F, 0x5E, 0x5D, 0x5B, 0x33, 0xCC, 0xE8, 0x56, 0x2B, 0x52, 0x00, 0x81, 0xC4, 0x18, 0x01,
		0x00, 0x00, 0xC2, 0x04, 0x00,
	};
	static const UInt32 kSaveReadCreatedPrefixAddr = 0x461310;
	static const UInt8 kSaveReadCreatedPrefixAddrExpectedBytes[] = {
		0x6A, 0xFF, 0x68, 0xDB, 0xE5, 0x9A, 0x00, 0x64, 0xA1, 0x00, 0x00, 0x00, 0x00, 0x50, 0x83, 0xEC,
		0x34, 0x53, 0x55, 0x56, 0x57, 0xA1, 0xAC, 0x0A, 0xB3, 0x00, 0x33, 0xC4, 0x50, 0x8D, 0x44, 0x24,
		0x48, 0x64, 0xA3, 0x00, 0x00, 0x00, 0x00, 0x8B, 0xF1, 0x89, 0x74, 0x24, 0x18, 0x33, 0xED, 0x39,
		0x6E, 0x2C, 0x74, 0x16, 0x8B, 0x46, 0x2C, 0x8B, 0x78, 0x04, 0x50, 0xE8, 0xD0, 0x0B, 0xFA, 0xFF,
		0x83, 0xC4, 0x04, 0x3B, 0xFD, 0x89, 0x7E, 0x2C, 0x75, 0xEA, 0x8B, 0x7C, 0x24, 0x58, 0x6A, 0x01,
		0x8D, 0x44, 0x24, 0x24, 0x50, 0x6A, 0x04, 0x8D, 0x4C, 0x24, 0x28, 0x51, 0x89, 0x6E, 0x28, 0x8B,
		0x57, 0x04, 0x57, 0xC7, 0x44, 0x24, 0x34, 0x01, 0x00, 0x00, 0x00, 0xFF, 0xD2, 0x83, 0xC4, 0x14,
		0x39, 0x6C, 0x24, 0x1C, 0x0F, 0x84, 0xAD, 0x01, 0x00, 0x00,
	};
	static const UInt32 kSaveReadRecordFlowAddr = 0x465b3f;
	static const UInt8 kSaveReadRecordFlowAddrExpectedBytes[] = {
		0x8B, 0x56, 0x04, 0x57, 0x8D, 0x44, 0x24, 0x40, 0x50, 0x6A, 0x04, 0x8D, 0x4C, 0x24, 0x3C, 0x51,
		0x56, 0xC6, 0x84, 0x24, 0x40, 0x03, 0x00, 0x00, 0x00, 0x89, 0x7C, 0x24, 0x50, 0xFF, 0xD2, 0x8B,
		0x56, 0x04, 0x57, 0x8D, 0x44, 0x24, 0x54, 0x50, 0x6A, 0x04, 0x8D, 0x4C, 0x24, 0x54, 0x51, 0x56,
		0x89, 0x7C, 0x24, 0x64, 0xFF, 0xD2, 0x83, 0xC4, 0x28, 0x83, 0x7C, 0x24, 0x30, 0x00, 0x75, 0x5E,
		0xA1, 0x98, 0x33, 0xB3, 0x00, 0x8B, 0x58, 0x10, 0xFF, 0x15, 0x8C, 0x80, 0xA2, 0x00, 0x3B, 0xC3,
		0x75, 0x06, 0x83, 0x65, 0x18, 0xFE, 0xEB, 0x07, 0x81, 0x65, 0x18, 0xFF, 0xFF, 0xFB, 0xFF, 0x81,
		0x65, 0x18, 0xFF, 0xF7, 0xFF, 0xFF, 0x56, 0x8B, 0xCD, 0xE8, 0x33, 0x49, 0xFF, 0xFF, 0x8B, 0x4D,
		0x6C, 0x85, 0xC9, 0x74, 0x06, 0x56, 0xE8, 0x66, 0x6A, 0x1F, 0x00, 0x8B, 0x16, 0x8B, 0x02, 0x57,
		0x8B, 0xCE, 0xFF, 0xD0, 0x8B, 0x4D, 0x04, 0x85, 0xC9, 0x74, 0x07, 0x8B, 0x11, 0x8B, 0x02, 0x57,
		0xFF, 0xD0, 0xC7, 0x45, 0x04, 0x00, 0x00, 0x00, 0x00, 0xE9, 0xAD, 0x0E, 0x00, 0x00, 0x8B, 0x15,
		0x10, 0x3A, 0xB3, 0x00, 0xC7, 0x42, 0x38, 0x05, 0x00, 0x00, 0x00, 0x8B, 0x0D, 0x10, 0x3A, 0xB3,
		0x00, 0xE8, 0x6B, 0xCC, 0xFC, 0xFF, 0x8B, 0xCD, 0xE8, 0x14, 0x3E, 0xFF, 0xFF, 0x8B, 0x7E, 0x30,
		0x83, 0xFF, 0xFF, 0x75, 0x06, 0x8B, 0xBE, 0x48, 0x01, 0x00, 0x00, 0x8B, 0x0D, 0xD0, 0x53, 0xA8,
		0x00, 0x8B, 0x95, 0x8C, 0x00, 0x00, 0x00, 0x03, 0x54, 0x24, 0x30, 0x8B, 0x06, 0x8B, 0x40, 0x0C,
		0x51, 0x52, 0x8B, 0xCE, 0xFF, 0xD0, 0x56, 0x8B, 0xCD, 0xE8, 0xA3, 0x87, 0xFF, 0xFF, 0xA1, 0xD0,
		0x53, 0xA8, 0x00, 0x8B, 0x16, 0x8B, 0x52, 0x0C, 0x50, 0x57, 0x8B, 0xCE, 0xFF, 0xD2, 0x8B, 0x0D,
		0x98, 0x3A, 0xB3, 0x00, 0x6A, 0xFE, 0xE8, 0x66, 0x21, 0xFE, 0xFF, 0x56, 0x8B, 0xCD, 0xE8, 0xCE,
		0xCE, 0xFF, 0xFF, 0x8B, 0x0D, 0x98, 0x3A, 0xB3, 0x00, 0x6A, 0xFF, 0xE8, 0x51, 0x21, 0xFE, 0xFF,
		0x33, 0xFF, 0x39, 0x7C, 0x24, 0x34, 0x89, 0x7C, 0x24, 0x3C, 0x89, 0x7C, 0x24, 0x68, 0x0F, 0x86,
		0x12, 0x0C, 0x00, 0x00, 0x6A, 0x00, 0xE8, 0x06, 0x7D, 0x14, 0x00, 0x8B, 0x56, 0x04, 0xBB, 0x01,
		0x00, 0x00, 0x00, 0x53, 0x8D, 0x44, 0x24, 0x20, 0x50, 0x6A, 0x0C, 0x8D, 0x4C, 0x24, 0x2C, 0x51,
		0x56, 0x89, 0x5C, 0x24, 0x30, 0xFF, 0xD2, 0x8B, 0x7C, 0x24, 0x34, 0x83, 0xC4, 0x18, 0x81, 0xFF,
		0xFF, 0xFF, 0xFF, 0xFE, 0x75, 0x5F, 0xD9, 0xEE, 0x8B, 0x56, 0x04, 0x53, 0xD9, 0x5C, 0x24, 0x1C,
		0x8D, 0x44, 0x24, 0x30, 0x50, 0x53, 0x8D, 0x4C, 0x24, 0x23, 0x51, 0x56, 0xC6, 0x44, 0x24, 0x2B,
		0x00, 0x89, 0x5C, 0x24, 0x40, 0xFF, 0xD2, 0x8B, 0x56, 0x04, 0x53, 0x8D, 0x44, 0x24, 0x44, 0x50,
		0x6A, 0x04, 0x8D, 0x4C, 0x24, 0x38, 0x51, 0x56, 0x89, 0x5C, 0x24, 0x54, 0xFF, 0xD2, 0xA1, 0xC4,
		0x33, 0xB3, 0x00, 0x8A, 0x4C, 0x24, 0x3F, 0x88, 0x88, 0x16, 0x01, 0x00, 0x00, 0xD9, 0x44, 0x24,
		0x40, 0x8B, 0x15, 0xC4, 0x33, 0xB3, 0x00, 0xD9, 0x9A, 0x00, 0x07, 0x00, 0x00, 0x83, 0xC4, 0x28,
		0xE9, 0x68, 0x0B, 0x00, 0x00, 0x57, 0x8B, 0xCD, 0xE8, 0x74, 0xC4, 0xFE, 0xFF, 0x85, 0xC0, 0x75,
		0x29, 0x57, 0x68, 0xF8, 0xB3, 0xA3, 0x00, 0xE8, 0x45, 0x1D, 0x04, 0x00, 0x8B, 0x0D, 0xD4, 0x53,
		0xA8, 0x00, 0x0F, 0xB7, 0x54, 0x24, 0x2E, 0x8B, 0x06, 0x8B, 0x40, 0x0C, 0x83, 0xC4, 0x08, 0x51,
		0x52, 0x8B, 0xCE, 0xFF, 0xD0, 0xE9, 0x33, 0x0B, 0x00, 0x00, 0x8B, 0x4C, 0x24, 0x25, 0x51, 0x8B,
		0xCD, 0x89, 0x44, 0x24, 0x20, 0xE8, 0xF7, 0x43, 0xFF, 0xFF, 0x8B, 0x54, 0x24, 0x1C, 0x52, 0x88,
		0x5C, 0x24, 0x1B, 0xE8, 0xF9, 0x54, 0x00, 0x00, 0x8B, 0xD8, 0x8B, 0x44, 0x24, 0x25, 0x83, 0xC4,
		0x04, 0xA8, 0x02, 0x0F, 0x84, 0x82, 0x03, 0x00, 0x00, 0xA8, 0x04, 0x0F, 0x84, 0x41, 0x01, 0x00,
		0x00, 0x8B, 0x0D, 0x00, 0x3B, 0xB3, 0x00, 0x33, 0xFF, 0x33, 0xDB, 0x80, 0x79, 0x7C, 0x5B, 0x89,
		0x7C, 0x24, 0x18, 0x89, 0x7C, 0x24, 0x2C, 0x72, 0x6C, 0xA9, 0x00, 0x00, 0x00, 0x04, 0x74, 0x22,
		0x6A, 0x04, 0x8D, 0x44, 0x24, 0x64, 0x50, 0x56, 0xE8, 0x64, 0x5D, 0xFF, 0xFF, 0x0F, 0xBE, 0x7C,
		0x24, 0x62, 0x0F, 0xBE, 0x4C, 0x24, 0x63, 0x8B, 0x54, 0x24, 0x60, 0xBB, 0x04, 0x00, 0x00, 0x00,
		0xEB, 0x27, 0xA9, 0x00, 0x00, 0x00, 0x02, 0x74, 0x36, 0x6A, 0x06, 0x8D, 0x44, 0x24, 0x70, 0x50,
		0x56, 0xE8, 0x3B, 0x5D, 0xFF, 0xFF, 0x0F, 0xBF, 0x7C, 0x24, 0x6E, 0x0F, 0xBF, 0x4C, 0x24, 0x70,
		0x8B, 0x54, 0x24, 0x6C, 0xBB, 0x06, 0x00, 0x00, 0x00, 0x89, 0x4C, 0x24, 0x2C, 0x52, 0x8B, 0xCD,
		0xE8, 0xAC, 0x3B, 0xFF, 0xFF, 0x8B, 0x0D, 0x00, 0x3B, 0xB3, 0x00, 0x89, 0x44, 0x24, 0x18, 0x80,
		0x79, 0x7C, 0x5B, 0x73, 0x3A, 0x6A, 0x0C, 0x8D, 0x84, 0x24, 0xE4, 0x00, 0x00, 0x00, 0x50, 0x56,
		0xE8, 0xFC, 0x5C, 0xFF, 0xFF, 0x8B, 0x8C, 0x24, 0xE8, 0x00, 0x00, 0x00, 0x8B, 0x94, 0x24, 0xE0,
		0x00, 0x00, 0x00, 0x8B, 0xBC, 0x24, 0xE4, 0x00, 0x00, 0x00, 0x89, 0x4C, 0x24, 0x2C, 0x52, 0x8B,
		0xCD, 0xBB, 0x0C, 0x00, 0x00, 0x00, 0xE8, 0x26, 0x3B, 0xFF, 0xFF, 0x89, 0x44, 0x24, 0x18, 0x8B,
		0x0D, 0xD4, 0x53, 0xA8, 0x00, 0x8B, 0x06, 0x8B, 0x50, 0x0C, 0x51, 0xF7, 0xDB, 0x53, 0x8B, 0xCE,
		0xFF, 0xD2, 0x8B, 0x44, 0x24, 0x1C, 0x50, 0xE8, 0x05, 0x54, 0x00, 0x00, 0x6A, 0x00, 0x68, 0x38,
		0x30, 0xB0, 0x00, 0x68, 0x9C, 0x2F, 0xB0, 0x00, 0x8B, 0xD8, 0x6A, 0x00, 0x53, 0xE8, 0x85, 0xD4,
		0x51, 0x00, 0x8B, 0xF0, 0x83, 0xC4, 0x18, 0x85, 0xF6, 0x74, 0x1C, 0x8B, 0xCE, 0xE8, 0x0F, 0x3C,
		0x06, 0x00, 0x3B, 0xC7, 0x75, 0x11, 0x8B, 0xCE, 0xE8, 0x24, 0x3C, 0x06, 0x00, 0x3B, 0x44, 0x24,
		0x2C, 0x0F, 0x84, 0x75, 0x05, 0x00, 0x00, 0x8B, 0x4C, 0x24, 0x2C, 0x8B, 0x54, 0x24, 0x1C, 0x8B,
		0x44, 0x24, 0x18, 0x51, 0x8B, 0x4D, 0x10, 0x57, 0x52, 0x50, 0xE8, 0x42, 0xD1, 0xFE, 0xFF, 0x85,
		0xDB, 0x74, 0x08, 0x53, 0x8B, 0xCD, 0xE8, 0xF6, 0x68, 0xFF, 0xFF, 0x33, 0xDB, 0xE9, 0x4A, 0x05,
		0x00, 0x00, 0x6A, 0x24, 0x8D, 0x4C, 0x24, 0x78, 0x33, 0xC0, 0x51, 0x8B, 0x0D, 0x00, 0x3B, 0xB3,
		0x00, 0x56, 0x89, 0x84, 0x24, 0x80, 0x00, 0x00, 0x00, 0x89, 0x84, 0x24, 0x84, 0x00, 0x00, 0x00,
		0x89, 0x84, 0x24, 0x88, 0x00, 0x00, 0x00, 0xE8, 0x25, 0x5C, 0xFF, 0xFF, 0x8B, 0x54, 0x24, 0x78,
		0x52, 0x8B, 0xCD, 0xE8, 0x69, 0x3A, 0xFF, 0xFF, 0x89, 0x44, 0x24, 0x78, 0x8B, 0x44, 0x24, 0x7C,
		0x50, 0x8B, 0xCD, 0xE8, 0x59, 0x3A, 0xFF, 0xFF, 0x8B, 0x16, 0x8B, 0x52, 0x0C, 0x89, 0x44, 0x24,
		0x7C, 0xA1, 0xD4, 0x53, 0xA8, 0x00, 0x50, 0x6A, 0xDC, 0x8B, 0xCE, 0xFF, 0xD2, 0x8B, 0x44, 0x24,
		0x7C, 0x50, 0xE8, 0x3A, 0x53, 0x00, 0x00, 0x6A, 0x00, 0x68, 0x38, 0x30, 0xB0, 0x00, 0x68, 0x9C,
		0x2F, 0xB0, 0x00, 0x8B, 0xF8, 0x6A, 0x00, 0x57, 0xE8, 0xBA, 0xD3, 0x51, 0x00, 0x6A, 0x00, 0x68,
		0x1C, 0x30, 0xB0, 0x00, 0x68, 0x9C, 0x2F, 0xB0, 0x00, 0x6A, 0x00, 0x57, 0x89, 0x44, 0x24, 0x44,
		0xE8, 0xA2, 0xD3, 0x51, 0x00, 0x83, 0xC4, 0x2C, 0x8D, 0x8C, 0x24, 0x80, 0x00, 0x00, 0x00, 0x51,
		0x8B, 0xCD, 0x8B, 0xF8, 0xE8, 0xD8, 0xC4, 0xFE, 0xFF, 0x84, 0xC0, 0x74, 0x0A, 0xC6, 0x44, 0x24,
		0x17, 0x00, 0xE9, 0x95, 0x04, 0x00, 0x00, 0x85, 0xFF, 0x74, 0x33, 0xD9, 0x84, 0x24, 0x80, 0x00,
		0x00, 0x00, 0xDB, 0x5C, 0x24, 0x44, 0xD9, 0x84, 0x24, 0x84, 0x00, 0x00, 0x00, 0xDB, 0x5C, 0x24,
		0x40, 0x8B, 0x54, 0x24, 0x40, 0x8B, 0x44, 0x24, 0x44, 0xC1, 0xFA, 0x0C, 0x52, 0xC1, 0xF8, 0x0C,
		0x50, 0x8B, 0xCF, 0xE8, 0xE9, 0x9E, 0x08, 0x00, 0x89, 0x44, 0x24, 0x18, 0xEB, 0x04, 0x8B, 0x44,
		0x24, 0x18, 0x85, 0xC0, 0x74, 0x16, 0x8B, 0x0D, 0xA0, 0x33, 0xB3, 0x00, 0x6A, 0x00, 0x50, 0xE8,
		0x0D, 0x99, 0xFD, 0xFF, 0x84, 0xC0, 0x75, 0x0F, 0x8B, 0x44, 0x24, 0x18, 0x83, 0x7C, 0x24, 0x74,
		0x03, 0x0F, 0x85, 0x83, 0x00, 0x00, 0x00, 0x8B, 0x4C, 0x24, 0x1C, 0x51, 0xE8, 0x80, 0x52, 0x00,
		0x00, 0x8B, 0xF8, 0x83, 0xC4, 0x04, 0x85, 0xFF, 0x74, 0x58, 0x8B, 0x4D, 0x00, 0x57, 0xE8, 0x4E,
		0xCD, 0xFE, 0xFF, 0x33, 0xC9, 0x85, 0xC0, 0x74, 0x02, 0x8B, 0x08, 0x51, 0x57, 0x8B, 0xCD, 0xE8,
		0x3D, 0xD5, 0xFE, 0xFF, 0x8B, 0x74, 0x24, 0x21, 0xF7, 0xD6, 0x23, 0xF0, 0x81, 0xE6, 0xFF, 0x0F,
		0x00, 0x00, 0x74, 0x2E, 0x6A, 0x00, 0x68, 0x70, 0x30, 0xB0, 0x00, 0x68, 0x9C, 0x2F, 0xB0, 0x00,
		0x6A, 0x00, 0x57, 0xE8, 0xCF, 0xD2, 0x51, 0x00, 0x83, 0xC4, 0x14, 0x85, 0xC0, 0x74, 0x03, 0x83,
		0xE6, 0xBF, 0x81, 0xE6, 0xFF, 0xF7, 0xFF, 0xFF, 0x74, 0x08, 0x57, 0x8B, 0xCD, 0xE8, 0x6F, 0x67,
		0xFF, 0xFF, 0x8B, 0x44, 0x24, 0x1C, 0x8D, 0x54, 0x24, 0x74, 0x52, 0x50, 0x8B, 0xCD, 0xE8, 0x9E,
		0xA3, 0xFF, 0xFF, 0x8B, 0xD8, 0xE9, 0xB2, 0x03, 0x00, 0x00, 0x85, 0xC0, 0x74, 0x1F, 0x8B, 0xC8,
		0xE8, 0x9C, 0x37, 0x06, 0x00, 0x84, 0xC0, 0x74, 0x14, 0x8B, 0x4C, 0x24, 0x1C, 0x8B, 0x54, 0x24,
		0x7C, 0x51, 0x8B, 0x4D, 0x08, 0x52, 0xE8, 0x06, 0xCE, 0xFE, 0xFF, 0xEB, 0x3B, 0x85, 0xFF, 0x74,
		0x4E, 0x8B, 0x8C, 0x24, 0x80, 0x00, 0x00, 0x00, 0x8B, 0x94, 0x24, 0x84, 0x00, 0x00, 0x00, 0x83,
		0xEC, 0x0C, 0x8B, 0xC4, 0x89, 0x08, 0x8B, 0x8C, 0x24, 0x94, 0x00, 0x00, 0x00, 0x89, 0x50, 0x04,
		0x8B, 0x54, 0x24, 0x28, 0x89, 0x48, 0x08, 0x8B, 0x84, 0x24, 0x88, 0x00, 0x00, 0x00, 0x8B, 0x4D,
		0x0C, 0x52, 0x50, 0xE8, 0x69, 0xCE, 0xFE, 0xFF, 0x85, 0xDB, 0x0F, 0x84, 0x4C, 0x03, 0x00, 0x00,
		0x53, 0x8B, 0xCD, 0xE8, 0xE9, 0x66, 0xFF, 0xFF, 0x33, 0xDB, 0xE9, 0x3D, 0x03, 0x00, 0x00, 0x8B,
		0x4C, 0x24, 0x7C, 0x51, 0x68, 0x90, 0xB3, 0xA3, 0x00, 0xE8, 0x93, 0x19, 0x04, 0x00, 0x0F, 0xB7,
		0x4C, 0x24, 0x2E, 0xA1, 0xD4, 0x53, 0xA8, 0x00, 0x8B, 0x16, 0x8B, 0x52, 0x0C, 0x83, 0xC4, 0x08,
		0x50, 0x51, 0x8B, 0xCE, 0xFF, 0xD2, 0xE9, 0x82, 0x07, 0x00, 0x00, 0x85, 0xC0, 0x0F, 0x89, 0xFE,
		0x01, 0x00, 0x00, 0x8B, 0x0D, 0x00, 0x3B, 0xB3, 0x00, 0x33, 0xC0, 0x89, 0x84, 0x24, 0xB4, 0x00,
		0x00, 0x00, 0x89, 0x84, 0x24, 0xC4, 0x00, 0x00, 0x00, 0x6A, 0x2C, 0x8D, 0x84, 0x24, 0xB8, 0x00,
		0x00, 0x00, 0x50, 0x56, 0xE8, 0xE8, 0x59, 0xFF, 0xFF, 0x8B, 0x8C, 0x24, 0xB4, 0x00, 0x00, 0x00,
		0x51, 0x8B, 0xCD, 0xE8, 0x29, 0x38, 0xFF, 0xFF, 0x8B, 0x94, 0x24, 0xC4, 0x00, 0x00, 0x00, 0x52,
		0x8B, 0xCD, 0x89, 0x84, 0x24, 0xB8, 0x00, 0x00, 0x00, 0xE8, 0x13, 0x38, 0xFF, 0xFF, 0x8B, 0x0D,
		0xD4, 0x53, 0xA8, 0x00, 0x89, 0x84, 0x24, 0xC4, 0x00, 0x00, 0x00, 0x8B, 0x06, 0x8B, 0x50, 0x0C,
		0x51, 0x6A, 0xD4, 0x8B, 0xCE, 0xFF, 0xD2, 0x8B, 0x84, 0x24, 0xC4, 0x00, 0x00, 0x00, 0x50, 0xE8,
		0xED, 0x50, 0x00, 0x00, 0x6A, 0x00, 0x68, 0x38, 0x30, 0xB0, 0x00, 0x68, 0x9C, 0x2F, 0xB0, 0x00,
		0x8B, 0xF8, 0x6A, 0x00, 0x57, 0xE8, 0x6D, 0xD1, 0x51, 0x00, 0x6A, 0x00, 0x68, 0x1C, 0x30, 0xB0,
		0x00, 0x68, 0x9C, 0x2F, 0xB0, 0x00, 0x6A, 0x00, 0x57, 0x89, 0x44, 0x24, 0x58, 0xE8, 0x55, 0xD1,
		0x51, 0x00, 0x8B, 0xF8, 0x83, 0xC4, 0x2C, 0x85, 0xFF, 0x74, 0x31, 0xD9, 0x84, 0x24, 0xC8, 0x00,
		0x00, 0x00, 0xDB, 0x5C, 0x24, 0x48, 0xD9, 0x84, 0x24, 0xCC, 0x00, 0x00, 0x00, 0xDB, 0x5C, 0x24,
		0x4C, 0x8B, 0x4C, 0x24, 0x4C, 0x8B, 0x54, 0x24, 0x48, 0xC1, 0xF9, 0x0C, 0x51, 0xC1, 0xFA, 0x0C,
		0x52, 0x8B, 0xCF, 0xE8, 0xB9, 0x9C, 0x08, 0x00, 0x89, 0x44, 0x24, 0x2C, 0x83, 0x7C, 0x24, 0x2C,
		0x00, 0x74, 0x3B, 0x8B, 0x44, 0x24, 0x2C, 0x8B, 0x0D, 0xA0, 0x33, 0xB3, 0x00, 0x6A, 0x00, 0x50,
		0xE8, 0xDC, 0x96, 0xFD, 0xFF, 0x84, 0xC0, 0x74, 0x25, 0x85, 0xDB, 0x0F, 0x85, 0x0B, 0x02, 0x00,
		0x00, 0x8B, 0x54, 0x24, 0x1C, 0x8D, 0x8C, 0x24, 0xB4, 0x00, 0x00, 0x00, 0x51, 0x52, 0x8B, 0xCD,
		0xE8, 0xEC, 0x62, 0xFF, 0xFF, 0x8B, 0x4C, 0x24, 0x2C, 0xE9, 0xE6, 0x01, 0x00, 0x00, 0x85, 0xDB,
		0x74, 0x45, 0x6A, 0x00, 0x68, 0x54, 0x30, 0xB0, 0x00, 0x68, 0x9C, 0x2F, 0xB0, 0x00, 0x6A, 0x00,
		0x53, 0xE8, 0xC1, 0xD0, 0x51, 0x00, 0x83, 0xC4, 0x14, 0x85, 0xC0, 0x89, 0x44, 0x24, 0x18, 0x74,
		0x1C, 0x8B, 0xC8, 0xE8, 0x49, 0x6A, 0x28, 0x00, 0x85, 0xC0, 0x74, 0x11, 0x8B, 0x4C, 0x24, 0x18,
		0x51, 0xE8, 0x3B, 0x6A, 0x28, 0x00, 0x8B, 0xC8, 0xE8, 0x84, 0x8A, 0x06, 0x00, 0x53, 0x8B, 0xCD,
		0xE8, 0x4C, 0x65, 0xFF, 0xFF, 0x33, 0xDB, 0x83, 0x7C, 0x24, 0x2C, 0x00, 0x74, 0x34, 0x8B, 0x4C,
		0x24, 0x2C, 0xE8, 0x8A, 0x35, 0x06, 0x00, 0x84, 0xC0, 0x74, 0x27, 0x8B, 0x44, 0x24, 0x1C, 0x8B,
		0x8C, 0x24, 0xC4, 0x00, 0x00, 0x00, 0x50, 0x51, 0x8B, 0x4D, 0x08, 0xE8, 0xF1, 0xCB, 0xFE, 0xFF,
		0x8B, 0x54, 0x24, 0x1C, 0x52, 0x8D, 0x4D, 0x20, 0xE8, 0x24, 0x0A, 0xFE, 0xFF, 0xE9, 0x6A, 0x01,
		0x00, 0x00, 0x85, 0xFF, 0x74, 0x49, 0x8B, 0x8C, 0x24, 0xC8, 0x00, 0x00, 0x00, 0x8B, 0x94, 0x24,
		0xCC, 0x00, 0x00, 0x00, 0x83, 0xEC, 0x0C, 0x8B, 0xC4, 0x89, 0x08, 0x8B, 0x8C, 0x24, 0xDC, 0x00,
		0x00, 0x00, 0x89, 0x50, 0x04, 0x8B, 0x54, 0x24, 0x28, 0x89, 0x48, 0x08, 0x8B, 0x84, 0x24, 0xD0,
		0x00, 0x00, 0x00, 0x8B, 0x4D, 0x0C, 0x52, 0x50, 0xE8, 0x44, 0xCC, 0xFE, 0xFF, 0x8B, 0x4C, 0x24,
		0x1C, 0x51, 0x8D, 0x4D, 0x20, 0xE8, 0xD7, 0x09, 0xFE, 0xFF, 0xE9, 0x1D, 0x01, 0x00, 0x00, 0x8B,
		0x94, 0x24, 0xC4, 0x00, 0x00, 0x00, 0x52, 0x68, 0x20, 0xB3, 0xA3, 0x00, 0xE9, 0x26, 0xFA, 0xFF,
		0xFF, 0x85, 0xDB, 0x0F, 0x85, 0x03, 0x01, 0x00, 0x00, 0x8B, 0x4C, 0x24, 0x1C, 0x51, 0x8B, 0x4D,
		0x00, 0xE8, 0x0B, 0xCA, 0xFE, 0xFF, 0x85, 0xC0, 0x0F, 0x84, 0xEE, 0x00, 0x00, 0x00, 0xF7, 0x00,
		0x00, 0x00, 0x00, 0x80, 0x0F, 0x84, 0xE2, 0x00, 0x00, 0x00, 0x8B, 0x70, 0x04, 0x85, 0xF6, 0x0F,
		0x84, 0xD7, 0x00, 0x00, 0x00, 0x83, 0xC6, 0x04, 0xB9, 0x0B, 0x00, 0x00, 0x00, 0x8D, 0xBC, 0x24,
		0xEC, 0x00, 0x00, 0x00, 0xF3, 0xA5, 0x8B, 0x94, 0x24, 0xEC, 0x00, 0x00, 0x00, 0x52, 0x8B, 0xCD,
		0xE8, 0x0C, 0x36, 0xFF, 0xFF, 0x8B, 0xF0, 0x8B, 0x84, 0x24, 0xFC, 0x00, 0x00, 0x00, 0x50, 0x8B,
		0xCD, 0x89, 0xB4, 0x24, 0xF0, 0x00, 0x00, 0x00, 0xE8, 0xF4, 0x35, 0xFF, 0xFF, 0x56, 0x89, 0x84,
		0x24, 0x00, 0x01, 0x00, 0x00, 0xE8, 0xE7, 0x4E, 0x00, 0x00, 0x53, 0x68, 0x38, 0x30, 0xB0, 0x00,
		0x68, 0x9C, 0x2F, 0xB0, 0x00, 0x8B, 0xF0, 0x53, 0x56, 0xE8, 0x69, 0xCF, 0x51, 0x00, 0x53, 0x68,
		0x1C, 0x30, 0xB0, 0x00, 0x68, 0x9C, 0x2F, 0xB0, 0x00, 0x53, 0x56, 0x8B, 0xF8, 0xE8, 0x55, 0xCF,
		0x51, 0x00, 0x83, 0xC4, 0x2C, 0x85, 0xC0, 0x74, 0x2F, 0xD9, 0x84, 0x24, 0xF0, 0x00, 0x00, 0x00,
		0xDB, 0x5C, 0x24, 0x5C, 0xD9, 0x84, 0x24, 0xF4, 0x00, 0x00, 0x00, 0xDB, 0x5C, 0x24, 0x54, 0x8B,
		0x4C, 0x24, 0x54, 0x8B, 0x54, 0x24, 0x5C, 0xC1, 0xF9, 0x0C, 0x51, 0xC1, 0xFA, 0x0C, 0x52, 0x8B,
		0xC8, 0xE8, 0xBB, 0x9A, 0x08, 0x00, 0x8B, 0xF8, 0x85, 0xFF, 0x74, 0x30, 0x8B, 0x0D, 0xA0, 0x33,
		0xB3, 0x00, 0x6A, 0x00, 0x57, 0xE8, 0xE7, 0x94, 0xFD, 0xFF, 0x84, 0xC0, 0x74, 0x1E, 0x8B, 0x4C,
		0x24, 0x1C, 0x8D, 0x84, 0x24, 0xEC, 0x00, 0x00, 0x00, 0x50, 0x51, 0x8B, 0xCD, 0xE8, 0xFF, 0x60,
		0xFF, 0xFF, 0x8B, 0xCF, 0x8B, 0xD8, 0x53, 0xE8, 0xD5, 0xD1, 0x06, 0x00, 0x6A, 0x00, 0x68, 0x54,
		0x30, 0xB0, 0x00, 0x68, 0x9C, 0x2F, 0xB0, 0x00, 0x6A, 0x00, 0x53, 0xE8, 0xD7, 0xCE, 0x51, 0x00,
		0x8A, 0x4C, 0x24, 0x34, 0x83, 0xC4, 0x14, 0x85, 0xDB, 0x74, 0x37, 0x8A, 0x53, 0x04, 0x3A, 0xD1,
		0x74, 0x30, 0x0F, 0xB6, 0xC2, 0x8D, 0x14, 0x40, 0x8B, 0x04, 0x95, 0x04, 0x5E, 0xB0, 0x00, 0x50,
		0x0F, 0xB6, 0xC1, 0x8D, 0x0C, 0x40, 0x8B, 0x14, 0x8D, 0x04, 0x5E, 0xB0, 0x00, 0x8B, 0x44, 0x24,
		0x20, 0x52, 0x50, 0x68, 0xF0, 0xAF, 0xA3, 0x00, 0xE8, 0x14, 0x16, 0x04, 0x00, 0x83, 0xC4, 0x10,
		0xEB, 0x43, 0x85, 0xC0, 0x74, 0x38, 0x8B, 0x10, 0x8B, 0xC8, 0x8B, 0x82, 0x70, 0x01, 0x00, 0x00,
		0xFF, 0xD0, 0x85, 0xC0, 0x75, 0x24, 0x0F, 0xB6, 0x44, 0x24, 0x20, 0x8D, 0x0C, 0x40, 0x8B, 0x14,
		0x8D, 0x04, 0x5E, 0xB0, 0x00, 0x8B, 0x44, 0x24, 0x1C, 0x52, 0x50, 0x68, 0xA8, 0xB2, 0xA3, 0x00,
		0xE8, 0xDC, 0x15, 0x04, 0x00, 0x83, 0xC4, 0x0C, 0xEB, 0x0B, 0x8A, 0x4C, 0x24, 0x20, 0x80, 0x7C,
		0x24, 0x17, 0x00, 0x75, 0x1C, 0xA1, 0xD4, 0x53, 0xA8, 0x00, 0x8B, 0x4C, 0x24, 0x38, 0x8B, 0x11,
		0x8B, 0x52, 0x0C, 0x50, 0x0F, 0xB7, 0x44, 0x24, 0x2A, 0x50, 0xFF, 0xD2, 0xE9, 0xB2, 0x03, 0x00,
		0x00, 0x33, 0xF6, 0x85, 0xDB, 0x0F, 0x84, 0xCD, 0x02, 0x00, 0x00, 0x8B, 0x4D, 0x00, 0x53, 0xE8,
		0x6D, 0xC8, 0xFE, 0xFF, 0x85, 0xC0, 0x74, 0x02, 0x8B, 0x30, 0x56, 0x53, 0x8B, 0xCD, 0xE8, 0x5E,
		0xD0, 0xFE, 0xFF, 0x53, 0x8B, 0xCD, 0x8B, 0xF8, 0xE8, 0xC4, 0x3A, 0xFF, 0xFF, 0x89, 0x44, 0x24,
		0x2C, 0xC7, 0x45, 0x44, 0x00, 0xF0, 0xFF, 0x1F, 0x8B, 0x13, 0x8B, 0x52, 0x60, 0x8B, 0xC7, 0x25,
		0x80, 0xF0, 0xFF, 0x1F, 0x50, 0x8B, 0xCB, 0xFF, 0xD2, 0x8B, 0x74, 0x24, 0x21, 0xF7, 0xD6, 0x23,
		0xF7, 0x81, 0xE6, 0xFF, 0x0F, 0x00, 0x00, 0x0F, 0x84, 0x44, 0x01, 0x00, 0x00, 0x6A, 0x00, 0x68,
		0x54, 0x30, 0xB0, 0x00, 0x68, 0x9C, 0x2F, 0xB0, 0x00, 0x6A, 0x00, 0x53, 0xE8, 0xC6, 0xCD, 0x51,
		0x00, 0x83, 0xC4, 0x14, 0x85, 0xC0, 0x74, 0x24, 0x6A, 0x00, 0x68, 0x70, 0x30, 0xB0, 0x00, 0x68,
		0x9C, 0x2F, 0xB0, 0x00, 0x6A, 0x00, 0x53, 0x81, 0xE6, 0xFF, 0xF7, 0xFF, 0xFF, 0xE8, 0xA5, 0xCD,
		0x51, 0x00, 0x83, 0xC4, 0x14, 0x85, 0xC0, 0x74, 0x03, 0x83, 0xE6, 0xBF, 0x85, 0xF6, 0x0F, 0x84,
		0xFD, 0x00, 0x00, 0x00, 0x3B, 0x1D, 0xC4, 0x33, 0xB3, 0x00, 0x0F, 0x84, 0xF1, 0x00, 0x00, 0x00,
		0x8B, 0x43, 0x0C, 0x8B, 0x0D, 0x98, 0x3A, 0xB3, 0x00, 0x50, 0xE8, 0x12, 0x06, 0xFE, 0xFF, 0x84,
		0xC0, 0x0F, 0x85, 0xDA, 0x00, 0x00, 0x00, 0x8B, 0x43, 0x0C, 0x8B, 0x0D, 0x98, 0x3A, 0xB3, 0x00,
		0x50, 0xE8, 0xFB, 0x05, 0xFE, 0xFF, 0x84, 0xC0, 0x74, 0x27, 0x8B, 0x44, 0x24, 0x21, 0x57, 0x50,
		0x0F, 0xB6, 0x43, 0x04, 0x8D, 0x0C, 0x40, 0x8B, 0x14, 0x8D, 0x04, 0x5E, 0xB0, 0x00, 0x8B, 0x43,
		0x0C, 0x56, 0x52, 0x50, 0x68, 0x30, 0xB2, 0xA3, 0x00, 0xE8, 0xB3, 0x14, 0x04, 0x00, 0x83, 0xC4,
		0x18, 0x8B, 0x4C, 0x24, 0x21, 0x51, 0x56, 0x53, 0x8B, 0xCD, 0xE8, 0x22, 0x58, 0xFF, 0xFF, 0x8B,
		0xCD, 0xE8, 0x3B, 0x3F, 0xFF, 0xFF, 0x80, 0x7B, 0x04, 0x30, 0x88, 0x44, 0x24, 0x58, 0x75, 0x26,
		0x8B, 0x15, 0x98, 0x33, 0xB3, 0x00, 0x8B, 0x42, 0x10, 0x89, 0x44, 0x24, 0x18, 0xFF, 0x15, 0x8C,
		0x80, 0xA2, 0x00, 0x3B, 0x44, 0x24, 0x18, 0x75, 0x06, 0x83, 0x65, 0x18, 0xFE, 0xEB, 0x07, 0x81,
		0x65, 0x18, 0xFF, 0xFF, 0xFB, 0xFF, 0x8B, 0x13, 0x8B, 0x42, 0x6C, 0x8B, 0xCB, 0xFF, 0xD0, 0x8B,
		0x4C, 0x24, 0x58, 0x51, 0x8B, 0xCD, 0xE8, 0x26, 0x3F, 0xFF, 0xFF, 0x6A, 0x01, 0x56, 0x53, 0x8B,
		0xCD, 0xE8, 0x0B, 0x5A, 0xFF, 0xFF, 0x84, 0xC0, 0x75, 0x37, 0x0F, 0xB6, 0x54, 0x24, 0x20, 0x8B,
		0x44, 0x24, 0x1C, 0x52, 0x50, 0x68, 0xE0, 0xB1, 0xA3, 0x00, 0xE8, 0x32, 0x14, 0x04, 0x00, 0xA1,
		0xD4, 0x53, 0xA8, 0x00, 0x8B, 0x8C, 0x24, 0xBC, 0x00, 0x00, 0x00, 0x8B, 0x11, 0x8B, 0x52, 0x0C,
		0x83, 0xC4, 0x0C, 0x50, 0x0F, 0xB7, 0x44, 0x24, 0x2A, 0x50, 0xFF, 0xD2, 0xE9, 0x18, 0x02, 0x00,
		0x00, 0x8B, 0x44, 0x24, 0x21, 0x8B, 0x4B, 0x0C, 0x50, 0x51, 0x8B, 0x4D, 0x04, 0xE8, 0x2F, 0xC6,
		0xFE, 0xFF, 0x0F, 0xB7, 0x54, 0x24, 0x26, 0x52, 0x8B, 0xCD, 0xE8, 0x92, 0xCE, 0xFE, 0xFF, 0x8B,
		0x4C, 0x24, 0x38, 0x8B, 0xF0, 0x0F, 0xB7, 0x44, 0x24, 0x26, 0x50, 0x56, 0x51, 0x8B, 0xCD, 0xE8,
		0x7D, 0x54, 0xFF, 0xFF, 0x8B, 0x44, 0x24, 0x21, 0x50, 0x8D, 0x54, 0x24, 0x20, 0x53, 0x8B, 0xCD,
		0x89, 0x95, 0x80, 0x00, 0x00, 0x00, 0xE8, 0x26, 0xA5, 0xFF, 0xFF, 0x8B, 0x13, 0x8B, 0x44, 0x24,
		0x21, 0x8B, 0x52, 0x54, 0x57, 0x50, 0x8B, 0xCB, 0xFF, 0xD2, 0x6A, 0x10, 0xC7, 0x85, 0x80, 0x00,
		0x00, 0x00, 0x00, 0x00, 0x00, 0x00, 0xE8, 0x46, 0xB8, 0xF9, 0xFF, 0x83, 0xC4, 0x04, 0x85, 0xC0,
		0x74, 0x15, 0x8A, 0x4C, 0x24, 0x25, 0x8B, 0x54, 0x24, 0x21, 0x89, 0x18, 0x89, 0x50, 0x04, 0x89,
		0x78, 0x08, 0x88, 0x48, 0x0C, 0xEB, 0x02, 0x33, 0xC0, 0x3B, 0x1D, 0xC4, 0x33, 0xB3, 0x00, 0x89,
		0x44, 0x24, 0x18, 0x74, 0x13, 0x8D, 0x44, 0x24, 0x18, 0x50, 0x8D, 0x8C, 0x24, 0x9C, 0x00, 0x00,
		0x00, 0xE8, 0xBB, 0x03, 0x14, 0x00, 0xEB, 0x04, 0x89, 0x44, 0x24, 0x3C, 0x0F, 0xB7, 0x4C, 0x24,
		0x26, 0x8B, 0x45, 0x14, 0x2B, 0xC1, 0x2B, 0xC6, 0x74, 0x17, 0x83, 0xF8, 0xFE, 0x74, 0x12, 0x8B,
		0x0D, 0x90, 0x4D, 0xB3, 0x00, 0x8B, 0x11, 0x8B, 0x42, 0x18, 0x68, 0xA0, 0xAF, 0xA3, 0x00, 0xFF,
		0xD0, 0xC7, 0x45, 0x44, 0x00, 0x00, 0x00, 0x60, 0x8B, 0x13, 0x8B, 0x42, 0x60, 0x81, 0xE7, 0x00,
		0x00, 0x00, 0x60, 0x57, 0x8B, 0xCB, 0xFF, 0xD0, 0x8B, 0x4C, 0x24, 0x2C, 0x51, 0x53, 0x8B, 0xCD,
		0xE8, 0xDC, 0x38, 0xFF, 0xFF, 0x56, 0x8B, 0xCD, 0xE8, 0xE4, 0xBA, 0xFE, 0xFF, 0x8B, 0x53, 0x0C,
		0x8B, 0x4D, 0x00, 0x6A, 0x01, 0x52, 0xE8, 0x96, 0xC6, 0xFE, 0xFF, 0x8B, 0x45, 0x50, 0x85, 0xC0,
		0x74, 0x11, 0x8B, 0x4D, 0x04, 0x50, 0x53, 0xE8, 0xF5, 0xC5, 0xFE, 0xFF, 0xC7, 0x45, 0x50, 0x00,
		0x00, 0x00, 0x00, 0x8B, 0x4D, 0x40, 0x85, 0xC9, 0x0F, 0x84, 0xE5, 0x00, 0x00, 0x00, 0x8D, 0x44,
		0x24, 0x1C, 0x50, 0xE9, 0xD6, 0x00, 0x00, 0x00, 0x66, 0x8B, 0x44, 0x24, 0x26, 0x66, 0x85, 0xC0,
		0x0F, 0x84, 0x9B, 0x00, 0x00, 0x00, 0x0F, 0xB7, 0xD0, 0x88, 0x4C, 0x24, 0x52, 0x8A, 0x4C, 0x24,
		0x25, 0x83, 0xC2, 0x04, 0x88, 0x4C, 0x24, 0x53, 0x52, 0x8B, 0xCD, 0x66, 0x89, 0x44, 0x24, 0x54,
		0xE8, 0x4C, 0xCD, 0xFE, 0xFF, 0x8B, 0x3D, 0x8C, 0x80, 0xA2, 0x00, 0x8B, 0xD8, 0xA1, 0x98, 0x33,
		0xB3, 0x00, 0x8B, 0x70, 0x10, 0xFF, 0xD7, 0x3B, 0xC6, 0x75, 0x06, 0x83, 0x65, 0x18, 0xFE, 0xEB,
		0x07, 0x81, 0x65, 0x18, 0xFF, 0xFF, 0xFB, 0xFF, 0x6A, 0x04, 0x8D, 0x4C, 0x24, 0x54, 0x51, 0x8B,
		0x0D, 0x00, 0x3B, 0xB3, 0x00, 0xE8, 0xB7, 0x51, 0xFF, 0xFF, 0x8B, 0x15, 0x98, 0x33, 0xB3, 0x00,
		0x8B, 0x72, 0x10, 0xFF, 0xD7, 0x3B, 0xC6, 0x75, 0x06, 0x83, 0x4D, 0x18, 0x01, 0xEB, 0x07, 0x81,
		0x4D, 0x18, 0x00, 0x00, 0x04, 0x00, 0x0F, 0xB7, 0x44, 0x24, 0x26, 0x8B, 0x4D, 0x14, 0x8B, 0x54,
		0x24, 0x38, 0x50, 0x51, 0x52, 0x8B, 0xCD, 0xE8, 0xE5, 0x52, 0xFF, 0xFF, 0x8B, 0x44, 0x24, 0x21,
		0x8B, 0x4C, 0x24, 0x1C, 0x53, 0x50, 0x51, 0x8B, 0x4D, 0x04, 0xE8, 0xC2, 0xC4, 0xFE, 0xFF, 0xEB,
		0x12, 0x8B, 0x54, 0x24, 0x21, 0x8B, 0x44, 0x24, 0x1C, 0x8B, 0x4D, 0x04, 0x52, 0x50, 0xE8, 0x4E,
		0xC4, 0xFE, 0xFF, 0x8B, 0x4C, 0x24, 0x1C, 0x6A, 0x01, 0x51, 0x8B, 0x4D, 0x00, 0xE8, 0x9F, 0xC5,
		0xFE, 0xFF, 0x8B, 0x4D, 0x40, 0x85, 0xC9, 0x74, 0x0A, 0x8D, 0x54, 0x24, 0x1C, 0x52, 0xE8, 0x9E,
		0x44, 0xFF, 0xFF, 0x8A, 0x45, 0x71, 0x88, 0x45, 0x7C, 0x8B, 0x74, 0x24, 0x38, 0x8B, 0x44, 0x24,
		0x68, 0x83, 0xC0, 0x01, 0x3B, 0x44, 0x24, 0x34, 0x89, 0x44, 0x24, 0x68, 0x0F, 0x82, 0xF2, 0xF3,
		0xFF, 0xFF,
	};
	static const UInt32 kSaveReadModeAddr = 0x45f71c;
	static const UInt8 kSaveReadModeAddrExpectedBytes[] = {
		0x6A, 0x00, 0x68, 0x00, 0x00, 0x02, 0x00, 0x6A, 0x00, 0x8D, 0x8C, 0x24, 0x34, 0x02, 0x00, 0x00,
		0x51, 0x8B, 0xC8, 0xE8, 0x3C, 0x12, 0xFD, 0xFF, 0x8B, 0xF0, 0xEB, 0x02, 0x33, 0xF6, 0x8B, 0x16,
		0x8B, 0x42, 0x18, 0x6A, 0x00, 0x6A, 0x00, 0x8B, 0xCE, 0xC7, 0x84, 0x24, 0x4C, 0x06, 0x00, 0x00,
		0xFF, 0xFF, 0xFF, 0xFF, 0xFF, 0xD0, 0x8B, 0xC6,
	};


	// Save/load performance guards, read from the authoritative live IDB.
	static const UInt32 kPerfSaveQueuePatchSite = 0x4666f0;
	static const UInt8 kPerfSaveQueuePatchSiteExpectedBytes[] = {
		0xE8, 0xBB, 0x03, 0x14, 0x00,
	};
	static const UInt32 kPerfSaveQueueAppendBodyAddr = 0x5a6ab0;
	static const UInt8 kPerfSaveQueueAppendBodyAddrExpectedBytes[] = {
		0x56, 0x8B, 0xF1, 0x57, 0x8B, 0x7E, 0x0C, 0x3B, 0x7E, 0x08, 0x72, 0x0B, 0x8B, 0x46, 0x14, 0x03,
		0xC7, 0x50, 0xE8, 0x49, 0xBE, 0xEA, 0xFF, 0x8B, 0x4C, 0x24, 0x0C, 0x51, 0x57, 0x8B, 0xCE, 0xE8,
		0x7C, 0x01, 0xEA, 0xFF, 0x8B, 0xC7, 0x5F, 0x5E, 0xC2, 0x04, 0x00,
	};
	static const UInt32 kPerfSaveQueueVtableAddr = 0xa3903c;
	static const UInt8 kPerfSaveQueueVtableAddrExpectedBytes[] = {
		0xB0, 0x28, 0x45, 0x00,
	};
	static const UInt32 kPerfExteriorQueryPatchSite = 0x464a05;
	static const UInt8 kPerfExteriorQueryPatchSiteExpectedBytes[] = {
		0x8B, 0xC7, 0x85, 0xC0, 0x74, 0x69,
	};
	static const UInt32 kPerfExteriorConsumerPatchSite = 0x464910;
	static const UInt8 kPerfExteriorConsumerPatchSiteExpectedBytes[] = {
		0xA1, 0x98, 0x33, 0xB3, 0x00,
	};
	static const UInt32 kPerfExteriorAddPatchSite = 0x452f10;
	static const UInt8 kPerfExteriorAddPatchSiteExpectedBytes[] = {
		0x53, 0x8B, 0x5C, 0x24, 0x08,
	};
	static const UInt32 kPerfExteriorCtorPatchSite = 0x45aa80;
	static const UInt8 kPerfExteriorCtorPatchSiteExpectedBytes[] = {
		0x56, 0x8B, 0xF1, 0x33, 0xC9,
	};
	static const UInt32 kPerfExteriorDtorPatchSite = 0x45aad0;
	static const UInt8 kPerfExteriorDtorPatchSiteExpectedBytes[] = {
		0x6A, 0xFF, 0x68, 0x68, 0xE2, 0x9A, 0x00,
	};
	static const UInt32 kPerfExteriorConsumerBodyAddr = 0x464910;
	static const UInt8 kPerfExteriorConsumerBodyAddrExpectedBytes[] = {
		0xA1, 0x98, 0x33, 0xB3, 0x00, 0x83, 0xEC, 0x10, 0x53, 0x56, 0x8B, 0x70, 0x10, 0x8B, 0xD9, 0xFF,
		0x15, 0x8C, 0x80, 0xA2, 0x00, 0x3B, 0xC6, 0x75, 0x05, 0x8A, 0x43, 0x18, 0xEB, 0x06, 0x8B, 0x43,
		0x18, 0xC1, 0xE8, 0x12, 0x24, 0x01, 0x84, 0xC0, 0x75, 0x08, 0x5E, 0x5B, 0x83, 0xC4, 0x10, 0xC2,
		0x04, 0x00, 0x8B, 0x74, 0x24, 0x1C, 0x57, 0x56, 0x8B, 0xCB, 0xE8, 0x71, 0xEE, 0xFF, 0xFF, 0x8B,
		0xCE, 0x88, 0x44, 0x24, 0x0F, 0xE8, 0x96, 0x4E, 0x06, 0x00, 0x84, 0xC0, 0x74, 0x6A, 0x8B, 0x76,
		0x0C, 0x8D, 0x4C, 0x24, 0x10, 0x51, 0x8B, 0x4B, 0x08, 0x56, 0xE8, 0x91, 0x96, 0x0F, 0x00, 0x84,
		0xC0, 0x0F, 0x84, 0x29, 0x01, 0x00, 0x00, 0x8B, 0x7C, 0x24, 0x10, 0x85, 0xFF, 0x8B, 0xF7, 0x74,
		0x1A, 0x8B, 0x06, 0x85, 0xC0, 0x74, 0x0D, 0x50, 0x8B, 0xCB, 0xE8, 0xE1, 0xF3, 0xFF, 0xFF, 0xC6,
		0x44, 0x24, 0x0F, 0x01, 0x8B, 0x76, 0x04, 0x85, 0xF6, 0x75, 0xE6, 0x8B, 0x54, 0x24, 0x20, 0x8B,
		0x42, 0x0C, 0x8B, 0x4B, 0x08, 0x50, 0xE8, 0x15, 0xDB, 0xFE, 0xFF, 0x8B, 0xCF, 0xE8, 0x2E, 0xDD,
		0xFE, 0xFF, 0x57, 0xE8, 0x68, 0xD5, 0xF9, 0xFF, 0x8A, 0x44, 0x24, 0x13, 0x83, 0xC4, 0x04, 0x5F,
		0x5E, 0x5B, 0x83, 0xC4, 0x10, 0xC2, 0x04, 0x00, 0x8B, 0xCE, 0xE8, 0x21, 0x53, 0x06, 0x00, 0x8B,
		0x40, 0x0C, 0x8D, 0x4C, 0x24, 0x10, 0x51, 0x8B, 0x4B, 0x0C, 0x50, 0xE8, 0x20, 0x96, 0x0F, 0x00,
		0x84, 0xC0, 0x0F, 0x84, 0xB8, 0x00, 0x00, 0x00, 0x8B, 0x7C, 0x24, 0x10, 0x55, 0x8B, 0xCE, 0x33,
		0xED, 0xE8, 0x8A, 0x50, 0x06, 0x00, 0x8B, 0xCE, 0x89, 0x44, 0x24, 0x18, 0xE8, 0x9F, 0x50, 0x06,
		0x00, 0x89, 0x44, 0x24, 0x1C, 0x8B, 0xC7, 0x85, 0xC0, 0x74, 0x69, 0xEB, 0x03, 0x8D, 0x49, 0x00,
		0x8B, 0x37, 0x85, 0xF6, 0x74, 0x4D, 0x8B, 0x54, 0x24, 0x18, 0x3B, 0x56, 0x04, 0x75, 0x44, 0x8B,
		0x44, 0x24, 0x1C, 0x3B, 0x46, 0x08, 0x75, 0x3B, 0x8B, 0x0E, 0x51, 0x8B, 0xCB, 0xE8, 0x3E, 0xF3,
		0xFF, 0xFF, 0x85, 0xED, 0xC6, 0x44, 0x24, 0x13, 0x01, 0x74, 0x16, 0x56, 0x8B, 0xCD, 0xE8, 0xDD,
		0x7B, 0x1F, 0x00, 0x8B, 0x7D, 0x04, 0x56, 0xE8, 0xD4, 0xD4, 0xF9, 0xFF, 0x83, 0xC4, 0x04, 0xEB,
		0x17, 0x8B, 0xCF, 0xE8, 0xA8, 0xA6, 0x21, 0x00, 0x56, 0xE8, 0xC2, 0xD4, 0xF9, 0xFF, 0x83, 0xC4,
		0x04, 0xEB, 0x05, 0x8B, 0xEF, 0x8B, 0x7F, 0x04, 0x85, 0xFF, 0x75, 0xA4, 0x8B, 0x74, 0x24, 0x24,
		0x8B, 0x44, 0x24, 0x14, 0x83, 0x78, 0x04, 0x00, 0x5D, 0x75, 0x25, 0x83, 0x38, 0x00, 0x75, 0x20,
		0x8B, 0xCE, 0xE8, 0x69, 0x52, 0x06, 0x00, 0x8B, 0x50, 0x0C, 0x8B, 0x4B, 0x0C, 0x52, 0xE8, 0x2D,
		0xDA, 0xFE, 0xFF, 0x8B, 0x44, 0x24, 0x10, 0x50, 0xE8, 0x83, 0xD4, 0xF9, 0xFF, 0x83, 0xC4, 0x04,
		0x8A, 0x44, 0x24, 0x0F, 0x5F, 0x5E, 0x5B, 0x83, 0xC4, 0x10, 0xC2, 0x04, 0x00,
	};
	static const UInt32 kPerfExteriorAddBodyAddr = 0x452f10;
	static const UInt8 kPerfExteriorAddBodyAddrExpectedBytes[] = {
		0x53, 0x8B, 0x5C, 0x24, 0x08, 0x56, 0x57, 0x8D, 0x44, 0x24, 0x10, 0x50, 0x53, 0x8B, 0xF9, 0xE8,
		0xDC, 0xB0, 0x10, 0x00, 0x84, 0xC0, 0x75, 0x37, 0x6A, 0x08, 0xE8, 0xD1, 0xEF, 0xFA, 0xFF, 0x83,
		0xC4, 0x04, 0x85, 0xC0, 0x74, 0x1A, 0x50, 0x53, 0x8B, 0xCF, 0xC7, 0x00, 0x00, 0x00, 0x00, 0x00,
		0xC7, 0x40, 0x04, 0x00, 0x00, 0x00, 0x00, 0x8B, 0xF0, 0xE8, 0x22, 0xF6, 0xFF, 0xFF, 0xEB, 0x13,
		0x33, 0xC0, 0x50, 0x53, 0x8B, 0xCF, 0x8B, 0xF0, 0xE8, 0x13, 0xF6, 0xFF, 0xFF, 0xEB, 0x04, 0x8B,
		0x74, 0x24, 0x10, 0x6A, 0x0C, 0xE8, 0x96, 0xEF, 0xFA, 0xFF, 0x8B, 0x4C, 0x24, 0x18, 0x8B, 0xF8,
		0x83, 0xC4, 0x04, 0x89, 0x0F, 0xD9, 0x44, 0x24, 0x18, 0xDB, 0x5C, 0x24, 0x10, 0x8B, 0x54, 0x24,
		0x10, 0xC1, 0xFA, 0x0C, 0x89, 0x57, 0x04, 0xD9, 0x44, 0x24, 0x1C, 0xDB, 0x5C, 0x24, 0x10, 0x8B,
		0x44, 0x24, 0x10, 0xC1, 0xF8, 0x0C, 0x89, 0x47, 0x08, 0x83, 0x3E, 0x00, 0x74, 0x35, 0x6A, 0x08,
		0xE8, 0x5B, 0xEF, 0xFA, 0xFF, 0x83, 0xC4, 0x04, 0x85, 0xC0, 0x74, 0x1C, 0x8B, 0x0E, 0x89, 0x08,
		0xC7, 0x40, 0x04, 0x00, 0x00, 0x00, 0x00, 0x8B, 0x56, 0x04, 0x89, 0x50, 0x04, 0x89, 0x3E, 0x5F,
		0x89, 0x46, 0x04, 0x5E, 0x5B, 0xC2, 0x14, 0x00, 0x8B, 0x56, 0x04, 0x33, 0xC0, 0x89, 0x50, 0x04,
		0x89, 0x46, 0x04, 0x89, 0x3E, 0x5F, 0x5E, 0x5B, 0xC2, 0x14, 0x00,
	};
	static const UInt32 kPerfExteriorCtorBodyAddr = 0x45aa80;
	static const UInt8 kPerfExteriorCtorBodyAddrExpectedBytes[] = {
		0x56, 0x8B, 0xF1, 0x33, 0xC9, 0xB8, 0x25, 0x00, 0x00, 0x00, 0x89, 0x46, 0x04, 0xBA, 0x04, 0x00,
		0x00, 0x00, 0xF7, 0xE2, 0x0F, 0x90, 0xC1, 0xC7, 0x06, 0xFC, 0x8F, 0xA3, 0x00, 0xC7, 0x46, 0x0C,
		0x00, 0x00, 0x00, 0x00, 0xF7, 0xD9, 0x0B, 0xC8, 0x51, 0xE8, 0x52, 0x74, 0xFA, 0xFF, 0x8B, 0x4E,
		0x04, 0x03, 0xC9, 0x03, 0xC9, 0x51, 0x6A, 0x00, 0x50, 0x89, 0x46, 0x08, 0xE8, 0x6F, 0x6B, 0x52,
		0x00, 0x83, 0xC4, 0x10, 0xC7, 0x06, 0x30, 0xA3, 0xA3, 0x00, 0x8B, 0xC6, 0x5E, 0xC3,
	};
	static const UInt32 kPerfExteriorDtorBodyAddr = 0x45aad0;
	static const UInt8 kPerfExteriorDtorBodyAddrExpectedBytes[] = {
		0x6A, 0xFF, 0x68, 0x68, 0xE2, 0x9A, 0x00, 0x64, 0xA1, 0x00, 0x00, 0x00, 0x00, 0x50, 0x83, 0xEC,
		0x10, 0x53, 0x56, 0x57, 0xA1, 0xAC, 0x0A, 0xB3, 0x00, 0x33, 0xC4, 0x50, 0x8D, 0x44, 0x24, 0x20,
		0x64, 0xA3, 0x00, 0x00, 0x00, 0x00, 0x8B, 0xD9, 0x89, 0x5C, 0x24, 0x18, 0xC7, 0x03, 0x30, 0xA3,
		0xA3, 0x00, 0x33, 0xC0, 0x39, 0x43, 0x04, 0xC7, 0x44, 0x24, 0x28, 0x00, 0x00, 0x00, 0x00, 0x76,
		0x19, 0x8B, 0x53, 0x08, 0x8B, 0xCA, 0x83, 0x39, 0x00, 0x0F, 0x85, 0xB6, 0x00, 0x00, 0x00, 0x83,
		0xC0, 0x01, 0x83, 0xC1, 0x04, 0x3B, 0x43, 0x04, 0x72, 0xEC, 0x33, 0xC0, 0x85, 0xC0, 0x89, 0x44,
		0x24, 0x14, 0x74, 0x78, 0x8D, 0x44, 0x24, 0x10, 0x50, 0x8D, 0x4C, 0x24, 0x20, 0x51, 0x8D, 0x54,
		0x24, 0x1C, 0x52, 0x8B, 0xCB, 0xC7, 0x44, 0x24, 0x1C, 0x00, 0x00, 0x00, 0x00, 0xE8, 0xAE, 0x7A,
		0xFF, 0xFF, 0x8B, 0x74, 0x24, 0x10, 0x85, 0xF6, 0x8B, 0xFE, 0x74, 0x49, 0x8D, 0x64, 0x24, 0x00,
		0x8B, 0x07, 0x85, 0xC0, 0x74, 0x09, 0x50, 0xE8, 0xB4, 0x73, 0xFA, 0xFF, 0x83, 0xC4, 0x04, 0x8B,
		0x7F, 0x04, 0x85, 0xFF, 0x75, 0xEA, 0x39, 0x7E, 0x04, 0x74, 0x1B, 0xEB, 0x03, 0x8D, 0x49, 0x00,
		0x8B, 0x46, 0x04, 0x8B, 0x78, 0x04, 0x50, 0xE8, 0x94, 0x73, 0xFA, 0xFF, 0x83, 0xC4, 0x04, 0x85,
		0xFF, 0x89, 0x7E, 0x04, 0x75, 0xEA, 0x56, 0xC7, 0x06, 0x00, 0x00, 0x00, 0x00, 0xE8, 0x7E, 0x73,
		0xFA, 0xFF, 0x83, 0xC4, 0x04, 0x83, 0x7C, 0x24, 0x14, 0x00, 0x75, 0x88, 0x8B, 0xCB, 0xE8, 0x8D,
		0x7E, 0x36, 0x00, 0x8B, 0xCB, 0xC7, 0x44, 0x24, 0x28, 0xFF, 0xFF, 0xFF, 0xFF, 0xE8, 0x3E, 0xFB,
		0xFF, 0xFF, 0x8B, 0x4C, 0x24, 0x20, 0x64, 0x89, 0x0D, 0x00, 0x00, 0x00, 0x00, 0x59, 0x5F, 0x5E,
		0x5B, 0x83, 0xC4, 0x1C, 0xC3, 0x8B, 0x04, 0x82, 0xE9, 0x4F, 0xFF, 0xFF, 0xFF,
	};
	static const UInt32 kPerfExteriorMapVtableAddr = 0xa3a330;
	static const UInt8 kPerfExteriorMapVtableAddrExpectedBytes[] = {
		0xB0, 0xF0, 0x45, 0x00, 0x60, 0x90, 0x6A, 0x00, 0x80, 0x3E, 0x76, 0x00, 0x30, 0xF1, 0x67, 0x00,
		0x70, 0xF9, 0x68, 0x00, 0x60, 0x0F, 0x4F, 0x00, 0xD0, 0x2E, 0x4B, 0x00,
	};
	static const UInt32 kPerfSaveQueueAppendAddr = 0x005A6AB0;
	static const UInt32 kPerfExteriorQueryContinue = 0x00464A0B;
	static const UInt32 kPerfExteriorQueryEmpty = 0x00464A74;
	static const UInt32 kPerfExteriorAddContinue = 0x00452F15;
	static const UInt32 kPerfExteriorCtorContinue = 0x0045AA85;
	static const UInt32 kPerfExteriorDtorContinue = 0x0045AAD7;
	static const UInt32 kPerfExteriorDtorHandler = 0x009AE268;
	static const UInt32 kPerfExteriorConsumerContinue = 0x00464915;

	static const UInt32 kIndexedLightMainThreadIdentityDecodeAddr = 0x00461030;
	static const UInt8 kIndexedLightMainThreadIdentityDecodeAddrExpectedBytes[] = {
		0xA1,0x98,0x33,0xB3,0x00,0x56,0x57,0x8B,0x78,0x10,0x8B,0xF1,
		0xFF,0x15,0x8C,0x80,0xA2,0x00,0x3B,0xC7
	};

	static const UInt32 kPerfAMArchiveEnumerateSite = 0x0042DB50;
	static const UInt32 kPerfAMArchiveEnumerateContinueSite = 0x0042DB57;
	static const UInt32 kPerfAMArchiveSEHAddr = 0x009B1C0B;
	static const UInt32 kPerfAMArchiveEmitSite = 0x0042DD0E;
	static const UInt32 kPerfAMArchiveEmitContinueSite = 0x0042DDAA;
	static const UInt32 kPerfAMArchiveGetterAddr = 0x0042CC00;
	static const UInt32 kPerfAMArchiveVtableAddr = 0x00A35D74;
	static const UInt32 kPerfAMRetainOffsetsAddr = 0x00B04448;
	static const UInt32 kPerfAMSeekAddr = 0x0042FF80;
	static const UInt32 kPerfAMPushFrontAddr = 0x00446CB0;
	static const UInt32 kPerfAMAddModelSite = 0x0046DD70;
	static const UInt32 kPerfAMCopySite = 0x0046DDC0;
	static const UInt32 kPerfAMCopyContinueSite = 0x0046DDC6;
	static const UInt32 kPerfAMClearModelSite = 0x0046DF80;
	static const UInt32 kPerfAMClearTexturesAddr = 0x0046DE10;
	static const UInt32 kPerfAMNifzReadSite = 0x0046E027;
	static const UInt32 kPerfAMNifzBatchSite = 0x0046E02C;
	static const UInt32 kPerfAMNifzDoneSite = 0x0046E055;
	static const UInt32 kPerfAMNifzBodyAddr = 0x0046DFE0;
	static const UInt32 kPerfAMContainsBodyAddr = 0x0046DD20;
	static const UInt32 kPerfAMChunkDataBodyAddr = 0x00450C20;
	static const UInt32 kPerfAMEnterCSBodyAddr = 0x00401020;
	static const UInt32 kPerfAMLeaveCSBodyAddr = 0x00401040;
	static const UInt32 kPerfAMArchiveEnumerateSiteBody = 0x0042DB50;
	static const UInt32 kPerfAMArchiveGetterAddrBody = 0x0042CC00;
	static const UInt32 kPerfAMAddModelSiteBody = 0x0046DD70;
	static const UInt32 kPerfAMCopySiteBody = 0x0046DDC0;
	static const UInt32 kPerfAMClearModelSiteBody = 0x0046DF80;
	static const UInt32 kPerfAMNifzBodyAddrBody = 0x0046DFE0;
	static const UInt32 kPerfAMContainsBodyAddrBody = 0x0046DD20;
	static const UInt32 kPerfAMClearTexturesAddrBody = 0x0046DE10;
	static const UInt32 kPerfAMSeekAddrBody = 0x0042FF80;
	static const UInt32 kPerfAMArchiveVtableAddrBody = 0x00A35D74;
	static const UInt32 kPerfAMChunkDataBodyAddrBody = 0x00450C20;
	static const UInt32 kPerfAMEnterCSBodyAddrBody = 0x00401020;
	static const UInt32 kPerfAMLeaveCSBodyAddrBody = 0x00401040;
	static const UInt32 kPerfAMPushFrontAddrBody = 0x00446CB0;
	static const UInt32 kPerfLC1Site = 0x00863E6D;
	static const UInt32 kPerfLC1ContinueSite = 0x00863F0B;
	static const UInt32 kPerfLC1FailureSite = 0x0086438B;
	static const UInt32 kPerfLC1RendererModeAddr = 0x00B42EAC;
	static const UInt32 kPerfLC1FirstAddr = 0x007ED1A0;
	static const UInt32 kPerfLC1NextAddr = 0x007ED3B0;
	static const UInt32 kPerfLC1ConstructorAddr = 0x007E2370;
	static const UInt32 kPerfLC1CountFillBodyAddr = 0x00863E0C;
	static const UInt32 kPerfLC1RequestKeyBodyAddr = 0x008637F7;
	static const UInt32 kPerfLC1EpilogueBodyAddr = 0x00864374;
	static const UInt32 kPerfLC1ContinuationBodyAddr = 0x00863F0B;
	static const UInt32 kPerfLC1PublicationBodyAddr = 0x0086406A;
	static const UInt32 kPerfLC1FlagsBodyAddr = 0x00434980;
	static const UInt32 kPerfActorTruePredicateAddr = 0x00977C50;
	static const UInt32 kPerfActorPositionAddr = 0x005F10E0;
	static const UInt32 kPerfActorZeroMovementAddr = 0x0060CF50;
	static const UInt32 kPerfActorMovementAddr = 0x006285A0;
	static const UInt32 kPerfActorDistanceAddr = 0x004D7E90;
	static const UInt32 kPerfActorPushFrontAddr = 0x00446CB0;
	static const UInt32 kPerfActorManagerAddr = 0x00B3BD00;
	static const UInt32 kPerfActorRebuildNativeAddr = 0x00677A90;
	static const UInt32 kPerfActorPlayerAddr = 0x00B333C4;
	static const UInt32 kPerfActorRadiusAddr = 0x00B36CD8;
	static const UInt32 kPerfSaveMapVtableAddr = 0x00A3A350;
	static const UInt32 kPerfSaveMapHashAddr = 0x006A9060;
	static const UInt32 kPerfSaveMapEqualAddr = 0x00763E80;
	static const UInt32 kPerfSaveMapSetValueAddr = 0x0067F130;
	static const UInt32 kPerfSaveMapClearValueAddr = 0x0068F970;
	static const UInt32 kPerfSaveMapAllocateAddr = 0x004F0F60;
	static const UInt32 kPerfSaveMapSetAtContinue = 0x00452575;
	static const UInt32 kPerfSaveMapRemoveContinue = 0x004524C6;
	static const UInt32 kPerfSaveMapClearContinue = 0x007C2A46;
	static const UInt32 kPerfSaveMapCtorContinue = 0x0045ABE5;
	static const UInt32 kPerfSaveMapDtorHandlerAddr = 0x009AE298;
	static const UInt32 kPerfSaveMapDtorContinue = 0x0045AC37;
	static const UInt32 kPerfActorMainAddr = 0x00B33398;
	static const UInt32 kPerfActorMapPressureContinue = 0x004014A5;
	static const UInt32 kPerfActorRebuildPatchSite = 0x00466918;
	static const UInt32 kPerfSaveMapSetAtPatchSite = 0x00452570;
	static const UInt32 kPerfSaveMapRemovePatchSite = 0x004524C0;
	static const UInt32 kPerfSaveMapClearPatchSite = 0x007C2A40;
	static const UInt32 kPerfSaveMapCtorPatchSite = 0x0045ABE0;
	static const UInt32 kPerfSaveMapDtorPatchSite = 0x0045AC30;
	static const UInt32 kPerfActorMapPressurePatchSite = 0x004014A0;
	static const UInt32 kPerfActiveFormArrayAddr = 0x00B0614C;
	static const UInt32 kPerfOrderedSortPatchSite = 0x007AA55F;
	static const UInt32 kPerfOrderedSortContinue = 0x007AA56A;
	static const UInt32 kPerfOrderedSortDone = 0x007AA64E;
	static const UInt32 kPerfOrderedSelectorCompareAddr = 0x007A9A90;
	static const UInt32 kPerfOrderedGeometryCompareAddr = 0x007AA390;
	static const UInt32 kPerfDenseRefPatchSite = 0x004B369D;
	static const UInt32 kPerfDenseRefContinue = 0x004B36A3;
	static const UInt32 kPerfDenseRefAppend = 0x004B36C8;
	static const UInt32 kPerfDenseRawPatchSite = 0x0044908A;
	static const UInt32 kPerfDenseRawContinue = 0x0044908F;
	static const UInt32 kPerfDenseRawAppend = 0x004490A7;
	static const UInt32 kPerfFreshTransferPatchSite = 0x004A144D;
	static const UInt32 kPerfFreshTransferContinue = 0x004A1454;
	static const UInt32 kPerfRefArrayVtable = 0x00A43850;
	static const UInt32 kPerfRawArrayVtable = 0x00A37AAC;
	static const UInt32 kPerfRefCtorDecodeAddr = 0x004B2D64;
	static const UInt32 kPerfRefSlotInitDecodeAddr = 0x007C88A0;
	static const UInt32 kPerfPropertyOrderCallSite = 0x007D59B6;
	static const UInt32 kPerfPropertyPrefixPatchSite = 0x007ECFCF;
	static const UInt32 kPerfPropertyPrefixContinue = 0x007ECFD7;
	static const UInt32 kPerfPropertyNextOuter = 0x007ED134;
	static const UInt32 kPerfPropertyNativeOrderAddr = 0x007ECEC0;
	static const UInt32 kPerfPropertyGetSourceAddr = 0x00405AD0;
	static const UInt32 kIndexedLightAddTailPatchSite = 0x007C16B0;
	static const UInt32 kIndexedLightAddTailContinue = 0x007C16B5;
	static const UInt32 kIndexedLightAddHeadPatchSite = 0x00749800;
	static const UInt32 kIndexedLightAddHeadContinue = 0x00749805;
	static const UInt32 kIndexedLightInsertBeforePatchSite = 0x007C6A20;
	static const UInt32 kIndexedLightInsertBeforeContinue = 0x007C6A26;
	static const UInt32 kIndexedLightRemovePositionPatchSite = 0x007C17D0;
	static const UInt32 kIndexedLightRemovePositionContinue = 0x007C17D7;
	static const UInt32 kIndexedLightRemoveHeadPatchSite = 0x007C1740;
	static const UInt32 kIndexedLightRemoveHeadContinue = 0x007C1747;
	static const UInt32 kIndexedLightRemoveTailPatchSite = 0x007D1FD0;
	static const UInt32 kIndexedLightRemoveTailContinue = 0x007D1FD7;
	static const UInt32 kIndexedLightClearListPatchSite = 0x00573880;
	static const UInt32 kIndexedLightClearListContinue = 0x00573887;
	static const UInt32 kIndexedLightMoveBeforePatchSite = 0x007C58F0;
	static const UInt32 kIndexedLightMoveBeforeContinue = 0x007C58F8;
	static const UInt32 kIndexedLightSetSourcePatchSite = 0x007D3400;
	static const UInt32 kIndexedLightSetSourceContinue = 0x007D340A;
	static const UInt32 kIndexedLightFindSourcePatchSite = 0x007C6230;
	static const UInt32 kIndexedLightFindSourceContinue = 0x007C6237;
	static const UInt32 kIndexedLightRemoveValuePatchSite = 0x007D5F80;
	static const UInt32 kIndexedLightRemoveValueContinue = 0x007D5F87;
	static const UInt32 kIndexedLightBeginReceiversPatchSite = 0x007D5ED0;
	static const UInt32 kIndexedLightBeginReceiversContinue = 0x007D5ED7;
	static const UInt32 kIndexedLightEndReceiversPatchSite = 0x007D6A40;
	static const UInt32 kIndexedLightEndReceiversContinue = 0x007D6A4A;
	static const UInt32 kIndexedLightReceiverSearchPatchSite = 0x007D58C2;
	static const UInt32 kIndexedLightReceiverSearchContinue = 0x007D58C8;
	static const UInt32 kIndexedLightFullLightListVtable = 0x00A9048C;
	static const UInt32 kIndexedLightReceiverListVtable = 0x00A91294;
	static const UInt32 kIndexedLightReceiverHitContinue = 0x007D5974;
	static const UInt32 kIndexedLightReceiverMissContinue = 0x007D58E4;
	static const UInt32 kIndexedLightAddTailBodyAddr = 0x007C16B0;
	static const UInt32 kIndexedLightAddHeadBodyAddr = 0x00749800;
	static const UInt32 kIndexedLightInsertBeforeBodyAddr = 0x007C6A20;
	static const UInt32 kIndexedLightRemovePositionBodyAddr = 0x007C17D0;
	static const UInt32 kIndexedLightRemoveHeadBodyAddr = 0x007C1740;
	static const UInt32 kIndexedLightRemoveTailBodyAddr = 0x007D1FD0;
	static const UInt32 kIndexedLightClearListBodyAddr = 0x00573880;
	static const UInt32 kIndexedLightMoveBeforeBodyAddr = 0x007C58F0;
	static const UInt32 kIndexedLightSetSourceBodyAddr = 0x007D3400;
	static const UInt32 kIndexedLightFindSourceBodyAddr = 0x007C6230;
	static const UInt32 kIndexedLightRemoveValueBodyAddr = 0x007D5F80;
	static const UInt32 kIndexedLightBeginReceiversBodyAddr = 0x007D5ED0;
	static const UInt32 kIndexedLightEndReceiversBodyAddr = 0x007D6A40;
	static const UInt32 kIndexedLightRemovePositionHandler = 0x009CE1C1;
	static const UInt32 kIndexedLightRemoveHeadHandler = 0x009B21D9;
	static const UInt32 kIndexedLightRemoveTailHandler = 0x009CEA29;
	static const UInt32 kIndexedLightRemoveValueHandler = 0x009CEC29;
	static const UInt32 kIndexedLightBeginReceiversHandler = 0x009CA7EB;
	static const UInt8 kPerfAMArchiveEnumerateSiteExpectedBytes[] = {
		0x6A, 0xFF, 0x68, 0x0B, 0x1C, 0x9B, 0x00,
	};
	static const UInt8 kPerfAMArchiveEmitSiteExpectedBytes[] = {
		0x8B, 0x54, 0x24, 0x14, 0x8B, 0x44, 0x24, 0x1C,
	};
	static const UInt8 kPerfAMAddModelSiteExpectedBytes[] = {
		0x53, 0x57, 0x8B, 0x7C, 0x24, 0x0C,
	};
	static const UInt8 kPerfAMCopySiteExpectedBytes[] = {
		0x8B, 0x44, 0x24, 0x04, 0x56, 0x57,
	};
	static const UInt8 kPerfAMClearModelSiteExpectedBytes[] = {
		0x56, 0x57, 0x8B, 0xF1, 0x83, 0x7E, 0x08, 0x00,
	};
	static const UInt8 kPerfAMNifzReadSiteExpectedBytes[] = {
		0xE8, 0xF4, 0x2B, 0xFE, 0xFF,
	};
	static const UInt8 kPerfAMNifzBatchSiteExpectedBytes[] = {
		0x80, 0x3B, 0x00, 0x74, 0x24,
	};
	static const UInt8 kPerfAMArchiveEnumerateSiteBodyExpectedBytes[] = {
		0x6A, 0xFF, 0x68, 0x0B, 0x1C, 0x9B, 0x00, 0x64, 0xA1, 0x00, 0x00, 0x00, 0x00, 0x50, 0x83, 0xEC,
		0x1C, 0x53, 0x55, 0x56, 0x57, 0xA1, 0xAC, 0x0A, 0xB3, 0x00, 0x33, 0xC4, 0x50, 0x8D, 0x44, 0x24,
		0x30, 0x64, 0xA3, 0x00, 0x00, 0x00, 0x00, 0x8B, 0x7C, 0x24, 0x40, 0x8D, 0xB7, 0x00, 0x02, 0x00,
		0x00, 0x68, 0xA4, 0x5E, 0xA3, 0x00, 0x8B, 0xCE, 0x89, 0x74, 0x24, 0x28, 0xE8, 0x8F, 0x34, 0xFD,
		0xFF, 0x8B, 0x4C, 0x24, 0x4C, 0x6A, 0x00, 0x8D, 0x44, 0x24, 0x20, 0x50, 0x51, 0x8B, 0xCF, 0xE8,
		0x9C, 0xF2, 0xFF, 0xFF, 0x84, 0xC0, 0x0F, 0x84, 0x1F, 0x02, 0x00, 0x00, 0x83, 0x7C, 0x24, 0x48,
		0x00, 0x0F, 0x85, 0x8D, 0x00, 0x00, 0x00, 0x8B, 0x6C, 0x24, 0x44, 0x85, 0xED, 0x0F, 0x86, 0x81,
		0x00, 0x00, 0x00, 0x33, 0xC9, 0x8B, 0xC5, 0xBA, 0x04, 0x00, 0x00, 0x00, 0xF7, 0xE2, 0x0F, 0x90,
		0xC1, 0xF7, 0xD9, 0x0B, 0xC8, 0x51, 0xE8, 0x25, 0x43, 0xFD, 0xFF, 0x8B, 0x74, 0x24, 0x58, 0x83,
		0xC4, 0x04, 0x8B, 0xD8, 0x33, 0xFF, 0x85, 0xED, 0x89, 0x5C, 0x24, 0x48, 0x76, 0x47, 0x8B, 0xFF,
		0x8B, 0x2E, 0x6A, 0x08, 0xE8, 0x07, 0x43, 0xFD, 0xFF, 0x83, 0xC4, 0x04, 0x89, 0x44, 0x24, 0x20,
		0x85, 0xC0, 0xC7, 0x44, 0x24, 0x38, 0x00, 0x00, 0x00, 0x00, 0x74, 0x0C, 0x6A, 0x00, 0x55, 0x8B,
		0xC8, 0xE8, 0xBA, 0xC6, 0x2C, 0x00, 0xEB, 0x02, 0x33, 0xC0, 0x89, 0x04, 0xBB, 0x8B, 0x76, 0x04,
		0x83, 0xC7, 0x01, 0x3B, 0x7C, 0x24, 0x44, 0xC7, 0x44, 0x24, 0x38, 0xFF, 0xFF, 0xFF, 0xFF, 0x72,
		0xBF, 0x8B, 0x6C, 0x24, 0x44, 0x83, 0xC5, 0xFF, 0x55, 0x6A, 0x00, 0x53, 0xE8, 0x6F, 0xE3, 0xFF,
		0xFF, 0x83, 0xC4, 0x0C, 0x8B, 0x6C, 0x24, 0x1C, 0x8B, 0x44, 0x24, 0x40, 0xC1, 0xE5, 0x04, 0x03,
		0xA8, 0x78, 0x01, 0x00, 0x00, 0x33, 0xC0, 0x39, 0x45, 0x08, 0x89, 0x6C, 0x24, 0x20, 0x89, 0x44,
		0x24, 0x14, 0x0F, 0x86, 0x5F, 0x01, 0x00, 0x00, 0x89, 0x44, 0x24, 0x18, 0x8B, 0x75, 0x0C, 0x03,
		0x74, 0x24, 0x18, 0x8B, 0x54, 0x24, 0x40, 0x8B, 0x46, 0x0C, 0x8A, 0x92, 0x94, 0x01, 0x00, 0x00,
		0x8B, 0xC8, 0xC1, 0xE9, 0x1F, 0xC0, 0xEA, 0x03, 0x32, 0xCA, 0xF6, 0xC1, 0x01, 0x0F, 0x85, 0x1B,
		0x01, 0x00, 0x00, 0xA9, 0xFF, 0xFF, 0xFF, 0x7F, 0x0F, 0x84, 0x10, 0x01, 0x00, 0x00, 0x8B, 0x4C,
		0x24, 0x50, 0x56, 0xE8, 0xA8, 0xDF, 0xFF, 0xFF, 0x85, 0xC0, 0x0F, 0x85, 0xF6, 0x00, 0x00, 0x00,
		0x8B, 0x5C, 0x24, 0x44, 0x85, 0xDB, 0x74, 0x56, 0x8B, 0x06, 0x8B, 0x4E, 0x04, 0x33, 0xD2, 0x89,
		0x44, 0x24, 0x28, 0x89, 0x4C, 0x24, 0x2C, 0x8B, 0x4C, 0x24, 0x48, 0x8B, 0xC3, 0x2B, 0xC2, 0xD1,
		0xE8, 0x8D, 0x3C, 0x10, 0x8B, 0x0C, 0xB9, 0x8B, 0x29, 0x8B, 0x49, 0x04, 0x39, 0x4C, 0x24, 0x2C,
		0x72, 0x22, 0x77, 0x06, 0x39, 0x6C, 0x24, 0x28, 0x72, 0x1A, 0x39, 0x4C, 0x24, 0x2C, 0x0F, 0x82,
		0xB6, 0x00, 0x00, 0x00, 0x77, 0x0A, 0x39, 0x6C, 0x24, 0x28, 0x0F, 0x86, 0xAA, 0x00, 0x00, 0x00,
		0x8B, 0xD7, 0xEB, 0x02, 0x8B, 0xDF, 0x85, 0xC0, 0x75, 0xBD, 0x8B, 0x6C, 0x24, 0x20, 0x8B, 0x54,
		0x24, 0x14, 0x8B, 0x44, 0x24, 0x1C, 0x8B, 0x4C, 0x24, 0x40, 0x52, 0x50, 0xE8, 0xDF, 0xEE, 0xFF,
		0xFF, 0x8B, 0x7C, 0x24, 0x58, 0x8B, 0xD8, 0x8B, 0xC7, 0x8D, 0x50, 0x01, 0x8D, 0x64, 0x24, 0x00,
		0x8A, 0x08, 0x83, 0xC0, 0x01, 0x84, 0xC9, 0x75, 0xF7, 0x2B, 0xC2, 0x8B, 0xD0, 0x8B, 0xC3, 0x8D,
		0x70, 0x01, 0x8A, 0x08, 0x83, 0xC0, 0x01, 0x84, 0xC9, 0x75, 0xF7, 0x2B, 0xC6, 0x8D, 0x4C, 0x10,
		0x01, 0x51, 0xE8, 0xA9, 0x41, 0xFD, 0xFF, 0x8B, 0xF0, 0x83, 0xC4, 0x04, 0x8B, 0xCF, 0x2B, 0xF7,
		0x8A, 0x11, 0x88, 0x14, 0x0E, 0x83, 0xC1, 0x01, 0x84, 0xD2, 0x75, 0xF4, 0x8B, 0xCB, 0x8B, 0xF3,
		0x8A, 0x11, 0x83, 0xC1, 0x01, 0x84, 0xD2, 0x75, 0xF7, 0x2B, 0xCE, 0x8B, 0xF8, 0x8B, 0xD1, 0x83,
		0xC7, 0xFF, 0x8A, 0x4F, 0x01, 0x83, 0xC7, 0x01, 0x84, 0xC9, 0x75, 0xF6, 0x8B, 0xCA, 0xC1, 0xE9,
		0x02, 0xF3, 0xA5, 0x8B, 0xCA, 0x83, 0xE1, 0x03, 0xF3, 0xA4, 0x8B, 0x4C, 0x24, 0x54, 0x50, 0xE8,
		0x0C, 0x8F, 0x01, 0x00, 0xEB, 0x08, 0x7C, 0x1F, 0xEB, 0x04, 0x8B, 0x6C, 0x24, 0x20, 0x8B, 0x44,
		0x24, 0x14, 0x83, 0x44, 0x24, 0x18, 0x10, 0x83, 0xC0, 0x01, 0x3B, 0x45, 0x08, 0x89, 0x44, 0x24,
		0x14, 0x0F, 0x82, 0xA5, 0xFE, 0xFF, 0xFF, 0x8B, 0x74, 0x24, 0x24, 0x8B, 0xCE, 0xE8, 0x6E, 0x32,
		0xFD, 0xFF, 0x8B, 0x44, 0x24, 0x48, 0x8B, 0x4C, 0x24, 0x30, 0x64, 0x89, 0x0D, 0x00, 0x00, 0x00,
		0x00, 0x59, 0x5F, 0x5E, 0x5D, 0x5B, 0x83, 0xC4, 0x28, 0xC3,
	};
	static const UInt8 kPerfAMArchiveGetterAddrBodyExpectedBytes[] = {
		0x83, 0xEC, 0x0C, 0x56, 0x8B, 0xF1, 0xF6, 0x86, 0x94, 0x01, 0x00, 0x00, 0x20, 0x74, 0x21, 0x8B,
		0x86, 0xA4, 0x01, 0x00, 0x00, 0x8B, 0x4C, 0x24, 0x14, 0x8B, 0x14, 0x88, 0x8B, 0x44, 0x24, 0x18,
		0x8B, 0x04, 0x82, 0x03, 0x86, 0xA0, 0x01, 0x00, 0x00, 0x5E, 0x83, 0xC4, 0x0C, 0xC2, 0x08, 0x00,
		0x8B, 0x8E, 0x60, 0x01, 0x00, 0x00, 0x53, 0xD1, 0xE9, 0xBB, 0x01, 0x00, 0x00, 0x00, 0x84, 0xCB,
		0x0F, 0x84, 0xE1, 0x01, 0x00, 0x00, 0x8B, 0x86, 0xA0, 0x01, 0x00, 0x00, 0x55, 0x33, 0xED, 0x3B,
		0xC5, 0x74, 0x0F, 0x50, 0xE8, 0xC7, 0x52, 0xFD, 0xFF, 0x83, 0xC4, 0x04, 0x89, 0xAE, 0xA0, 0x01,
		0x00, 0x00, 0x57, 0x33, 0xFF, 0x68, 0x00, 0x01, 0x00, 0x00, 0x89, 0x7C, 0x24, 0x1C, 0xE8, 0x8D,
		0x52, 0xFD, 0xFF, 0x89, 0x86, 0xA0, 0x01, 0x00, 0x00, 0xA1, 0x48, 0x44, 0xB0, 0x00, 0x83, 0xC4,
		0x04, 0x3B, 0xC3, 0x75, 0x0D, 0x8B, 0x86, 0x60, 0x01, 0x00, 0x00, 0xC1, 0xE8, 0x05, 0x22, 0xC3,
		0xEB, 0x05, 0x3B, 0xC5, 0x0F, 0x95, 0xC0, 0x8B, 0x16, 0x8B, 0x52, 0x0C, 0x84, 0xC0, 0xA1, 0xD0,
		0x53, 0xA8, 0x00, 0x50, 0x0F, 0x84, 0x81, 0x00, 0x00, 0x00, 0x8B, 0x8E, 0xA4, 0x01, 0x00, 0x00,
		0x8B, 0x44, 0x24, 0x24, 0x8B, 0x0C, 0x81, 0x8B, 0x44, 0x24, 0x28, 0x8B, 0x0C, 0x81, 0x03, 0x8E,
		0x88, 0x01, 0x00, 0x00, 0x51, 0x8B, 0xCE, 0xFF, 0xD2, 0x8B, 0x8E, 0xA0, 0x01, 0x00, 0x00, 0x8B,
		0x56, 0x04, 0x53, 0x8D, 0x44, 0x24, 0x24, 0x50, 0x53, 0x51, 0x56, 0x89, 0x5C, 0x24, 0x34, 0xFF,
		0xD2, 0x8B, 0x86, 0xA0, 0x01, 0x00, 0x00, 0x83, 0xC4, 0x14, 0x80, 0x38, 0x00, 0x74, 0x2C, 0x90,
		0x8B, 0x96, 0xA0, 0x01, 0x00, 0x00, 0x8B, 0x46, 0x04, 0x53, 0x8D, 0x4C, 0x24, 0x24, 0x51, 0x03,
		0xFB, 0x53, 0x03, 0xD7, 0x52, 0x56, 0x89, 0x5C, 0x24, 0x34, 0xFF, 0xD0, 0x8B, 0x8E, 0xA0, 0x01,
		0x00, 0x00, 0x83, 0xC4, 0x14, 0x80, 0x3C, 0x0F, 0x00, 0x75, 0xD5, 0x8B, 0x86, 0xA0, 0x01, 0x00,
		0x00, 0x5F, 0x5D, 0x5B, 0x5E, 0x83, 0xC4, 0x0C, 0xC2, 0x08, 0x00, 0x8B, 0x8E, 0x88, 0x01, 0x00,
		0x00, 0x51, 0x8B, 0xCE, 0xFF, 0xD2, 0x8B, 0x44, 0x24, 0x20, 0x3B, 0xC5, 0x76, 0x51, 0x89, 0x44,
		0x24, 0x10, 0x8B, 0x86, 0x78, 0x01, 0x00, 0x00, 0x33, 0xFF, 0x39, 0x7C, 0x28, 0x08, 0x76, 0x32,
		0x88, 0x5C, 0x24, 0x20, 0x8B, 0x46, 0x04, 0x53, 0x8D, 0x4C, 0x24, 0x18, 0x51, 0x53, 0x8D, 0x54,
		0x24, 0x2C, 0x52, 0x56, 0x89, 0x5C, 0x24, 0x28, 0xFF, 0xD0, 0x83, 0xC4, 0x14, 0x80, 0x7C, 0x24,
		0x20, 0x00, 0x75, 0xE0, 0x8B, 0x8E, 0x78, 0x01, 0x00, 0x00, 0x03, 0xFB, 0x3B, 0x7C, 0x29, 0x08,
		0x72, 0xCE, 0x83, 0xC5, 0x10, 0x29, 0x5C, 0x24, 0x10, 0x75, 0xB7, 0x8B, 0x7C, 0x24, 0x18, 0x8B,
		0x44, 0x24, 0x24, 0x85, 0xC0, 0x76, 0x31, 0x8B, 0xE8, 0x8D, 0xA4, 0x24, 0x00, 0x00, 0x00, 0x00,
		0x88, 0x5C, 0x24, 0x20, 0x8B, 0x4E, 0x04, 0x53, 0x8D, 0x54, 0x24, 0x28, 0x52, 0x53, 0x8D, 0x44,
		0x24, 0x2C, 0x50, 0x56, 0x89, 0x5C, 0x24, 0x38, 0xFF, 0xD1, 0x83, 0xC4, 0x14, 0x80, 0x7C, 0x24,
		0x20, 0x00, 0x75, 0xE0, 0x2B, 0xEB, 0x75, 0xD8, 0x8B, 0x86, 0xA0, 0x01, 0x00, 0x00, 0x8B, 0x4E,
		0x04, 0x53, 0x8D, 0x54, 0x24, 0x24, 0x52, 0x53, 0x50, 0x56, 0x89, 0x5C, 0x24, 0x34, 0xFF, 0xD1,
		0x8B, 0x96, 0xA0, 0x01, 0x00, 0x00, 0x83, 0xC4, 0x14, 0x80, 0x3A, 0x00, 0x0F, 0x84, 0x29, 0xFF,
		0xFF, 0xFF, 0x8B, 0x8E, 0xA0, 0x01, 0x00, 0x00, 0x8B, 0x56, 0x04, 0x53, 0x8D, 0x44, 0x24, 0x24,
		0x50, 0x03, 0xFB, 0x53, 0x03, 0xCF, 0x51, 0x56, 0x89, 0x5C, 0x24, 0x34, 0xFF, 0xD2, 0x8B, 0x86,
		0xA0, 0x01, 0x00, 0x00, 0x83, 0xC4, 0x14, 0x80, 0x3C, 0x07, 0x00, 0x75, 0xD5, 0x5F, 0x5D, 0x5B,
		0x5E, 0x83, 0xC4, 0x0C, 0xC2, 0x08, 0x00, 0x5B, 0x33, 0xC0, 0x5E, 0x83, 0xC4, 0x0C, 0xC2, 0x08,
		0x00,
	};
	static const UInt8 kPerfAMAddModelSiteBodyExpectedBytes[] = {
		0x53, 0x57, 0x8B, 0x7C, 0x24, 0x0C, 0x57, 0x8B, 0xD9, 0xE8, 0xA2, 0xFF, 0xFF, 0xFF, 0x84, 0xC0,
		0x75, 0x39, 0x8B, 0xC7, 0x8D, 0x50, 0x01, 0x8A, 0x08, 0x83, 0xC0, 0x01, 0x84, 0xC9, 0x75, 0xF7,
		0x2B, 0xC2, 0x83, 0xC0, 0x01, 0x56, 0x50, 0xE8, 0x64, 0x41, 0xF9, 0xFF, 0x8B, 0xF0, 0x83, 0xC4,
		0x04, 0x8B, 0xCF, 0x2B, 0xF7, 0x8A, 0x11, 0x88, 0x14, 0x0E, 0x83, 0xC1, 0x01, 0x84, 0xD2, 0x75,
		0xF4, 0x50, 0x8D, 0x4B, 0x04, 0xE8, 0x26, 0xD4, 0x20, 0x00, 0x5E, 0x5F, 0x5B, 0xC2, 0x04, 0x00,
	};
	static const UInt8 kPerfAMCopySiteBodyExpectedBytes[] = {
		0x8B, 0x44, 0x24, 0x04, 0x56, 0x57, 0x6A, 0x00, 0x68, 0xCC, 0x5B, 0xB0, 0x00, 0x68, 0xEC, 0x31,
		0xB0, 0x00, 0x6A, 0x00, 0x50, 0x8B, 0xF9, 0xE8, 0x0A, 0x55, 0x51, 0x00, 0x8B, 0xF0, 0x83, 0xC4,
		0x14, 0x85, 0xF6, 0x74, 0x23, 0x8B, 0x17, 0x8B, 0x42, 0x04, 0x8B, 0xCF, 0xFF, 0xD0, 0x83, 0xC6,
		0x04, 0x74, 0x15, 0x8B, 0x06, 0x85, 0xC0, 0x74, 0x08, 0x50, 0x8B, 0xCF, 0xE8, 0x6F, 0xFF, 0xFF,
		0xFF, 0x8B, 0x76, 0x04, 0x85, 0xF6, 0x75, 0xEB, 0x5F, 0x5E, 0xC2, 0x04, 0x00,
	};
	static const UInt8 kPerfAMClearModelSiteBodyExpectedBytes[] = {
		0x56, 0x57, 0x8B, 0xF1, 0x83, 0x7E, 0x08, 0x00, 0x75, 0x06, 0x83, 0x7E, 0x04, 0x00, 0x74, 0x3B,
		0x8B, 0x46, 0x08, 0x85, 0xC0, 0x8B, 0x7E, 0x04, 0x74, 0x1F, 0x8B, 0x48, 0x04, 0x89, 0x4E, 0x08,
		0x8B, 0x10, 0x50, 0x89, 0x56, 0x04, 0xE8, 0x75, 0x3F, 0xF9, 0xFF, 0x83, 0xC4, 0x04, 0x57, 0xE8,
		0x6C, 0x3F, 0xF9, 0xFF, 0x83, 0xC4, 0x04, 0xEB, 0xCB, 0x57, 0xC7, 0x46, 0x04, 0x00, 0x00, 0x00,
		0x00, 0xE8, 0x5A, 0x3F, 0xF9, 0xFF, 0x83, 0xC4, 0x04, 0xEB, 0xB9, 0x5F, 0x8D, 0x4E, 0x0C, 0x5E,
		0xE9, 0x3B, 0xFE, 0xFF, 0xFF,
	};
	static const UInt8 kPerfAMNifzBodyAddrBodyExpectedBytes[] = {
		0x55, 0x57, 0x8B, 0x7C, 0x24, 0x10, 0x85, 0xFF, 0x8B, 0xE9, 0x0F, 0x84, 0x80, 0x00, 0x00, 0x00,
		0x56, 0x8B, 0x74, 0x24, 0x10, 0x85, 0xF6, 0x74, 0x76, 0x8B, 0xCF, 0xE8, 0xB0, 0x30, 0xFE, 0xFF,
		0x3D, 0x4E, 0x49, 0x46, 0x54, 0x74, 0x5E, 0x3D, 0x4E, 0x49, 0x46, 0x5A, 0x75, 0x61, 0x8B, 0x87,
		0x54, 0x02, 0x00, 0x00, 0x53, 0x50, 0xE8, 0xE5, 0x3E, 0xF9, 0xFF, 0x83, 0xC4, 0x04, 0x8B, 0xD8,
		0x6A, 0x00, 0x53, 0x8B, 0xCF, 0x8B, 0xF3, 0xE8, 0xF4, 0x2B, 0xFE, 0xFF, 0x80, 0x3B, 0x00, 0x74,
		0x24, 0x56, 0x8B, 0xCD, 0xE8, 0x37, 0xFD, 0xFF, 0xFF, 0x8B, 0xC6, 0x8D, 0x50, 0x01, 0x8B, 0xFF,
		0x8A, 0x08, 0x83, 0xC0, 0x01, 0x84, 0xC9, 0x75, 0xF7, 0x2B, 0xC2, 0x38, 0x4C, 0x06, 0x01, 0x8D,
		0x74, 0x06, 0x01, 0x75, 0xDC, 0x53, 0xE8, 0xC5, 0x3E, 0xF9, 0xFF, 0x83, 0xC4, 0x04, 0x5B, 0x5E,
		0x5F, 0x5D, 0xC2, 0x08, 0x00, 0x57, 0x56, 0x8D, 0x4D, 0x0C, 0xE8, 0xF1, 0xFD, 0xFF, 0xFF, 0x5E,
		0x5F, 0x5D, 0xC2, 0x08, 0x00,
	};
	static const UInt8 kPerfAMContainsBodyAddrBodyExpectedBytes[] = {
		0x83, 0x79, 0x08, 0x00, 0x56, 0x8D, 0x71, 0x04, 0x57, 0x75, 0x05, 0x83, 0x3E, 0x00, 0x74, 0x2B,
		0x8B, 0x7C, 0x24, 0x0C, 0x85, 0xFF, 0x74, 0x23, 0x85, 0xF6, 0x74, 0x1F, 0x8D, 0x64, 0x24, 0x00,
		0x8B, 0x06, 0x85, 0xC0, 0x74, 0x0E, 0x57, 0x50, 0xE8, 0xE0, 0x48, 0x51, 0x00, 0x83, 0xC4, 0x08,
		0x85, 0xC0, 0x74, 0x0E, 0x8B, 0x76, 0x04, 0x85, 0xF6, 0x75, 0xE5, 0x5F, 0x32, 0xC0, 0x5E, 0xC2,
		0x04, 0x00, 0x5F, 0xB0, 0x01, 0x5E, 0xC2, 0x04, 0x00,
	};
	static const UInt8 kPerfAMClearTexturesAddrBodyExpectedBytes[] = {
		0x56, 0x8B, 0xF1, 0x83, 0x7E, 0x04, 0x00, 0x74, 0x3E, 0x57, 0x33, 0xFF, 0x39, 0x3E, 0x76, 0x23,
		0x53, 0x8B, 0x46, 0x04, 0x8B, 0x1C, 0xB8, 0x85, 0xDB, 0x74, 0x10, 0x8B, 0xCB, 0xE8, 0x1E, 0xF6,
		0xFF, 0xFF, 0x53, 0xE8, 0xE8, 0x40, 0xF9, 0xFF, 0x83, 0xC4, 0x04, 0x83, 0xC7, 0x01, 0x3B, 0x3E,
		0x72, 0xDF, 0x5B, 0x8B, 0x4E, 0x04, 0x51, 0xE8, 0xD4, 0x40, 0xF9, 0xFF, 0x83, 0xC4, 0x04, 0xC7,
		0x46, 0x04, 0x00, 0x00, 0x00, 0x00, 0x5F, 0xC7, 0x06, 0x00, 0x00, 0x00, 0x00, 0x5E, 0xC3,
	};
	static const UInt8 kPerfAMSeekAddrBodyExpectedBytes[] = {
		0x53, 0x8B, 0x5C, 0x24, 0x0C, 0x3B, 0x1D, 0xD0, 0x53, 0xA8, 0x00, 0x56, 0x57, 0x8B, 0xF1, 0x75,
		0x1A, 0x83, 0x7E, 0x20, 0x00, 0x8B, 0x44, 0x24, 0x10, 0x8B, 0xF8, 0x75, 0x47, 0x8B, 0x1D, 0xD4,
		0x53, 0xA8, 0x00, 0x2B, 0x86, 0x48, 0x01, 0x00, 0x00, 0xEB, 0x39, 0x3B, 0x1D, 0xD4, 0x53, 0xA8,
		0x00, 0x75, 0x0E, 0x8B, 0xBE, 0x48, 0x01, 0x00, 0x00, 0x8B, 0x44, 0x24, 0x10, 0x03, 0xF8, 0xEB,
		0x23, 0x3B, 0x1D, 0xD8, 0x53, 0xA8, 0x00, 0x75, 0x11, 0x8B, 0x06, 0x8B, 0x50, 0x1C, 0xFF, 0xD2,
		0x8B, 0xF8, 0x8B, 0x44, 0x24, 0x10, 0x2B, 0xF8, 0xEB, 0x0A, 0x8B, 0xBE, 0x48, 0x01, 0x00, 0x00,
		0x8B, 0x44, 0x24, 0x10, 0x3B, 0xBE, 0x48, 0x01, 0x00, 0x00, 0x74, 0x0F, 0x53, 0x50, 0x8B, 0xCE,
		0xE8, 0x2B, 0x7E, 0x31, 0x00, 0x89, 0xBE, 0x48, 0x01, 0x00, 0x00, 0x5F, 0x5E, 0x5B, 0xC2, 0x08,
		0x00,
	};
	static const UInt8 kPerfAMArchiveVtableAddrBodyExpectedBytes[] = {
		0x00, 0xE0, 0x42, 0x00, 0xC0, 0x81, 0x74, 0x00, 0xF0, 0x07, 0x43, 0x00, 0x80, 0xFF, 0x42, 0x00,
		0x10, 0x00, 0x43, 0x00, 0x90, 0xE5, 0x42, 0x00, 0x80, 0xFE, 0x42, 0x00, 0x40, 0x02, 0x43, 0x00,
		0x00, 0x07, 0x43, 0x00, 0xB0, 0x0A, 0x43, 0x00, 0xE0, 0x08, 0x43, 0x00, 0x80, 0x08, 0x43, 0x00,
		0x20, 0x08, 0x43, 0x00, 0xD0, 0x00, 0x43, 0x00, 0xB0, 0x02, 0x43, 0x00, 0x30, 0x00, 0x43, 0x00,
	};
	static const UInt8 kPerfAMChunkDataBodyAddrBodyExpectedBytes[] = {
		0x83, 0xEC, 0x18, 0xA1, 0xAC, 0x0A, 0xB3, 0x00, 0x33, 0xC4, 0x89, 0x44, 0x24, 0x14, 0x55, 0x8B,
		0x6C, 0x24, 0x20, 0x56, 0x8B, 0xF1, 0x83, 0xBE, 0x54, 0x02, 0x00, 0x00, 0x00, 0x75, 0x15, 0x5E,
		0xB0, 0x01, 0x5D, 0x8B, 0x4C, 0x24, 0x14, 0x33, 0xCC, 0xE8, 0x94, 0x05, 0x53, 0x00, 0x83, 0xC4,
		0x18, 0xC2, 0x08, 0x00, 0x83, 0xBE, 0x64, 0x02, 0x00, 0x00, 0x00, 0x53, 0x57, 0xBB, 0x00, 0x00,
		0x04, 0x00, 0x76, 0x41, 0x8B, 0x86, 0x3C, 0x02, 0x00, 0x00, 0x3B, 0x05, 0x20, 0x5E, 0xB0, 0x00,
		0x74, 0x08, 0x85, 0x9E, 0x44, 0x02, 0x00, 0x00, 0x75, 0x21, 0xA1, 0xD0, 0x53, 0xA8, 0x00, 0x8B,
		0x4E, 0x10, 0x8B, 0xBE, 0x5C, 0x02, 0x00, 0x00, 0x8B, 0x11, 0x8B, 0x52, 0x0C, 0x50, 0x8B, 0x86,
		0x60, 0x02, 0x00, 0x00, 0x8D, 0x44, 0x38, 0x1A, 0x50, 0xFF, 0xD2, 0xC7, 0x86, 0x64, 0x02, 0x00,
		0x00, 0x00, 0x00, 0x00, 0x00, 0x8B, 0x7C, 0x24, 0x30, 0x85, 0xFF, 0x0F, 0x84, 0x59, 0x01, 0x00,
		0x00, 0x39, 0xBE, 0x54, 0x02, 0x00, 0x00, 0x0F, 0x86, 0x4D, 0x01, 0x00, 0x00, 0xC6, 0x44, 0x2F,
		0xFF, 0x00, 0x8B, 0x86, 0x3C, 0x02, 0x00, 0x00, 0x3B, 0x05, 0x20, 0x5E, 0xB0, 0x00, 0x74, 0x08,
		0x85, 0x9E, 0x44, 0x02, 0x00, 0x00, 0x75, 0x71, 0x8B, 0x4E, 0x10, 0x8D, 0x5F, 0xFF, 0x53, 0x55,
		0xE8, 0xFB, 0xBB, 0xFD, 0xFF, 0x3B, 0xC3, 0x89, 0x86, 0x64, 0x02, 0x00, 0x00, 0x0F, 0x84, 0x91,
		0x00, 0x00, 0x00, 0x6A, 0x00, 0x6A, 0x00, 0x8D, 0x4C, 0x24, 0x18, 0x51, 0x68, 0x00, 0x04, 0x00,
		0x00, 0xFF, 0x15, 0xEC, 0x81, 0xA2, 0x00, 0x50, 0x6A, 0x00, 0x68, 0x00, 0x13, 0x00, 0x00, 0xFF,
		0x15, 0x70, 0x81, 0xA2, 0x00, 0x8B, 0x54, 0x24, 0x10, 0x52, 0x68, 0x78, 0x8E, 0xA3, 0x00, 0xE8,
		0x3C, 0x6D, 0x05, 0x00, 0x8B, 0x44, 0x24, 0x18, 0x83, 0xC4, 0x08, 0x50, 0xFF, 0x15, 0x6C, 0x81,
		0xA2, 0x00, 0x5F, 0x5B, 0x5E, 0x32, 0xC0, 0x5D, 0x8B, 0x4C, 0x24, 0x14, 0x33, 0xCC, 0xE8, 0x9F,
		0x04, 0x53, 0x00, 0x83, 0xC4, 0x18, 0xC2, 0x08, 0x00, 0x8B, 0x86, 0x60, 0x02, 0x00, 0x00, 0x83,
		0xC0, 0x06, 0x83, 0xBE, 0x14, 0x04, 0x00, 0x00, 0x00, 0x89, 0x44, 0x24, 0x10, 0x75, 0x07, 0x8B,
		0xCE, 0xE8, 0xEA, 0xF7, 0xFF, 0xFF, 0x8B, 0x8E, 0x14, 0x04, 0x00, 0x00, 0x03, 0x4C, 0x24, 0x10,
		0x8D, 0x5F, 0xFF, 0x53, 0x51, 0x55, 0xE8, 0x45, 0x05, 0x53, 0x00, 0x83, 0xC4, 0x0C, 0x89, 0x9E,
		0x64, 0x02, 0x00, 0x00, 0x0F, 0xB6, 0x96, 0x50, 0x02, 0x00, 0x00, 0x8B, 0x86, 0x50, 0x02, 0x00,
		0x00, 0x8B, 0xC8, 0xC1, 0xF8, 0x10, 0x88, 0x54, 0x24, 0x1C, 0x0F, 0xB6, 0x96, 0x53, 0x02, 0x00,
		0x00, 0x88, 0x44, 0x24, 0x1E, 0x0F, 0xB6, 0x86, 0x3C, 0x02, 0x00, 0x00, 0xC1, 0xF9, 0x08, 0x88,
		0x4C, 0x24, 0x1D, 0x8A, 0x8E, 0x3D, 0x02, 0x00, 0x00, 0x88, 0x54, 0x24, 0x1F, 0x0F, 0xB6, 0x96,
		0x3E, 0x02, 0x00, 0x00, 0x55, 0x88, 0x44, 0x24, 0x18, 0x0F, 0xB6, 0x86, 0x3F, 0x02, 0x00, 0x00,
		0x57, 0x88, 0x4C, 0x24, 0x1D, 0x8D, 0x4C, 0x24, 0x1C, 0x51, 0x88, 0x54, 0x24, 0x22, 0x8D, 0x54,
		0x24, 0x28, 0x88, 0x44, 0x24, 0x23, 0x8B, 0x86, 0x54, 0x02, 0x00, 0x00, 0x52, 0x50, 0x68, 0x18,
		0x8E, 0xA3, 0x00, 0xC6, 0x44, 0x24, 0x38, 0x00, 0xC6, 0x44, 0x24, 0x30, 0x00, 0xE8, 0x5E, 0x6C,
		0x05, 0x00, 0x83, 0xC4, 0x18, 0xE9, 0xE3, 0x00, 0x00, 0x00, 0x8B, 0x8E, 0x3C, 0x02, 0x00, 0x00,
		0x3B, 0x0D, 0x20, 0x5E, 0xB0, 0x00, 0x74, 0x0C, 0x85, 0x9E, 0x44, 0x02, 0x00, 0x00, 0x0F, 0x85,
		0x8B, 0x00, 0x00, 0x00, 0x8B, 0x8E, 0x54, 0x02, 0x00, 0x00, 0x8B, 0x46, 0x10, 0x6A, 0x01, 0x8D,
		0x54, 0x24, 0x14, 0x52, 0x51, 0x55, 0x50, 0x8B, 0x40, 0x04, 0xC7, 0x44, 0x24, 0x24, 0x01, 0x00,
		0x00, 0x00, 0xFF, 0xD0, 0x83, 0xC4, 0x14, 0x3B, 0x86, 0x54, 0x02, 0x00, 0x00, 0x89, 0x86, 0x64,
		0x02, 0x00, 0x00, 0x0F, 0x84, 0x94, 0x00, 0x00, 0x00, 0x6A, 0x00, 0x6A, 0x00, 0x8D, 0x4C, 0x24,
		0x18, 0x51, 0x68, 0x00, 0x04, 0x00, 0x00, 0xFF, 0x15, 0xEC, 0x81, 0xA2, 0x00, 0x50, 0x6A, 0x00,
		0x68, 0x00, 0x13, 0x00, 0x00, 0xFF, 0x15, 0x70, 0x81, 0xA2, 0x00, 0x8B, 0x54, 0x24, 0x10, 0x52,
		0x68, 0xE0, 0x8D, 0xA3, 0x00, 0xE8, 0xD6, 0x6B, 0x05, 0x00, 0x8B, 0x44, 0x24, 0x18, 0x83, 0xC4,
		0x08, 0x50, 0xFF, 0x15, 0x6C, 0x81, 0xA2, 0x00, 0x5F, 0x5B, 0x5E, 0x32, 0xC0, 0x5D, 0x8B, 0x4C,
		0x24, 0x14, 0x33, 0xCC, 0xE8, 0x39, 0x03, 0x53, 0x00, 0x83, 0xC4, 0x18, 0xC2, 0x08, 0x00, 0x8B,
		0xBE, 0x60, 0x02, 0x00, 0x00, 0x83, 0xC7, 0x06, 0x83, 0xBE, 0x14, 0x04, 0x00, 0x00, 0x00, 0x75,
		0x07, 0x8B, 0xCE, 0xE8, 0x88, 0xF6, 0xFF, 0xFF, 0x8B, 0x8E, 0x54, 0x02, 0x00, 0x00, 0x8B, 0x96,
		0x14, 0x04, 0x00, 0x00, 0x51, 0x03, 0xD7, 0x52, 0x55, 0xE8, 0xE2, 0x03, 0x53, 0x00, 0x8B, 0x86,
		0x54, 0x02, 0x00, 0x00, 0x83, 0xC4, 0x0C, 0x89, 0x86, 0x64, 0x02, 0x00, 0x00, 0x8B, 0x4C, 0x24,
		0x24, 0x5F, 0x5B, 0x5E, 0x5D, 0x33, 0xCC, 0xB0, 0x01, 0xE8, 0xE4, 0x02, 0x53, 0x00, 0x83, 0xC4,
		0x18, 0xC2, 0x08, 0x00,
	};
	static const UInt8 kPerfAMEnterCSBodyAddrBodyExpectedBytes[] = {
		0x89, 0x4C, 0x24, 0x04, 0xFF, 0x25, 0x6C, 0x80, 0xA2, 0x00,
	};
	static const UInt8 kPerfAMLeaveCSBodyAddrBodyExpectedBytes[] = {
		0x51, 0xFF, 0x15, 0x74, 0x80, 0xA2, 0x00, 0xC3,
	};
	static const UInt8 kPerfAMPushFrontAddrBodyExpectedBytes[] = {
		0x56, 0x57, 0x8B, 0x7C, 0x24, 0x0C, 0x85, 0xFF, 0x8B, 0xF1, 0x74, 0x3B, 0x83, 0x3E, 0x00, 0x74,
		0x34, 0x6A, 0x08, 0xE8, 0x38, 0xB2, 0xFB, 0xFF, 0x83, 0xC4, 0x04, 0x85, 0xC0, 0x74, 0x1B, 0x8B,
		0x0E, 0x89, 0x08, 0xC7, 0x40, 0x04, 0x00, 0x00, 0x00, 0x00, 0x8B, 0x56, 0x04, 0x89, 0x50, 0x04,
		0x89, 0x3E, 0x5F, 0x89, 0x46, 0x04, 0x5E, 0xC2, 0x04, 0x00, 0x8B, 0x56, 0x04, 0x33, 0xC0, 0x89,
		0x50, 0x04, 0x89, 0x46, 0x04,
	};
	static const UInt8 kPerfLC1SiteExpectedBytes[] = {
		0xC6, 0x46, 0x08, 0x01, 0xE8, 0x2A, 0x93, 0xF8, 0xFF,
	};
	static const UInt8 kPerfLC1CountFillBodyAddrExpectedBytes[] = {
		0x8B, 0x46, 0x1C, 0xC1, 0xE8, 0x1C, 0x0F, 0xB6, 0xC0, 0x50, 0xE8, 0x65, 0x04, 0xF5, 0xFF, 0x8B,
		0xB8, 0x18, 0x01, 0x00, 0x00, 0x6A, 0x10, 0x89, 0x7C, 0x24, 0x38, 0xE8, 0xD4, 0xE0, 0xB9, 0xFF,
		0x83, 0xC4, 0x08, 0x89, 0x44, 0x24, 0x2C, 0x85, 0xC0, 0xC7, 0x44, 0x24, 0x58, 0x07, 0x00, 0x00,
		0x00, 0x74, 0x1A, 0x8B, 0x4C, 0x24, 0x60, 0x6A, 0x00, 0x6A, 0x00, 0x6A, 0x01, 0x6A, 0x00, 0x51,
		0x50, 0xE8, 0x1E, 0xE5, 0xF7, 0xFF, 0x83, 0xC4, 0x18, 0x8B, 0xF0, 0xEB, 0x02, 0x33, 0xF6, 0x8B,
		0x6C, 0x24, 0x20, 0x8B, 0xCD, 0xC7, 0x44, 0x24, 0x58, 0xFF, 0xFF, 0xFF, 0xFF, 0x89, 0x74, 0x24,
		0x24, 0xC6, 0x46, 0x08, 0x01, 0xE8, 0x2A, 0x93, 0xF8, 0xFF, 0x85, 0xC0, 0x74, 0x1E, 0x8D, 0x9B,
		0x00, 0x00, 0x00, 0x00, 0x80, 0xB8, 0xF4, 0x00, 0x00, 0x00, 0x00, 0x75, 0x04, 0x80, 0x46, 0x08,
		0x01, 0x8B, 0xCD, 0xE8, 0x1C, 0x95, 0xF8, 0xFF, 0x85, 0xC0, 0x75, 0xE8, 0x8A, 0x46, 0x08, 0x84,
		0xC0, 0x76, 0x65, 0x0F, 0xB6, 0xC0, 0x33, 0xC9, 0xBA, 0x04, 0x00, 0x00, 0x00, 0xF7, 0xE2, 0x0F,
		0x90, 0xC1, 0xF7, 0xD9, 0x0B, 0xC8, 0x51, 0xE8, 0x48, 0xE0, 0xB9, 0xFF, 0x83, 0xC4, 0x04, 0x8B,
		0xCD, 0x89, 0x46, 0x0C, 0xE8, 0xDB, 0x92, 0xF8, 0xFF, 0x85, 0xC0, 0x8B, 0x4E, 0x0C, 0x89, 0x39,
		0xC7, 0x44, 0x24, 0x28, 0x01, 0x00, 0x00, 0x00, 0x74, 0x25, 0x80, 0xB8, 0xF4, 0x00, 0x00, 0x00,
		0x00, 0x75, 0x11, 0x8B, 0x4C, 0x24, 0x28, 0x8B, 0x56, 0x0C, 0x89, 0x04, 0x8A, 0x83, 0xC1, 0x01,
		0x89, 0x4C, 0x24, 0x28, 0x8B, 0xCD, 0xE8, 0xB9, 0x94, 0xF8, 0xFF, 0x85, 0xC0, 0x75, 0xDB, 0x8A,
		0x44, 0x24, 0x28, 0x88, 0x46, 0x08, 0xEB, 0x07, 0xC7, 0x46, 0x0C, 0x00, 0x00, 0x00, 0x00,
	};
	static const UInt8 kPerfLC1RequestKeyBodyAddrExpectedBytes[] = {
		0x89, 0x4C, 0x24, 0x20, 0x0F, 0xB7, 0x3D, 0xAC, 0x2E, 0xB4, 0x00, 0x8B, 0x4C, 0x24, 0x60, 0x8D,
		0x44, 0x24, 0x28, 0xC1, 0xE7, 0x08, 0x0B, 0x7C, 0x24, 0x64, 0x50, 0xE8, 0x49, 0x1F,
	};
	static const UInt8 kPerfLC1EpilogueBodyAddrExpectedBytes[] = {
		0x0F, 0xB7, 0x05, 0xAC, 0x2E, 0xB4, 0x00, 0x8B, 0x4C, 0x24, 0x20, 0xC1, 0xE0, 0x08, 0x0B, 0x44,
		0x24, 0x64, 0x8B, 0xF1, 0x89, 0x41, 0x24, 0x8D, 0x46, 0x28, 0x8B, 0x4C, 0x24, 0x50, 0x64, 0x89,
		0x0D, 0x00, 0x00, 0x00, 0x00, 0x59, 0x5F, 0x5E, 0x5D, 0x5B, 0x83, 0xC4, 0x48, 0xC2, 0x10, 0x00,
	};
	static const UInt8 kPerfLC1ContinuationBodyAddrExpectedBytes[] = {
		0x6A, 0x00, 0x68, 0x00, 0x00, 0x00, 0x01, 0x8B, 0xCD, 0xE8, 0x67, 0x0A, 0xBD, 0xFF, 0xF7, 0x45,
		0x1C, 0x00, 0x00, 0x04, 0x00, 0x76, 0x12, 0xF6, 0xDB,
	};
	static const UInt8 kPerfLC1PublicationBodyAddrExpectedBytes[] = {
		0x66, 0x89, 0x5E, 0x04, 0x8D, 0x4C, 0x24, 0x24, 0x8D, 0x7D, 0x28, 0x51, 0x8B, 0xCF, 0xE8, 0xA3,
		0x62,
	};
	static const UInt8 kPerfLC1FirstAddrExpectedBytes[] = {
		0x83, 0xEC, 0x08, 0x55, 0x8B, 0xE9, 0x8B, 0x45, 0x70, 0x85, 0xC0, 0xC7, 0x44, 0x24, 0x04, 0x00,
		0x00, 0x00, 0x00, 0x89, 0x45, 0x7C, 0x75, 0x05, 0x5D, 0x83, 0xC4, 0x08, 0xC3, 0x53, 0x56, 0x57,
		0x8B, 0x08, 0x85, 0xC9, 0x89, 0x4D, 0x7C, 0x8B, 0x78, 0x08, 0x74, 0x2C, 0x85, 0xFF, 0x74, 0x28,
		0x66, 0x81, 0xBF, 0x18, 0x01, 0x00, 0x00, 0xFF, 0x00, 0x74, 0x19, 0x8D, 0x54, 0x24, 0x14, 0x52,
		0x8B, 0xCF, 0xE8, 0xE9, 0x88, 0xC1, 0xFF, 0x8B, 0x00, 0x83, 0x4C, 0x24, 0x10, 0x01, 0xF6, 0x40,
		0x18, 0x01, 0x74, 0x04, 0xB3, 0x01, 0xEB, 0x02, 0x32, 0xDB, 0xF6, 0x44, 0x24, 0x10, 0x01, 0x74,
		0x29, 0x8B, 0x74, 0x24, 0x14, 0x83, 0x64, 0x24, 0x10, 0xFE, 0x85, 0xF6, 0x74, 0x1C, 0x8D, 0x4E,
		0x04, 0x51, 0xFF, 0x15, 0x7C, 0x80, 0xA2, 0x00, 0x85, 0xC0, 0x75, 0x0E, 0x85, 0xF6, 0x74, 0x0A,
		0x8B, 0x16, 0x8B, 0x02, 0x6A, 0x01, 0x8B, 0xCE, 0xFF, 0xD0, 0x84, 0xDB, 0x74, 0x05, 0x8B, 0x45,
		0x7C, 0xEB, 0x8D, 0x85, 0xFF, 0x74, 0x28, 0x66, 0x81, 0xBF, 0x18, 0x01, 0x00, 0x00, 0xFF, 0x00,
		0x74, 0x19, 0x8D, 0x54, 0x24, 0x14, 0x52, 0x8B, 0xCF, 0xE8, 0x82, 0x88, 0xC1, 0xFF, 0x8B, 0x00,
		0x83, 0x4C, 0x24, 0x10, 0x02, 0xF6, 0x40, 0x18, 0x01, 0x74, 0x04, 0xB3, 0x01, 0xEB, 0x02, 0x32,
		0xDB, 0xF6, 0x44, 0x24, 0x10, 0x02, 0x74, 0x24, 0x8B, 0x74, 0x24, 0x14, 0x85, 0xF6, 0x74, 0x1C,
		0x8D, 0x4E, 0x04, 0x51, 0xFF, 0x15, 0x7C, 0x80, 0xA2, 0x00, 0x85, 0xC0, 0x75, 0x0E, 0x85, 0xF6,
		0x74, 0x0A, 0x8B, 0x16, 0x8B, 0x02, 0x6A, 0x01, 0x8B, 0xCE, 0xFF, 0xD0, 0xF6, 0xDB, 0x1B, 0xDB,
		0xF7, 0xD3, 0x23, 0xDF, 0x5F, 0x5E, 0x8B, 0xC3, 0x5B, 0x5D, 0x83, 0xC4, 0x08, 0xC3,
	};
	static const UInt8 kPerfLC1NextAddrExpectedBytes[] = {
		0x83, 0xEC, 0x08, 0x53, 0x55, 0x56, 0x57, 0x33, 0xFF, 0x8B, 0xE9, 0x39, 0x7D, 0x7C, 0x89, 0x7C,
		0x24, 0x10, 0x0F, 0x84, 0x9D, 0x00, 0x00, 0x00, 0x8B, 0x45, 0x7C, 0x8B, 0x08, 0x89, 0x4D, 0x7C,
		0x8B, 0x78, 0x08, 0x85, 0xFF, 0x74, 0x2C, 0x85, 0xC9, 0x74, 0x28, 0x66, 0x81, 0xBF, 0x18, 0x01,
		0x00, 0x00, 0xFF, 0x00, 0x74, 0x19, 0x8D, 0x54, 0x24, 0x14, 0x52, 0x8B, 0xCF, 0xE8, 0xDE, 0x86,
		0xC1, 0xFF, 0x8B, 0x00, 0x83, 0x4C, 0x24, 0x10, 0x01, 0xF6, 0x40, 0x18, 0x01, 0x74, 0x04, 0xB3,
		0x01, 0xEB, 0x02, 0x32, 0xDB, 0xF6, 0x44, 0x24, 0x10, 0x01, 0x74, 0x29, 0x8B, 0x74, 0x24, 0x14,
		0x83, 0x64, 0x24, 0x10, 0xFE, 0x85, 0xF6, 0x74, 0x1C, 0x8D, 0x4E, 0x04, 0x51, 0xFF, 0x15, 0x7C,
		0x80, 0xA2, 0x00, 0x85, 0xC0, 0x75, 0x0E, 0x85, 0xF6, 0x74, 0x0A, 0x8B, 0x16, 0x8B, 0x02, 0x6A,
		0x01, 0x8B, 0xCE, 0xFF, 0xD0, 0x84, 0xDB, 0x75, 0x8F, 0x85, 0xFF, 0x74, 0x28, 0x66, 0x81, 0xBF,
		0x18, 0x01, 0x00, 0x00, 0xFF, 0x00, 0x74, 0x19, 0x8D, 0x54, 0x24, 0x14, 0x52, 0x8B, 0xCF, 0xE8,
		0x7C, 0x86, 0xC1, 0xFF, 0x8B, 0x00, 0x83, 0x4C, 0x24, 0x10, 0x02, 0xF6, 0x40, 0x18, 0x01, 0x74,
		0x04, 0xB3, 0x01, 0xEB, 0x02, 0x32, 0xDB, 0xF6, 0x44, 0x24, 0x10, 0x02, 0x74, 0x24, 0x8B, 0x74,
		0x24, 0x14, 0x85, 0xF6, 0x74, 0x1C, 0x8D, 0x4E, 0x04, 0x51, 0xFF, 0x15, 0x7C, 0x80, 0xA2, 0x00,
		0x85, 0xC0, 0x75, 0x0E, 0x85, 0xF6, 0x74, 0x0A, 0x8B, 0x16, 0x8B, 0x02, 0x6A, 0x01, 0x8B, 0xCE,
		0xFF, 0xD0, 0xF6, 0xDB, 0x1B, 0xDB, 0xF7, 0xD3, 0x23, 0xDF, 0x5F, 0x5E, 0x5D, 0x8B, 0xC3, 0x5B,
		0x83, 0xC4, 0x08, 0xC3,
	};
	static const UInt8 kPerfLC1ConstructorAddrExpectedBytes[] = {
		0x8B, 0x44, 0x24, 0x08, 0x66, 0x8B, 0x4C, 0x24, 0x0C, 0x8A, 0x54, 0x24, 0x10, 0x53, 0x56, 0x8B,
		0x74, 0x24, 0x0C, 0x33, 0xDB, 0x89, 0x06, 0x8A, 0x44, 0x24, 0x1C, 0x3A, 0xC3, 0x66, 0x89, 0x4E,
		0x04, 0x88, 0x46, 0x08, 0x88, 0x56, 0x06, 0x88, 0x5E, 0x07, 0x89, 0x5E, 0x0C, 0x76, 0x4B, 0x57,
		0x0F, 0xB6, 0xF8, 0x33, 0xC9, 0x8B, 0xC7, 0xBA, 0x04, 0x00, 0x00, 0x00, 0xF7, 0xE2, 0x0F, 0x90,
		0xC1, 0xF7, 0xD9, 0x0B, 0xC8, 0x51, 0xE8, 0x45, 0xFB, 0xC1, 0xFF, 0x89, 0x46, 0x0C, 0x83, 0xC4,
		0x04, 0x33, 0xC0, 0x3B, 0xFB, 0x7E, 0x1A, 0xEB, 0x07, 0x8D, 0xA4, 0x24, 0x00, 0x00, 0x00, 0x00,
		0x8B, 0x54, 0x84, 0x24, 0x8B, 0x4E, 0x0C, 0x89, 0x14, 0x81, 0x83, 0xC0, 0x01, 0x3B, 0xC7, 0x7C,
		0xEF, 0x5F, 0x88, 0x5E, 0x09, 0x8B, 0xC6, 0x5E, 0x5B, 0xC3, 0x88, 0x5E, 0x09, 0x8B, 0xC6, 0x5E,
		0x5B, 0xC3,
	};
	static const UInt8 kPerfLC1FlagsBodyAddrExpectedBytes[] = {
		0x8B, 0x54, 0x24, 0x04, 0x33, 0xC0, 0x38, 0x44, 0x24, 0x08, 0x89, 0x41, 0x24, 0x74, 0x06, 0x09,
		0x51, 0x1C, 0xC2, 0x08, 0x00, 0xF7, 0xD2, 0x21, 0x51, 0x1C, 0xC2, 0x08, 0x00,
	};
	static const UInt8 kPerfActorRebuildPatchSiteExpectedBytes[] = {
		0xE8, 0x73, 0x11, 0x21, 0x00,
	};
	static const UInt8 kPerfSaveMapSetAtPatchSiteExpectedBytes[] = {
		0x53, 0x8B, 0x5C, 0x24, 0x08,
	};
	static const UInt8 kPerfSaveMapRemovePatchSiteExpectedBytes[] = {
		0x53, 0x55, 0x8B, 0x6C, 0x24, 0x0C,
	};
	static const UInt8 kPerfSaveMapClearPatchSiteExpectedBytes[] = {
		0x53, 0x56, 0x8B, 0xF1, 0x33, 0xDB,
	};
	static const UInt8 kPerfSaveMapCtorPatchSiteExpectedBytes[] = {
		0x56, 0x8B, 0xF1, 0x33, 0xC9,
	};
	static const UInt8 kPerfSaveMapDtorPatchSiteExpectedBytes[] = {
		0x6A, 0xFF, 0x68, 0x98, 0xE2, 0x9A, 0x00,
	};
	static const UInt8 kPerfActorMapPressurePatchSiteExpectedBytes[] = {
		0xA1, 0x98, 0x33, 0xB3, 0x00,
	};
	static const UInt8 kPerfActorTruePredicateAddrExpectedBytes[] = {
		0xB0, 0x01, 0xC3,
	};
	static const UInt8 kPerfActorZeroMovementAddrExpectedBytes[] = {
		0x66, 0x33, 0xC0, 0xC3,
	};
	static const UInt8 kPerfActorMovementAddrExpectedBytes[] = {
		0x66, 0x8B, 0x81, 0xFC, 0x01, 0x00, 0x00, 0xC3,
	};
	static const UInt8 kPerfActorPositionAddrExpectedBytes[] = {
		0x83, 0xEC, 0x08, 0x56, 0x8B, 0xF1, 0x83, 0x7E, 0x58, 0x00, 0x74, 0x13, 0x8B, 0x4E, 0x58, 0x8B,
	};
	static const UInt8 kPerfActorDistanceAddrExpectedBytes[] = {
		0x51, 0xD9, 0x05, 0x48, 0x20, 0xA3, 0x00, 0x56, 0x8B, 0x74, 0x24, 0x0C, 0xD9, 0x5C, 0x24, 0x04,
	};
	static const UInt8 kPerfActorPushFrontAddrExpectedBytes[] = {
		0x56, 0x57, 0x8B, 0x7C, 0x24, 0x0C, 0x85, 0xFF, 0x8B, 0xF1, 0x74, 0x3B, 0x83, 0x3E, 0x00, 0x74,
	};
	static const UInt8 kPerfActorRebuildNativeAddrExpectedBytes[] = {
		0x51, 0x56, 0x8B, 0xF1, 0x83, 0x7E, 0x64, 0x00, 0x57, 0x74, 0x1B, 0xEB, 0x03, 0x8D, 0x49, 0x00,
	};
	static const UInt8 kPerfSaveMapVtableAddrExpectedBytes[] = {
		0xD0, 0xF0, 0x45, 0x00, 0x60, 0x90, 0x6A, 0x00, 0x80, 0x3E, 0x76, 0x00, 0x30, 0xF1, 0x67, 0x00,
		0x70, 0xF9, 0x68, 0x00, 0x60, 0x0F, 0x4F, 0x00, 0xD0, 0x2E, 0x4B, 0x00,
	};
	static const UInt8 kPerfSaveMapHashAddrExpectedBytes[] = {
		0x8B, 0x44, 0x24, 0x04, 0x33, 0xD2, 0xF7, 0x71, 0x04, 0x8B, 0xC2, 0xC2, 0x04, 0x00,
	};
	static const UInt8 kPerfSaveMapEqualAddrExpectedBytes[] = {
		0x8B, 0x4C, 0x24, 0x04, 0x33, 0xC0, 0x3B, 0x4C, 0x24, 0x08, 0x0F, 0x94, 0xC0, 0xC2, 0x08, 0x00,
	};
	static const UInt8 kPerfSaveMapSetValueAddrExpectedBytes[] = {
		0x8B, 0x44, 0x24, 0x04, 0x8B, 0x4C, 0x24, 0x08, 0x8B, 0x54, 0x24, 0x0C, 0x89, 0x48, 0x04, 0x89,
		0x50, 0x08, 0xC2, 0x0C, 0x00,
	};
	static const UInt8 kPerfSaveMapClearValueAddrExpectedBytes[] = {
		0xC2, 0x04, 0x00,
	};
	static const UInt8 kPerfSaveMapAllocateAddrExpectedBytes[] = {
		0x83, 0xC1, 0x0C, 0xE9, 0xA8, 0xC8, 0xF5, 0xFF,
	};
	static const UInt8 kPerfOrderedSortPatchSiteExpectedBytes[] = {
		0x33, 0xC0, 0x39, 0x46, 0x04, 0x0F, 0x84, 0xE4, 0x00, 0x00, 0x00,
	};
	static const UInt8 kPerfOrderedSortContinueExpectedBytes[] = {
		0x53, 0x55, 0xC7, 0x44, 0x24, 0x10, 0x01, 0x00, 0x00, 0x00,
	};
	static const UInt8 kPerfOrderedSortDoneExpectedBytes[] = {
		0x5E, 0x83, 0xC4, 0x10, 0xC2, 0x04, 0x00,
	};
	static const UInt8 kPerfOrderedSelectorCompareAddrExpectedBytes[] = {
		0x8B, 0x44, 0x24, 0x04, 0x8B, 0x4C, 0x24, 0x08, 0x8B, 0x00, 0x8B, 0x09, 0x0F, 0xB7, 0x40, 0x04,
		0x0F, 0xB7, 0x49, 0x04, 0x66, 0x3B, 0xC1, 0x75, 0x03, 0x33, 0xC0, 0xC3, 0x1B, 0xC0, 0x83, 0xE0,
		0xFE, 0x83, 0xC0, 0x01, 0xC3,
	};
	static const UInt8 kPerfOrderedGeometryCompareAddrExpectedBytes[] = {
		0x8B, 0x44, 0x24, 0x04, 0x8B, 0x08, 0x8B, 0x54, 0x24, 0x08, 0x8B, 0x02, 0x8B, 0x00, 0x8B, 0x09,
		0x8B, 0x80, 0xB4, 0x00, 0x00, 0x00, 0x8B, 0x89, 0xB4, 0x00, 0x00, 0x00, 0x3B, 0xC8, 0x75, 0x03,
		0x33, 0xC0, 0xC3, 0x1B, 0xC0, 0x83, 0xE0, 0xFE, 0x83, 0xC0, 0x01, 0xC3,
	};
	static const UInt8 kPerfDenseRefPatchSiteExpectedBytes[] = {
		0x0F, 0xB7, 0x7E, 0x0A, 0x33, 0xC0,
	};
	static const UInt8 kPerfDenseRefContinueExpectedBytes[] = {
		0x66, 0x85, 0xFF, 0x76, 0x20, 0x8B, 0x6E, 0x04, 0xEB, 0x03,
	};
	static const UInt8 kPerfDenseRefAppendExpectedBytes[] = {
		0x0F, 0xB7, 0x4E, 0x08, 0x0F, 0xB7, 0xFF, 0x3B, 0xF9, 0x72, 0x0E, 0x0F, 0xB7, 0x56, 0x0E, 0x03,
		0xD7, 0x52, 0x8B, 0xCE, 0xE8, 0x2F, 0x04, 0x07, 0x00, 0x53, 0x57, 0x8B, 0xCE, 0xE8, 0xF6, 0xFD,
		0xFF, 0xFF,
	};
	static const UInt8 kPerfDenseRawPatchSiteExpectedBytes[] = {
		0x8B, 0x7E, 0x0C, 0x33, 0xC0,
	};
	static const UInt8 kPerfDenseRawContinueExpectedBytes[] = {
		0x85, 0xFF, 0x76, 0x14, 0x8B, 0x56, 0x04, 0x8B, 0xCA,
	};
	static const UInt8 kPerfDenseRawAppendExpectedBytes[] = {
		0x3B, 0x7E, 0x08, 0x72, 0x0D, 0x8B, 0x46, 0x14, 0x03, 0xC7, 0x50, 0x8B, 0xCE, 0xE8, 0x57, 0x98,
		0x00, 0x00,
	};
	static const UInt8 kPerfFreshTransferPatchSiteExpectedBytes[] = {
		0x0F, 0xB7, 0x83, 0xB6, 0x00, 0x00, 0x00,
	};
	static const UInt8 kPerfFreshTransferContinueExpectedBytes[] = {
		0x33, 0xF6, 0x85, 0xC0, 0x76, 0x29,
	};
	static const UInt8 kPerfRefArrayVtableExpectedBytes[] = {
		0x60, 0x2F, 0x4B, 0x00,
	};
	static const UInt8 kPerfRawArrayVtableExpectedBytes[] = {
		0x20, 0x6D, 0x44, 0x00,
	};
	static const UInt8 kPerfRefCtorDecodeAddrExpectedBytes[] = {
		0xC7, 0x07, 0x50, 0x38, 0xA4, 0x00, 0x66, 0x89, 0x47, 0x08, 0x66, 0x89, 0x4F, 0x0E, 0x66, 0x89,
		0x6F, 0x0A, 0x66, 0x89, 0x6F, 0x0C,
	};
	static const UInt8 kPerfRefSlotInitDecodeAddrExpectedBytes[] = {
		0xC7, 0x01, 0x00, 0x00, 0x00, 0x00, 0xC3,
	};
	static const UInt8 kPerfPropertyOrderCallSiteExpectedBytes[] = {
		0xE8, 0x05, 0x75, 0x01, 0x00,
	};
	static const UInt8 kPerfPropertyPrefixPatchSiteExpectedBytes[] = {
		0x3B, 0xF7, 0x0F, 0x84, 0x5D, 0x01, 0x00, 0x00,
	};
	static const UInt8 kPerfPropertyPrefixContinueExpectedBytes[] = {
		0x85, 0xF6, 0x0F, 0x84, 0x55, 0x01, 0x00, 0x00,
	};
	static const UInt8 kPerfPropertyNextOuterExpectedBytes[] = {
		0x83, 0x7C, 0x24, 0x18, 0x00, 0x0F, 0x85, 0xA1, 0xFD, 0xFF, 0xFF,
	};
	static const UInt8 kPerfPropertyNativeOrderAddrExpectedBytes[] = {
		0x83, 0xEC, 0x44, 0x57, 0x8B, 0x79, 0x70, 0x85, 0xFF, 0x89, 0x4C, 0x24, 0x08, 0xC6, 0x44, 0x24,
		0x07, 0x00, 0x0F, 0x84, 0x7C, 0x02, 0x00, 0x00, 0x53, 0x55, 0x56, 0xEB, 0x0B, 0x8D, 0x49, 0x00,
		0x8B, 0x7C, 0x24, 0x18, 0x8B, 0x4C, 0x24, 0x14, 0x8B, 0x6F, 0x08, 0x8B, 0x17, 0x8B, 0x71, 0x70,
		0x8D, 0x47, 0x08, 0x8D, 0x44, 0x24, 0x1C, 0x50, 0x8B, 0xCD, 0x89, 0x54, 0x24, 0x1C, 0xE8, 0xCD,
		0x8B, 0xC1, 0xFF, 0x8B, 0x08, 0x8B, 0x44, 0x24, 0x1C, 0xD9, 0x81, 0xF8, 0x00, 0x00, 0x00, 0x85,
		0xC0, 0xD9, 0x5C, 0x24, 0x24, 0x74, 0x1E, 0x8B, 0xD8, 0x83, 0xC0, 0x04, 0x50, 0xFF, 0x15, 0x7C,
		0x80, 0xA2, 0x00, 0x85, 0xC0, 0x75, 0x0E, 0x85, 0xDB, 0x74, 0x0A, 0x8B, 0x13, 0x8B, 0x02, 0x6A,
		0x01, 0x8B, 0xCB, 0xFF, 0xD0, 0x8D, 0x4C, 0x24, 0x28, 0x51, 0x8B, 0xCD, 0xE8, 0x8F, 0x8B, 0xC1,
		0xFF, 0x8B, 0x00, 0x8B, 0x5C, 0x24, 0x58, 0xD9, 0x80, 0x88, 0x00, 0x00, 0x00, 0xD8, 0x23, 0x05,
		0x88, 0x00, 0x00, 0x00, 0xD9, 0x5C, 0x24, 0x3C, 0xD9, 0x40, 0x04, 0xD8, 0x63, 0x04, 0xD9, 0x5C,
		0x24, 0x40, 0xD9, 0x40, 0x08, 0xD8, 0x63, 0x08, 0xD9, 0x5C, 0x24, 0x44, 0xD9, 0x44, 0x24, 0x40,
		0xD9, 0x44, 0x24, 0x3C, 0xD9, 0x44, 0x24, 0x44, 0xD9, 0xC1, 0xDE, 0xCA, 0xD9, 0xC2, 0xDE, 0xCB,
		0xD9, 0xC9, 0xDE, 0xC2, 0xDC, 0xC8, 0xDE, 0xC1, 0xD9, 0x5C, 0x24, 0x20, 0xD9, 0x44, 0x24, 0x20,
		0xE8, 0x9B, 0x5C, 0x19, 0x00, 0xD9, 0x5C, 0x24, 0x20, 0xD9, 0x44, 0x24, 0x20, 0x8B, 0x44, 0x24,
		0x28, 0x85, 0xC0, 0xD8, 0x63, 0x0C, 0xD8, 0x74, 0x24, 0x24, 0xD9, 0x5C, 0x24, 0x34, 0x74, 0x1F,
		0x8B, 0xE8, 0x83, 0xC0, 0x04, 0x50, 0xFF, 0x15, 0x7C, 0x80, 0xA2, 0x00, 0x85, 0xC0, 0x75, 0x0F,
		0x85, 0xED, 0x74, 0x0B, 0x8B, 0x55, 0x00, 0x8B, 0x02, 0x6A, 0x01, 0x8B, 0xCD, 0xFF, 0xD0, 0x3B,
		0xF7, 0x0F, 0x84, 0x5D, 0x01, 0x00, 0x00, 0x85, 0xF6, 0x0F, 0x84, 0x55, 0x01, 0x00, 0x00, 0x8B,
		0x6E, 0x08, 0x8D, 0x46, 0x08, 0x8D, 0x4C, 0x24, 0x2C, 0x51, 0x89, 0x74, 0x24, 0x3C, 0x8B, 0x36,
		0x8B, 0xCD, 0xE8, 0xD9, 0x8A, 0xC1, 0xFF, 0x8B, 0x10, 0x8B, 0x44, 0x24, 0x2C, 0xD9, 0x82, 0xF8,
		0x00, 0x00, 0x00, 0x85, 0xC0, 0xD9, 0x5C, 0x24, 0x20, 0x74, 0x22, 0x8B, 0xD8, 0x83, 0xC0, 0x04,
		0x50, 0xFF, 0x15, 0x7C, 0x80, 0xA2, 0x00, 0x85, 0xC0, 0x75, 0x0E, 0x85, 0xDB, 0x74, 0x0A, 0x8B,
		0x03, 0x8B, 0x10, 0x6A, 0x01, 0x8B, 0xCB, 0xFF, 0xD2, 0x8B, 0x5C, 0x24, 0x58, 0x8D, 0x44, 0x24,
		0x30, 0x50, 0x8B, 0xCD, 0xE8, 0x97, 0x8A, 0xC1, 0xFF, 0x8B, 0x00, 0xD9, 0x80, 0x88, 0x00, 0x00,
		0x00, 0x05, 0x88, 0x00, 0x00, 0x00, 0xD8, 0x23, 0xD9, 0x5C, 0x24, 0x48, 0xD9, 0x40, 0x04, 0xD8,
		0x63, 0x04, 0xD9, 0x5C, 0x24, 0x4C, 0xD9, 0x40, 0x08, 0xD8, 0x63, 0x08, 0xD9, 0x5C, 0x24, 0x50,
		0xD9, 0x44, 0x24, 0x4C, 0xD9, 0x44, 0x24, 0x48, 0xD9, 0x44, 0x24, 0x50, 0xD9, 0xC1, 0xDE, 0xCA,
		0xD9, 0xC2, 0xDE, 0xCB, 0xD9, 0xC9, 0xDE, 0xC2, 0xDC, 0xC8, 0xDE, 0xC1, 0xD9, 0x5C, 0x24, 0x24,
		0xD9, 0x44, 0x24, 0x24, 0xE8, 0xA7, 0x5B, 0x19, 0x00, 0xD9, 0x5C, 0x24, 0x24, 0xD9, 0x44, 0x24,
		0x24, 0x8B, 0x44, 0x24, 0x30, 0x85, 0xC0, 0xD8, 0x63, 0x0C, 0xD8, 0x74, 0x24, 0x20, 0xD9, 0x5C,
		0x24, 0x24, 0x74, 0x1F, 0x8B, 0xE8, 0x83, 0xC0, 0x04, 0x50, 0xFF, 0x15, 0x7C, 0x80, 0xA2, 0x00,
		0x85, 0xC0, 0x75, 0x0F, 0x85, 0xED, 0x74, 0x0B, 0x8B, 0x55, 0x00, 0x8B, 0x02, 0x6A, 0x01, 0x8B,
		0xCD, 0xFF, 0xD0, 0xD9, 0x44, 0x24, 0x34, 0xD9, 0x44, 0x24, 0x24, 0xDE, 0xD9, 0xDF, 0xE0, 0xF6,
		0xC4, 0x41, 0x75, 0x58, 0x8B, 0x4C, 0x24, 0x38, 0x3B, 0xF9, 0x74, 0x49, 0x8B, 0x44, 0x24, 0x14,
		0x39, 0x78, 0x70, 0x75, 0x05, 0x8B, 0x17, 0x89, 0x50, 0x70, 0x39, 0x48, 0x70, 0x75, 0x03, 0x89,
		0x78, 0x70, 0x39, 0x78, 0x74, 0x75, 0x06, 0x8B, 0x57, 0x04, 0x89, 0x50, 0x74, 0x8B, 0x07, 0x85,
		0xC0, 0x74, 0x06, 0x8B, 0x57, 0x04, 0x89, 0x50, 0x04, 0x8B, 0x47, 0x04, 0x85, 0xC0, 0x74, 0x04,
		0x8B, 0x17, 0x89, 0x10, 0x8B, 0x41, 0x04, 0x85, 0xC0, 0x89, 0x47, 0x04, 0x89, 0x0F, 0x74, 0x02,
		0x89, 0x38, 0x89, 0x79, 0x04, 0x33, 0xF6, 0xC6, 0x44, 0x24, 0x13, 0x01, 0x3B, 0xF7, 0x0F, 0x85,
		0xA3, 0xFE, 0xFF, 0xFF, 0x83, 0x7C, 0x24, 0x18, 0x00, 0x0F, 0x85, 0xA1, 0xFD, 0xFF, 0xFF, 0x80,
		0x7C, 0x24, 0x13, 0x00, 0x5E, 0x5D, 0x5B, 0x74, 0x0B, 0x8B, 0x4C, 0x24, 0x08, 0xC7, 0x41, 0x24,
		0x00, 0x00, 0x00, 0x00, 0x5F, 0x83, 0xC4, 0x44, 0xC2, 0x04, 0x00,
	};
	static const UInt8 kPerfPropertyGetSourceAddrExpectedBytes[] = {
		0x51, 0x8B, 0x81, 0x00, 0x01, 0x00, 0x00, 0x85, 0xC0, 0x56, 0x8B, 0x74, 0x24, 0x0C, 0xC7, 0x44,
		0x24, 0x04, 0x00, 0x00, 0x00, 0x00, 0x89, 0x06, 0x74, 0x0A, 0x83, 0xC0, 0x04, 0x50, 0xFF, 0x15,
		0x78, 0x80, 0xA2, 0x00, 0x8B, 0xC6, 0x5E, 0x59, 0xC2, 0x04, 0x00,
	};
	static const UInt8 kIndexedLightAddTailPatchSiteExpectedBytes[] = {
		0x53, 0x55, 0x56, 0x8B, 0xF1,
	};
	static const UInt8 kIndexedLightAddTailContinueExpectedBytes[] = {
		0x8B, 0x06, 0x8B, 0x50, 0x04, 0x57, 0xFF, 0xD2, 0x8B, 0x6C, 0x24, 0x14,
	};
	static const UInt8 kIndexedLightAddHeadPatchSiteExpectedBytes[] = {
		0x53, 0x55, 0x56, 0x8B, 0xF1,
	};
	static const UInt8 kIndexedLightAddHeadContinueExpectedBytes[] = {
		0x8B, 0x06, 0x8B, 0x50, 0x04, 0x57, 0xFF, 0xD2, 0x8B, 0x6C, 0x24, 0x14,
	};
	static const UInt8 kIndexedLightInsertBeforePatchSiteExpectedBytes[] = {
		0x53, 0x55, 0x8B, 0xD9, 0x8B, 0x03,
	};
	static const UInt8 kIndexedLightInsertBeforeContinueExpectedBytes[] = {
		0x8B, 0x50, 0x04, 0x56, 0x57, 0xFF, 0xD2, 0x8B, 0x6C, 0x24, 0x18, 0x8B,
	};
	static const UInt8 kIndexedLightRemovePositionPatchSiteExpectedBytes[] = {
		0x6A, 0xFF, 0x68, 0xC1, 0xE1, 0x9C, 0x00,
	};
	static const UInt8 kIndexedLightRemovePositionContinueExpectedBytes[] = {
		0x64, 0xA1, 0x00, 0x00, 0x00, 0x00, 0x50, 0x51, 0x55, 0x56, 0x57, 0xA1,
	};
	static const UInt8 kIndexedLightRemoveHeadPatchSiteExpectedBytes[] = {
		0x6A, 0xFF, 0x68, 0xD9, 0x21, 0x9B, 0x00,
	};
	static const UInt8 kIndexedLightRemoveHeadContinueExpectedBytes[] = {
		0x64, 0xA1, 0x00, 0x00, 0x00, 0x00, 0x50, 0x51, 0x53, 0x55, 0x56, 0x57,
	};
	static const UInt8 kIndexedLightRemoveTailPatchSiteExpectedBytes[] = {
		0x6A, 0xFF, 0x68, 0x29, 0xEA, 0x9C, 0x00,
	};
	static const UInt8 kIndexedLightRemoveTailContinueExpectedBytes[] = {
		0x64, 0xA1, 0x00, 0x00, 0x00, 0x00, 0x50, 0x51, 0x53, 0x56, 0x57, 0xA1,
	};
	static const UInt8 kIndexedLightClearListPatchSiteExpectedBytes[] = {
		0x56, 0x57, 0x8B, 0xF9, 0x8B, 0x77, 0x04,
	};
	static const UInt8 kIndexedLightClearListContinueExpectedBytes[] = {
		0x85, 0xF6, 0x74, 0x17, 0xEB, 0x03, 0x8D, 0x49, 0x00, 0x8B, 0x17, 0x8B,
	};
	static const UInt8 kIndexedLightMoveBeforePatchSiteExpectedBytes[] = {
		0x8B, 0x44, 0x24, 0x04, 0x8B, 0x54, 0x24, 0x08,
	};
	static const UInt8 kIndexedLightMoveBeforeContinueExpectedBytes[] = {
		0x3B, 0xC2, 0x74, 0x47, 0x39, 0x41, 0x04, 0x56, 0x75, 0x05, 0x8B, 0x30,
	};
	static const UInt8 kIndexedLightSetSourcePatchSiteExpectedBytes[] = {
		0x53, 0x56, 0x8B, 0xD9, 0x8B, 0xB3, 0x00, 0x01, 0x00, 0x00,
	};
	static const UInt8 kIndexedLightSetSourceContinueExpectedBytes[] = {
		0x57, 0x8B, 0x7C, 0x24, 0x10, 0x3B, 0xF7, 0x74, 0x34, 0x85, 0xF6, 0x74,
	};
	static const UInt8 kIndexedLightFindSourcePatchSiteExpectedBytes[] = {
		0x83, 0xEC, 0x08, 0x53, 0x55, 0x33, 0xDB,
	};
	static const UInt8 kIndexedLightFindSourceContinueExpectedBytes[] = {
		0x56, 0x57, 0x89, 0x5C, 0x24, 0x14, 0x8B, 0xB9, 0xE8, 0x00, 0x00, 0x00,
	};
	static const UInt8 kIndexedLightRemoveValuePatchSiteExpectedBytes[] = {
		0x6A, 0xFF, 0x68, 0x29, 0xEC, 0x9C, 0x00,
	};
	static const UInt8 kIndexedLightRemoveValueContinueExpectedBytes[] = {
		0x64, 0xA1, 0x00, 0x00, 0x00, 0x00, 0x50, 0x83, 0xEC, 0x08, 0x53, 0x55,
	};
	static const UInt8 kIndexedLightBeginReceiversPatchSiteExpectedBytes[] = {
		0x6A, 0xFF, 0x68, 0xEB, 0xA7, 0x9C, 0x00,
	};
	static const UInt8 kIndexedLightBeginReceiversContinueExpectedBytes[] = {
		0x64, 0xA1, 0x00, 0x00, 0x00, 0x00, 0x50, 0x51, 0x56, 0x57, 0xA1, 0xAC,
	};
	static const UInt8 kIndexedLightEndReceiversPatchSiteExpectedBytes[] = {
		0x56, 0x57, 0x8B, 0xF9, 0x8B, 0xB7, 0x44, 0x01, 0x00, 0x00,
	};
	static const UInt8 kIndexedLightEndReceiversContinueExpectedBytes[] = {
		0x85, 0xF6, 0x74, 0x19, 0x8B, 0xFF, 0x8D, 0x46, 0x08, 0x8B, 0x00, 0x85,
	};
	static const UInt8 kIndexedLightReceiverSearchPatchSiteExpectedBytes[] = {
		0x8B, 0x9D, 0x44, 0x01, 0x00, 0x00,
	};
	static const UInt8 kIndexedLightReceiverSearchContinueExpectedBytes[] = {
		0x8B, 0xC3, 0x85, 0xC0, 0x74, 0x16, 0x8B, 0xFF, 0x39, 0x70, 0x08, 0x8D,
	};
	static const UInt8 kIndexedLightFullLightListVtableExpectedBytes[] = {
		0xC0, 0x6A, 0x7C, 0x00, 0x60, 0x0F, 0x4F, 0x00, 0x90, 0x31, 0x7C, 0x00,
	};
	static const UInt8 kIndexedLightReceiverListVtableExpectedBytes[] = {
		0x70, 0x54, 0x7D, 0x00, 0x60, 0x0F, 0x4F, 0x00, 0x90, 0x31, 0x7C, 0x00,
	};
	static const UInt8 kIndexedLightReceiverHitContinueExpectedBytes[] = {
		0x53, 0x52, 0x8D, 0x8D, 0xE4, 0x00, 0x00, 0x00, 0xE8, 0x6F, 0xFF, 0xFE, 0xFF,
	};
	static const UInt8 kIndexedLightReceiverMissContinueExpectedBytes[] = {
		0xF7, 0x47, 0x1C, 0x00, 0x10, 0x00, 0x00, 0x76, 0x17, 0x8B, 0x07, 0x8B, 0x50, 0x54, 0x8B, 0xCF,
	};
	static const UInt8 kIndexedLightAddTailBodyAddrExpectedBytes[] = {
		0x53, 0x55, 0x56, 0x8B, 0xF1, 0x8B, 0x06, 0x8B, 0x50, 0x04, 0x57, 0xFF, 0xD2, 0x8B, 0x6C, 0x24,
		0x14, 0x8B, 0xF8, 0x8B, 0x5F, 0x08, 0x3B, 0x5D, 0x00, 0x74, 0x34, 0x85, 0xDB, 0x74, 0x1C, 0x8D,
		0x43, 0x04, 0x50, 0xFF, 0x15, 0x7C, 0x80, 0xA2, 0x00, 0x85, 0xC0, 0x75, 0x0E, 0x85, 0xDB, 0x74,
		0x0A, 0x8B, 0x13, 0x8B, 0x02, 0x6A, 0x01, 0x8B, 0xCB, 0xFF, 0xD0, 0x8B, 0x45, 0x00, 0x85, 0xC0,
		0x89, 0x47, 0x08, 0x74, 0x0A, 0x83, 0xC0, 0x04, 0x50, 0xFF, 0x15, 0x78, 0x80, 0xA2, 0x00, 0xC7,
		0x07, 0x00, 0x00, 0x00, 0x00, 0x8B, 0x4E, 0x08, 0x89, 0x4F, 0x04, 0x8B, 0x46, 0x08, 0x85, 0xC0,
		0x74, 0x10, 0x89, 0x38, 0x83, 0x46, 0x0C, 0x01, 0x89, 0x7E, 0x08, 0x5F, 0x5E, 0x5D, 0x5B, 0xC2,
		0x04, 0x00, 0x83, 0x46, 0x0C, 0x01, 0x89, 0x7E, 0x04, 0x89, 0x7E, 0x08, 0x5F, 0x5E, 0x5D, 0x5B,
		0xC2, 0x04, 0x00,
	};
	static const UInt8 kIndexedLightAddHeadBodyAddrExpectedBytes[] = {
		0x53, 0x55, 0x56, 0x8B, 0xF1, 0x8B, 0x06, 0x8B, 0x50, 0x04, 0x57, 0xFF, 0xD2, 0x8B, 0x6C, 0x24,
		0x14, 0x8B, 0xF8, 0x8B, 0x5F, 0x08, 0x3B, 0x5D, 0x00, 0x74, 0x34, 0x85, 0xDB, 0x74, 0x1C, 0x8D,
		0x43, 0x04, 0x50, 0xFF, 0x15, 0x7C, 0x80, 0xA2, 0x00, 0x85, 0xC0, 0x75, 0x0E, 0x85, 0xDB, 0x74,
		0x0A, 0x8B, 0x13, 0x8B, 0x02, 0x6A, 0x01, 0x8B, 0xCB, 0xFF, 0xD0, 0x8B, 0x45, 0x00, 0x85, 0xC0,
		0x89, 0x47, 0x08, 0x74, 0x0A, 0x83, 0xC0, 0x04, 0x50, 0xFF, 0x15, 0x78, 0x80, 0xA2, 0x00, 0xC7,
		0x47, 0x04, 0x00, 0x00, 0x00, 0x00, 0x8B, 0x4E, 0x04, 0x89, 0x0F, 0x8B, 0x46, 0x04, 0x85, 0xC0,
		0x74, 0x11, 0x89, 0x78, 0x04, 0x83, 0x46, 0x0C, 0x01, 0x89, 0x7E, 0x04, 0x5F, 0x5E, 0x5D, 0x5B,
		0xC2, 0x04, 0x00, 0x83, 0x46, 0x0C, 0x01, 0x89, 0x7E, 0x08, 0x89, 0x7E, 0x04, 0x5F, 0x5E, 0x5D,
		0x5B, 0xC2, 0x04, 0x00,
	};
	static const UInt8 kIndexedLightInsertBeforeBodyAddrExpectedBytes[] = {
		0x53, 0x55, 0x8B, 0xD9, 0x8B, 0x03, 0x8B, 0x50, 0x04, 0x56, 0x57, 0xFF, 0xD2, 0x8B, 0x6C, 0x24,
		0x18, 0x8B, 0xF0, 0x8B, 0x7E, 0x08, 0x3B, 0x7D, 0x00, 0x74, 0x34, 0x85, 0xFF, 0x74, 0x1C, 0x8D,
		0x47, 0x04, 0x50, 0xFF, 0x15, 0x7C, 0x80, 0xA2, 0x00, 0x85, 0xC0, 0x75, 0x0E, 0x85, 0xFF, 0x74,
		0x0A, 0x8B, 0x17, 0x8B, 0x02, 0x6A, 0x01, 0x8B, 0xCF, 0xFF, 0xD0, 0x8B, 0x45, 0x00, 0x85, 0xC0,
		0x89, 0x46, 0x08, 0x74, 0x0A, 0x83, 0xC0, 0x04, 0x50, 0xFF, 0x15, 0x78, 0x80, 0xA2, 0x00, 0x8B,
		0x44, 0x24, 0x14, 0x89, 0x06, 0x8B, 0x48, 0x04, 0x89, 0x4E, 0x04, 0x8B, 0x48, 0x04, 0x85, 0xC9,
		0x74, 0x12, 0x89, 0x31, 0x89, 0x70, 0x04, 0x83, 0x43, 0x0C, 0x01, 0x5F, 0x8B, 0xC6, 0x5E, 0x5D,
		0x5B, 0xC2, 0x08, 0x00, 0x89, 0x73, 0x04, 0x89, 0x70, 0x04, 0x83, 0x43, 0x0C, 0x01, 0x5F, 0x8B,
		0xC6, 0x5E, 0x5D, 0x5B, 0xC2, 0x08, 0x00,
	};
	static const UInt8 kIndexedLightRemovePositionBodyAddrExpectedBytes[] = {
		0x6A, 0xFF, 0x68, 0xC1, 0xE1, 0x9C, 0x00, 0x64, 0xA1, 0x00, 0x00, 0x00, 0x00, 0x50, 0x51, 0x55,
		0x56, 0x57, 0xA1, 0xAC, 0x0A, 0xB3, 0x00, 0x33, 0xC4, 0x50, 0x8D, 0x44, 0x24, 0x14, 0x64, 0xA3,
		0x00, 0x00, 0x00, 0x00, 0x8B, 0xF1, 0xC7, 0x44, 0x24, 0x10, 0x00, 0x00, 0x00, 0x00, 0x8B, 0x4C,
		0x24, 0x28, 0x8B, 0x29, 0x3B, 0x6E, 0x04, 0x75, 0x28, 0x8B, 0x45, 0x00, 0x8B, 0x7C, 0x24, 0x24,
		0x89, 0x01, 0x57, 0x8B, 0xCE, 0xE8, 0x26, 0xFF, 0xFF, 0xFF, 0x8B, 0xC7, 0x8B, 0x4C, 0x24, 0x14,
		0x64, 0x89, 0x0D, 0x00, 0x00, 0x00, 0x00, 0x59, 0x5F, 0x5E, 0x5D, 0x83, 0xC4, 0x10, 0xC2, 0x08,
		0x00, 0x3B, 0x6E, 0x08, 0x75, 0x29, 0x8B, 0x7C, 0x24, 0x24, 0xC7, 0x01, 0x00, 0x00, 0x00, 0x00,
		0x57, 0x8B, 0xCE, 0xE8, 0x88, 0x07, 0x01, 0x00, 0x8B, 0xC7, 0x8B, 0x4C, 0x24, 0x14, 0x64, 0x89,
		0x0D, 0x00, 0x00, 0x00, 0x00, 0x59, 0x5F, 0x5E, 0x5D, 0x83, 0xC4, 0x10, 0xC2, 0x08, 0x00, 0x8B,
		0x55, 0x04, 0x85, 0xD2, 0x8B, 0x45, 0x00, 0x89, 0x01, 0x74, 0x02, 0x89, 0x02, 0x85, 0xC0, 0x74,
		0x03, 0x89, 0x50, 0x04, 0x8B, 0x7D, 0x08, 0x85, 0xFF, 0x89, 0x7C, 0x24, 0x28, 0x74, 0x0A, 0x8D,
		0x4F, 0x04, 0x51, 0xFF, 0x15, 0x78, 0x80, 0xA2, 0x00, 0x8B, 0x16, 0x8B, 0x42, 0x08, 0x55, 0x8B,
		0xCE, 0xC7, 0x44, 0x24, 0x20, 0x01, 0x00, 0x00, 0x00, 0xFF, 0xD0, 0x83, 0x46, 0x0C, 0xFF, 0x85,
		0xFF, 0x8B, 0x74, 0x24, 0x24, 0x89, 0x3E, 0x74, 0x0A, 0x8D, 0x4F, 0x04, 0x51, 0xFF, 0x15, 0x78,
		0x80, 0xA2, 0x00, 0x85, 0xFF, 0xC7, 0x44, 0x24, 0x10, 0x01, 0x00, 0x00, 0x00, 0xC6, 0x44, 0x24,
		0x1C, 0x00, 0x74, 0x18, 0x8D, 0x57, 0x04, 0x52, 0xFF, 0x15, 0x7C, 0x80, 0xA2, 0x00, 0x85, 0xC0,
		0x75, 0x0A, 0x8B, 0x07, 0x8B, 0x10, 0x6A, 0x01, 0x8B, 0xCF, 0xFF, 0xD2, 0x8B, 0xC6, 0x8B, 0x4C,
		0x24, 0x14, 0x64, 0x89, 0x0D, 0x00, 0x00, 0x00, 0x00, 0x59, 0x5F, 0x5E, 0x5D, 0x83, 0xC4, 0x10,
		0xC2, 0x08, 0x00,
	};
	static const UInt8 kIndexedLightRemoveHeadBodyAddrExpectedBytes[] = {
		0x6A, 0xFF, 0x68, 0xD9, 0x21, 0x9B, 0x00, 0x64, 0xA1, 0x00, 0x00, 0x00, 0x00, 0x50, 0x51, 0x53,
		0x55, 0x56, 0x57, 0xA1, 0xAC, 0x0A, 0xB3, 0x00, 0x33, 0xC4, 0x50, 0x8D, 0x44, 0x24, 0x18, 0x64,
		0xA3, 0x00, 0x00, 0x00, 0x00, 0x8B, 0xF1, 0x33, 0xED, 0x89, 0x6C, 0x24, 0x14, 0x8B, 0x7E, 0x04,
		0x8B, 0x07, 0x3B, 0xC5, 0x89, 0x46, 0x04, 0x74, 0x05, 0x89, 0x68, 0x04, 0xEB, 0x03, 0x89, 0x6E,
		0x08, 0x8B, 0x47, 0x08, 0x3B, 0xC5, 0x8B, 0x5C, 0x24, 0x28, 0x89, 0x03, 0x74, 0x0A, 0x83, 0xC0,
		0x04, 0x50, 0xFF, 0x15, 0x78, 0x80, 0xA2, 0x00, 0x8B, 0x06, 0x8B, 0x50, 0x08, 0x57, 0x8B, 0xCE,
		0x89, 0x6C, 0x24, 0x24, 0xC7, 0x44, 0x24, 0x18, 0x01, 0x00, 0x00, 0x00, 0xFF, 0xD2, 0x83, 0x46,
		0x0C, 0xFF, 0x8B, 0xC3, 0x8B, 0x4C, 0x24, 0x18, 0x64, 0x89, 0x0D, 0x00, 0x00, 0x00, 0x00, 0x59,
		0x5F, 0x5E, 0x5D, 0x5B, 0x83, 0xC4, 0x10, 0xC2, 0x04, 0x00,
	};
	static const UInt8 kIndexedLightRemoveTailBodyAddrExpectedBytes[] = {
		0x6A, 0xFF, 0x68, 0x29, 0xEA, 0x9C, 0x00, 0x64, 0xA1, 0x00, 0x00, 0x00, 0x00, 0x50, 0x51, 0x53,
		0x56, 0x57, 0xA1, 0xAC, 0x0A, 0xB3, 0x00, 0x33, 0xC4, 0x50, 0x8D, 0x44, 0x24, 0x14, 0x64, 0xA3,
		0x00, 0x00, 0x00, 0x00, 0x8B, 0xF1, 0xC7, 0x44, 0x24, 0x10, 0x00, 0x00, 0x00, 0x00, 0x8B, 0x7E,
		0x08, 0x8B, 0x47, 0x04, 0x85, 0xC0, 0x89, 0x46, 0x08, 0x74, 0x08, 0xC7, 0x00, 0x00, 0x00, 0x00,
		0x00, 0xEB, 0x07, 0xC7, 0x46, 0x04, 0x00, 0x00, 0x00, 0x00, 0x8B, 0x47, 0x08, 0x85, 0xC0, 0x8B,
		0x5C, 0x24, 0x24, 0x89, 0x03, 0x74, 0x0A, 0x83, 0xC0, 0x04, 0x50, 0xFF, 0x15, 0x78, 0x80, 0xA2,
		0x00, 0x8B, 0x06, 0x8B, 0x50, 0x08, 0x57, 0x8B, 0xCE, 0xC7, 0x44, 0x24, 0x20, 0x00, 0x00, 0x00,
		0x00, 0xC7, 0x44, 0x24, 0x14, 0x01, 0x00, 0x00, 0x00, 0xFF, 0xD2, 0x83, 0x46, 0x0C, 0xFF, 0x8B,
		0xC3, 0x8B, 0x4C, 0x24, 0x14, 0x64, 0x89, 0x0D, 0x00, 0x00, 0x00, 0x00, 0x59, 0x5F, 0x5E, 0x5B,
		0x83, 0xC4, 0x10, 0xC2, 0x04, 0x00,
	};
	static const UInt8 kIndexedLightClearListBodyAddrExpectedBytes[] = {
		0x56, 0x57, 0x8B, 0xF9, 0x8B, 0x77, 0x04, 0x85, 0xF6, 0x74, 0x17, 0xEB, 0x03, 0x8D, 0x49, 0x00,
		0x8B, 0x17, 0x8B, 0xC6, 0x8B, 0x36, 0x50, 0x8B, 0x42, 0x08, 0x8B, 0xCF, 0xFF, 0xD0, 0x85, 0xF6,
		0x75, 0xEE, 0xC7, 0x47, 0x0C, 0x00, 0x00, 0x00, 0x00, 0xC7, 0x47, 0x04, 0x00, 0x00, 0x00, 0x00,
		0xC7, 0x47, 0x08, 0x00, 0x00, 0x00, 0x00, 0x5F, 0x5E, 0xC3,
	};
	static const UInt8 kIndexedLightMoveBeforeBodyAddrExpectedBytes[] = {
		0x8B, 0x44, 0x24, 0x04, 0x8B, 0x54, 0x24, 0x08, 0x3B, 0xC2, 0x74, 0x47, 0x39, 0x41, 0x04, 0x56,
		0x75, 0x05, 0x8B, 0x30, 0x89, 0x71, 0x04, 0x39, 0x51, 0x04, 0x75, 0x03, 0x89, 0x41, 0x04, 0x39,
		0x41, 0x08, 0x75, 0x06, 0x8B, 0x70, 0x04, 0x89, 0x71, 0x08, 0x8B, 0x08, 0x85, 0xC9, 0x74, 0x06,
		0x8B, 0x70, 0x04, 0x89, 0x71, 0x04, 0x8B, 0x48, 0x04, 0x85, 0xC9, 0x74, 0x04, 0x8B, 0x30, 0x89,
		0x31, 0x8B, 0x4A, 0x04, 0x85, 0xC9, 0x89, 0x48, 0x04, 0x89, 0x10, 0x5E, 0x74, 0x02, 0x89, 0x01,
		0x89, 0x42, 0x04, 0xC2, 0x08, 0x00,
	};
	static const UInt8 kIndexedLightSetSourceBodyAddrExpectedBytes[] = {
		0x53, 0x56, 0x8B, 0xD9, 0x8B, 0xB3, 0x00, 0x01, 0x00, 0x00, 0x57, 0x8B, 0x7C, 0x24, 0x10, 0x3B,
		0xF7, 0x74, 0x34, 0x85, 0xF6, 0x74, 0x1C, 0x8D, 0x46, 0x04, 0x50, 0xFF, 0x15, 0x7C, 0x80, 0xA2,
		0x00, 0x85, 0xC0, 0x75, 0x0E, 0x85, 0xF6, 0x74, 0x0A, 0x8B, 0x16, 0x8B, 0x02, 0x6A, 0x01, 0x8B,
		0xCE, 0xFF, 0xD0, 0x85, 0xFF, 0x89, 0xBB, 0x00, 0x01, 0x00, 0x00, 0x74, 0x29, 0x8D, 0x4F, 0x04,
		0x51, 0xFF, 0x15, 0x78, 0x80, 0xA2, 0x00, 0x85, 0xFF, 0x74, 0x1B, 0x8B, 0x17, 0x8B, 0x42, 0x04,
		0x8B, 0xCF, 0xFF, 0xD0, 0x85, 0xC0, 0x74, 0x0E, 0x3D, 0x80, 0xFD, 0xB3, 0x00, 0x74, 0x42, 0x8B,
		0x40, 0x04, 0x85, 0xC0, 0x75, 0xF2, 0x32, 0xC0, 0x84, 0xC0, 0x88, 0x83, 0xFC, 0x00, 0x00, 0x00,
		0x74, 0x33, 0x80, 0xBB, 0x04, 0x01, 0x00, 0x00, 0x00, 0x74, 0x32, 0x8B, 0x97, 0x88, 0x00, 0x00,
		0x00, 0x8D, 0x87, 0x88, 0x00, 0x00, 0x00, 0x8D, 0x8B, 0x08, 0x01, 0x00, 0x00, 0x89, 0x11, 0x8B,
		0x50, 0x04, 0x5F, 0x89, 0x51, 0x04, 0x8B, 0x40, 0x08, 0x5E, 0x89, 0x41, 0x08, 0x5B, 0xC2, 0x04,
		0x00, 0xB0, 0x01, 0xEB, 0xC3, 0xD9, 0xE8, 0xD9, 0x9B, 0xD4, 0x00, 0x00, 0x00, 0x5F, 0x5E, 0x5B,
		0xC2, 0x04, 0x00,
	};
	static const UInt8 kIndexedLightFindSourceBodyAddrExpectedBytes[] = {
		0x83, 0xEC, 0x08, 0x53, 0x55, 0x33, 0xDB, 0x56, 0x57, 0x89, 0x5C, 0x24, 0x14, 0x8B, 0xB9, 0xE8,
		0x00, 0x00, 0x00, 0x85, 0xFF, 0x74, 0x64, 0x8B, 0x6F, 0x08, 0x85, 0xED, 0x8D, 0x47, 0x08, 0x8B,
		0x3F, 0x74, 0x1C, 0x8D, 0x44, 0x24, 0x14, 0x50, 0x8B, 0xCD, 0xE8, 0x71, 0xF8, 0xC3, 0xFF, 0x8B,
		0x4C, 0x24, 0x1C, 0x83, 0xCB, 0x01, 0x39, 0x08, 0xC6, 0x44, 0x24, 0x13, 0x01, 0x74, 0x05, 0xC6,
		0x44, 0x24, 0x13, 0x00, 0xF6, 0xC3, 0x01, 0x74, 0x27, 0x8B, 0x74, 0x24, 0x14, 0x83, 0xE3, 0xFE,
		0x85, 0xF6, 0x74, 0x1C, 0x8D, 0x56, 0x04, 0x52, 0xFF, 0x15, 0x7C, 0x80, 0xA2, 0x00, 0x85, 0xC0,
		0x75, 0x0E, 0x85, 0xF6, 0x74, 0x0A, 0x8B, 0x06, 0x8B, 0x10, 0x6A, 0x01, 0x8B, 0xCE, 0xFF, 0xD2,
		0x80, 0x7C, 0x24, 0x13, 0x00, 0x75, 0x10, 0x85, 0xFF, 0x75, 0x9C, 0x5F, 0x5E, 0x5D, 0x33, 0xC0,
		0x5B, 0x83, 0xC4, 0x08, 0xC2, 0x04, 0x00, 0x5F, 0x5E, 0x8B, 0xC5, 0x5D, 0x5B, 0x83, 0xC4, 0x08,
		0xC2, 0x04, 0x00,
	};
	static const UInt8 kIndexedLightRemoveValueBodyAddrExpectedBytes[] = {
		0x6A, 0xFF, 0x68, 0x29, 0xEC, 0x9C, 0x00, 0x64, 0xA1, 0x00, 0x00, 0x00, 0x00, 0x50, 0x83, 0xEC,
		0x08, 0x53, 0x55, 0x56, 0x57, 0xA1, 0xAC, 0x0A, 0xB3, 0x00, 0x33, 0xC4, 0x50, 0x8D, 0x44, 0x24,
		0x1C, 0x64, 0xA3, 0x00, 0x00, 0x00, 0x00, 0x33, 0xDB, 0x89, 0x5C, 0x24, 0x14, 0x8B, 0x41, 0x04,
		0x85, 0xC0, 0x8B, 0x6C, 0x24, 0x30, 0x74, 0x18, 0x8B, 0x7D, 0x00, 0xEB, 0x03, 0x8D, 0x49, 0x00,
		0x3B, 0x78, 0x08, 0x8D, 0x50, 0x08, 0x8B, 0xF0, 0x8B, 0x00, 0x74, 0x24, 0x85, 0xC0, 0x75, 0xF0,
		0x33, 0xC0, 0x85, 0xC0, 0x89, 0x44, 0x24, 0x30, 0x74, 0x1A, 0x8D, 0x44, 0x24, 0x30, 0x50, 0x8D,
		0x54, 0x24, 0x1C, 0x52, 0xE8, 0xE7, 0xB7, 0xFE, 0xFF, 0xBB, 0x01, 0x00, 0x00, 0x00, 0xEB, 0x06,
		0x8B, 0xC6, 0xEB, 0xDE, 0x8B, 0xC5, 0x8B, 0x00, 0x85, 0xC0, 0x8B, 0x7C, 0x24, 0x2C, 0x89, 0x07,
		0x74, 0x0A, 0x83, 0xC0, 0x04, 0x50, 0xFF, 0x15, 0x78, 0x80, 0xA2, 0x00, 0x83, 0xCB, 0x02, 0xF6,
		0xC3, 0x01, 0xC7, 0x44, 0x24, 0x24, 0x00, 0x00, 0x00, 0x00, 0x74, 0x2B, 0x8B, 0x74, 0x24, 0x18,
		0x83, 0xE3, 0xFE, 0x85, 0xF6, 0x89, 0x5C, 0x24, 0x14, 0x74, 0x1C, 0x8D, 0x46, 0x04, 0x50, 0xFF,
		0x15, 0x7C, 0x80, 0xA2, 0x00, 0x85, 0xC0, 0x75, 0x0E, 0x85, 0xF6, 0x74, 0x0A, 0x8B, 0x16, 0x8B,
		0x02, 0x6A, 0x01, 0x8B, 0xCE, 0xFF, 0xD0, 0x8B, 0xC7, 0x8B, 0x4C, 0x24, 0x1C, 0x64, 0x89, 0x0D,
		0x00, 0x00, 0x00, 0x00, 0x59, 0x5F, 0x5E, 0x5D, 0x5B, 0x83, 0xC4, 0x14, 0xC2, 0x08, 0x00,
	};
	static const UInt8 kIndexedLightBeginReceiversBodyAddrExpectedBytes[] = {
		0x6A, 0xFF, 0x68, 0xEB, 0xA7, 0x9C, 0x00, 0x64, 0xA1, 0x00, 0x00, 0x00, 0x00, 0x50, 0x51, 0x56,
		0x57, 0xA1, 0xAC, 0x0A, 0xB3, 0x00, 0x33, 0xC4, 0x50, 0x8D, 0x44, 0x24, 0x10, 0x64, 0xA3, 0x00,
		0x00, 0x00, 0x00, 0x8B, 0xF9, 0x83, 0xBF, 0x48, 0x01, 0x00, 0x00, 0x00, 0x8D, 0xB7, 0x48, 0x01,
		0x00, 0x00, 0x75, 0x46, 0x68, 0xC0, 0x00, 0x00, 0x00, 0xE8, 0xF2, 0xBF, 0xC2, 0xFF, 0x83, 0xC4,
		0x04, 0x89, 0x44, 0x24, 0x0C, 0x85, 0xC0, 0xC7, 0x44, 0x24, 0x18, 0x00, 0x00, 0x00, 0x00, 0x74,
		0x0B, 0x6A, 0x00, 0x8B, 0xC8, 0xE8, 0x46, 0x16, 0xF4, 0xFF, 0xEB, 0x02, 0x33, 0xC0, 0x50, 0x8B,
		0xCE, 0xC7, 0x44, 0x24, 0x1C, 0xFF, 0xFF, 0xFF, 0xFF, 0xE8, 0x52, 0x9B, 0xF8, 0xFF, 0x8B, 0x0E,
		0x68, 0xB8, 0x12, 0xA9, 0x00, 0xE8, 0xD6, 0x94, 0xF2, 0xFF, 0x56, 0x8D, 0x8F, 0xE4, 0x00, 0x00,
		0x00, 0xE8, 0xAA, 0x38, 0xF7, 0xFF, 0x8B, 0x87, 0xE8, 0x00, 0x00, 0x00, 0x89, 0x87, 0x44, 0x01,
		0x00, 0x00, 0x8B, 0x4C, 0x24, 0x10, 0x64, 0x89, 0x0D, 0x00, 0x00, 0x00, 0x00, 0x59, 0x5F, 0x5E,
		0x83, 0xC4, 0x10, 0xC3,
	};
	static const UInt8 kIndexedLightEndReceiversBodyAddrExpectedBytes[] = {
		0x56, 0x57, 0x8B, 0xF9, 0x8B, 0xB7, 0x44, 0x01, 0x00, 0x00, 0x85, 0xF6, 0x74, 0x19, 0x8B, 0xFF,
		0x8D, 0x46, 0x08, 0x8B, 0x00, 0x85, 0xC0, 0x8B, 0x36, 0x74, 0x08, 0x50, 0x8B, 0xCF, 0xE8, 0xDD,
		0xFE, 0xFF, 0xFF, 0x85, 0xF6, 0x75, 0xE9, 0xC7, 0x87, 0x44, 0x01, 0x00, 0x00, 0x00, 0x00, 0x00,
		0x00, 0x5F, 0x5E, 0xC3,
	};

	static const UInt32 kPerfNativeListVtableDecodeAddr = 0x00A9048C;
	static const UInt32 kPerfAsciiCompareDecodeAddr = 0x00982525;
	static const UInt32 kPerfCreatedIDDecodeAddr = 0x00446B80;
	static const UInt32 kPerfListRemoveDecodeAddr = 0x0065C620;
	static const UInt32 kPluginInfoVersion = 2;
	static const UInt32 kOblivionVersion_1_2_0_416 = 0x010201A0;

	static const UInt32 kPerfSortReusePatchSite = 0x005B281C;
	static const UInt32 kPerfSortDoneSite = 0x005B2891;
	static const UInt32 kPerfSortRebuildNodeSite = 0x005B2822;
	static const UInt32 kPerfSortRebuildHeadSite = 0x005B2838;
	static const UInt32 kPerfShadowTrimPatchSite = 0x004074AC;
	static const UInt32 kPerfPeriodicTrimPatchSite = 0x0067A240;
	static const UInt32 kPerfPeriodicTrimDoneSite = 0x0067A285;
	static const UInt32 kPerfNativeTrimAddr = 0x006747C0;
	static const UInt32 kPerfLightRankPatchSite = 0x007C71B0;
	static const UInt32 kPerfLightScoreAddr = 0x007D2FF0;
	static const UInt32 kPerfLightRemoveAddr = 0x007C17D0;
	static const UInt32 kPerfLightInsertAddr = 0x007C6A20;
	static const UInt32 kPerfFormIDPatchSite = 0x0045E0D0;
	static const UInt32 kPerfWorldIDPatchSite = 0x0045E180;
	static const UInt32 kPerfOwnerCtorPatchSite = 0x0045B300;
	static const UInt32 kPerfOwnerDestroyPatchSite = 0x00453250;
	static const UInt32 kPerfOwnerResetPatchSite = 0x00462080;
	static const UInt32 kPerfIDLoadPatchSite = 0x0045E3D0;
	static const UInt32 kPerfArraySetPatchSite = 0x00446C50;
	static const UInt32 kPerfArrayResizePatchSite = 0x00452910;
	static const UInt32 kPerfNumericPrefixPatchSite = 0x0045E450;
	static const UInt32 kPerfWorldPrefixPatchSite = 0x0045E540;
	static const UInt32 kPerfNumericReservePatchSite = 0x0045E4CD;
	static const UInt32 kPerfWorldReservePatchSite = 0x0045E5BD;
	static const UInt32 kPerfMasterPatchSite = 0x0044FC70;
	static const UInt32 kPerfMasterCompareAddr = 0x0098262D;
	static const UInt32 kPerfStreamSizeAddr = 0x00430240;
	static const UInt32 kPerfIDLoadDecodeAddr = 0x0045E3D0;
	static const UInt32 kPerfFormIDDecodeAddr = 0x0045E0D0;
	static const UInt32 kPerfWorldIDDecodeAddr = 0x0045E180;
	static const UInt32 kPerfMasterDecodeAddr = 0x0044FC70;
	static const UInt32 kPerfLightRankDecodeAddr = 0x007C71B0;
	static const UInt32 kPerfSortDecodeAddr = 0x005B27A0;
	static const UInt32 kPerfOwnerCtorDecodeAddr = 0x0045B300;
	static const UInt32 kPerfOwnerResetDecodeAddr = 0x00462080;
	static const UInt32 kPerfOwnerDestroyDecodeAddr = 0x00453250;
	static const UInt32 kPerfArraySetDecodeAddr = 0x00446C50;
	static const UInt32 kPerfArrayResizeDecodeAddr = 0x00452910;
	static const UInt32 kPerfBSFileVtableAddr = 0x00A3636C;
	static const UInt32 kPerfStreamOpenDecodeAddr = 0x0042FE80;
	static const UInt32 kPerfLightRankContinue = 0x007C71B7;
	static const UInt32 kPerfLightHandler = 0x009CE778;
	static const UInt32 kPerfNativeListVtable = 0x00A9048C;
	static const UInt32 kPerfCandidateLimitAddr = 0x00B36CD0;
	static const UInt32 kPerfPeriodicTrimContinue = 0x0067A246;
	static const UInt32 kPerfNumericPrefixContinue = 0x0045E457;
	static const UInt32 kPerfWorldPrefixContinue = 0x0045E545;
	static const UInt32 kPerfOwnerCtorContinue = 0x0045B307;
	static const UInt32 kPerfOwnerCtorHandler = 0x009AE32E;
	static const UInt32 kPerfOwnerDestroyContinue = 0x00453256;
	static const UInt32 kPerfOwnerResetContinue = 0x00462087;
	static const UInt32 kPerfOwnerResetHandler = 0x009C2A91;
	static const UInt32 kPerfIDLoadContinue = 0x0045E3D6;
	static const UInt32 kPerfArraySetContinue = 0x00446C57;
	static const UInt32 kPerfArrayResizeContinue = 0x00452917;
	static const UInt32 kPerfFormIDContinue = 0x0045E0D5;
	static const UInt32 kPerfWorldIDContinue = 0x0045E185;
	static const UInt32 kPerfCRTLocaleFlagAddr = 0x00BA9E10;
	static const UInt32 kPerfIDArrayVtableAddr = 0x00A39044;
	static const UInt32 kPerfMasterErrorAddr = 0x004A7A60;
	static const UInt32 kPerfFilenoAddr = 0x0098ED40;
	static const UInt32 kPerfCRTHandleCountAddr = 0x00BAAAA0;
	static const UInt32 kPerfCRTIOInfoAddr = 0x00BAAAC0;
	static const UInt32 kPerfOSHandleLayoutDecodeAddr = 0x0099D491;

	static const UInt32 kMainThreadHandlePatchSite = 0x00404A55;
	static const UInt32 kMainThreadHandleContinueSite = 0x00404A68;
	static const UInt32 kBinkOpenThreadHandleUseDecodeAddr = 0x00410229;
	static const UInt32 kBinkOpenResumeThreadUseDecodeAddr = 0x0041028E;

	static const UInt32 kRendererInitFailurePatchSite = 0x004983C0;
	static const UInt32 kRendererInitFailureContinueSite = 0x004983C5;
	static const UInt32 kRendererInitFailureReturnSite = 0x00498E7D;

	static const UInt32 kTexturePaletteUnderscorePatchSite = 0x004A26F7;
	static const UInt32 kTexturePaletteContinueSite = 0x004A26FE;
	static const UInt32 kTexturePaletteFallbackSite = 0x004A27A1;

	static const UInt32 kArchiveRawReadTargetPatchSite = 0x0042C3EF;
	static const UInt32 kArchiveRawReadTargetContinueSite = 0x0042C3FD;
	static const UInt32 kArchiveRawReadCountClampPatchSite = 0x0042C439;
	static const UInt32 kArchiveRawReadCountClampContinueSite = 0x0042C45A;
	static const UInt32 kCompressedArchiveRefillPatchSite = 0x0042C7CA;
	static const UInt32 kCompressedArchiveRefillLoopSite = 0x0042C780;
	static const UInt32 kCompressedArchiveRefillDoneSite = 0x0042C818;
	static const UInt32 kCompressedArchiveRefillErrorSite = 0x0042C7F3;
	// Runtime WER crashes landed in CompressedArchiveFile::Read while this
	// load-critical archive group was installed. Keep the decode, do not patch.
	static const bool kInstallArchiveStreamingGuards = false;

	static const UInt32 kTESFileNextRecordAdvancePatchSite = 0x0045132A;
	static const UInt32 kTESFileNextRecordAdvanceContinueSite = 0x00451342;
	static const UInt32 kTESFileNextRecordAdvanceStopSite = 0x00451350;
	static const UInt32 kTESFileGetNextChunkAdvancePatchSite = 0x0044FECB;
	static const UInt32 kTESFileGetNextChunkAdvanceContinueSite = 0x0044FEF7;
	static const UInt32 kTESFileGetNextChunkAdvanceStopSite = 0x0044FEE4;
	static const UInt32 kTESFileLoadChunkHeaderCompressedTailPatchSite = 0x00450F97;
	static const UInt32 kTESFileLoadChunkHeaderContinueSite = 0x00450FB3;
	static const UInt32 kTESFileLoadChunkHeaderFailSite = 0x00450F65;
	static const UInt32 kTESFileDecompressedRecordSizePatchSite = 0x004505EF;
	static const UInt32 kTESFileDecompressedRecordContinueSite = 0x004505F6;
	static const UInt32 kTESFileDecompressedRecordFailSite = 0x004506F6;
	static const UInt32 kTESFileDecompressedRecordAllocPatchSite = 0x004505F6;
	static const UInt32 kTESFileCompressedInputBoundsPatchSite = 0x00450596;
	static const UInt32 kTESFileCompressedInputContinueSite = 0x0045059C;
	static const UInt32 kTESFileCompressedInputFailSite = 0x00450709;
	static const UInt32 kTESFileInflatedSizePatchSite = 0x004506BD;
	static const UInt32 kTESFileInflatedSizeContinueSite = 0x004506C2;
	static const UInt32 kTESFileInflatedSizeFailSite = 0x004506AC;
	static const UInt32 kTESFileInflateInitCleanupPatchSite = 0x00450651;
	static const UInt32 kTESFileInflateFailureCleanupDecodeAddr = 0x004506F1;
	static const UInt32 kMemoryHeapAllocZlibCallbackAddr = 0x0040FD70;
	static const UInt32 kTESFileGetChunkDataTruncatedCopyPatchSite = 0x00450D66;
	static const UInt32 kTESFileGetChunkDataTruncatedCopyContinueSite = 0x00450D84;
	static const UInt32 kTESFileGetChunkDataFullCopyPatchSite = 0x00450EC8;
	static const UInt32 kTESFileGetChunkDataFullCopyContinueSite = 0x00450EED;
	static const UInt32 kTESFileJumpToRecordValidatePatchSite = 0x00451487;
	static const UInt32 kTESFileJumpToRecordSeekSite = 0x004514C0;
	static const UInt32 kTESFileNextRecordAddr = 0x00451310;
	static const UInt32 kTESFileNextGroupPatchSite = 0x00451580;
	static const UInt32 kTESFormCompressRecordTempAllocPatchSite = 0x0046B3E8;
	static const UInt32 kTESFormCompressRecordTempAllocContinueSite = 0x0046B3F9;
	static const UInt32 kTESFormCompressRecordDeflateErrorCleanupPatchSite = 0x0046B427;
	static const UInt32 kTESFormCompressRecordFinalAllocPatchSite = 0x0046B449;
	static const UInt32 kTESFormCompressRecordFinalAllocContinueSite = 0x0046B450;
	static const UInt32 kTESFormCompressRecordFailureReturnSite = 0x0046B430;
	static const UInt32 kTESRecordTypeGRUPAddr = 0x00B05E20;
	static const UInt32 kMaxTESFileDecompressedRecordBytes = 64 * 1024 * 1024;

	static const UInt32 kFormHeapAllocAddr = 0x00401F00;
	static const UInt32 kFormHeapFreeAddr = 0x00401F20;
	static const UInt32 kBSSimpleListInsertSortedAllocFailureBranchSite = 0x004166AE;
	static const UInt32 kBSSimpleListPushFrontAllocFailureBranchSite = 0x00446CCD;
	static const UInt32 kEffectSettingFilteredListHeadAllocPatchSite = 0x004170B4;
	static const UInt32 kEffectSettingFilteredListHeadAllocFailureSite = 0x004171C5;
	static const UInt32 kEffectSettingFilteredListNodeAllocFailureBranchSite = 0x0041719E;
	static const UInt32 kZlibStreamEndAddr = 0x00743E50;
	static const UInt32 kTESFileGetChunkDataAddr = 0x00450C20;
	static const UInt32 kTESFileJumpToRecordAddr = 0x00451460;
	static const UInt32 kTESWorldSpaceLoadOFSTPatchSite = 0x004F2150;
	static const UInt32 kTESWorldSpaceLoadOFSTContinueSite = 0x004F21B6;
	static const UInt32 kTESWorldSpaceFindCellOffsetPatchSite = 0x004EF55E;
	static const UInt32 kTESWorldSpaceFindCellOffsetSuccessSite = 0x004EF575;
	static const UInt32 kTESWorldSpaceFindCellOffsetNoOffsetSite = 0x004EF580;
	static const UInt32 kTESWorldSpaceFindCellOffsetFallbackSite = 0x004EF58B;
	static const UInt32 kTESWorldSpacePostFixupOffsetWritePatchSite = 0x004F305E;
	static const UInt32 kTESWorldSpaceRebuildAllocPatchSite = 0x004F2F4E;
	static const UInt32 kTESWorldSpaceRebuildAllocContinueSite = 0x004F2F57;
	static const UInt32 kTESWorldSpaceRebuildAllocFailSite = 0x004F3268;
	static const UInt32 kTESWorldSpacePostFixupOffsetWriteContinueSite = 0x004F3065;
	static const UInt32 kTESWorldSpacePostFixupOffsetCommitPatchSite = 0x004F30AD;
	static const UInt32 kTESWorldSpacePostFixupOffsetCommitContinueSite = 0x004F3268;
	static const UInt32 kTESWorldSpacePostFixupOffsetReadPatchSite = 0x004F3195;
	static const UInt32 kTESWorldSpacePostFixupOffsetNonZeroSite = 0x004F31A6;
	static const UInt32 kTESWorldSpacePostFixupOffsetSkipSite = 0x004F324E;
	static const UInt32 kMaxWorldspaceOFSTBytes = 64 * 1024 * 1024;
	static const UInt32 kWorldspaceOFSTTrackingCapacity = 4096;

	static const UInt32 kLoadingTextureWaitPatchSite = 0x004109EB;
	static const UInt32 kLoadingTextureWaitContinueSite = 0x00410A49;
	static const UInt32 kLoadingTextureWaitPumpAddr = 0x00410390;
	static const UInt32 kLoadingTextureWaitSecondsAddr = 0x00B030AC;
	static const float kStaticLoadingScreenWaitScale = 0.70f;

	static const UInt32 kLoadGameStartTickPatchSite = 0x00459A43;
	static const UInt32 kLoadGameStartTickElapsedSite = 0x00459A63;
	static const UInt32 kLoadGameStartTickGlobalAddr = 0x00B33B08;

	static const UInt32 kWorldspaceMessageDelayPatchSite = 0x005BDD35;
	static const UInt32 kWorldspaceMessageDelayContinueSite = 0x005BDD5E;
	static const UInt32 kWorldspaceMessageDelayStep1Addr = 0x005791A0;
	static const UInt32 kWorldspaceMessageDelayStep2Addr = 0x00579220;
	static const UInt32 kWorldspaceMessageDelayInputGlobalsAddr = 0x00B33398;
	static const UInt32 kWorldspaceMessageDelayInputUpdateAddr = 0x0040D4D0;

	static const UInt32 kGlobalAnimTimerLoadPatchSite = 0x004413DB;
	static const UInt32 kGlobalAnimTimerLoadContinueSite = 0x004413E0;
	static const UInt32 kSaveLoadCreateBufferPatchSite = 0x00453500;
	static const UInt32 kSaveLoadFreeBufferPatchSite = 0x00452230;
	static const UInt32 kSaveLoadActivateDeferredBufferPatchSite = 0x0046386D;
	static const UInt32 kSaveLoadAnimationBufferBeginPatchSite = 0x00458F83;
	static const UInt32 kSaveLoadAnimationBufferEndPatchSite = 0x00458FCE;
	static const UInt32 kSaveLoadAttachedAnimationBufferBeginPatchSite = 0x0045908D;
	static const UInt32 kSaveLoadAttachedAnimationBufferEndPatchSite = 0x004590CC;
	static const UInt32 kSaveLoadCharacterBufferBeginPatchSite = 0x004591F3;
	static const UInt32 kSaveLoadCharacterBufferEndPatchSite = 0x004592BA;
	static const UInt32 kSaveLoadHavokBufferBeginPatchSite = 0x0045937D;
	static const UInt32 kSaveLoadHavokBufferEndPatchSite = 0x004593C4;
	static const UInt32 kSaveLoadLoadDataAddr = 0x004534D0;
	static const UInt32 kSaveLoadBoundedLoadDataPatchSite = 0x004534D0;
	static const UInt32 kSaveLoadRawBlobMap54PatchSite = 0x00458E50;
	static const UInt32 kSaveLoadRawBlobMap58PatchSite = 0x00459020;
	static const UInt32 kSaveLoadRawBlobMap5CPatchSite = 0x004590E0;
	static const UInt32 kSaveLoadRawBlobMap60PatchSite = 0x00459310;
	static const UInt32 kSaveLoadExpiredCellEntryAllocPatchSite = 0x0046196A;
	static const UInt32 kSaveLoadExpiredCellListAllocPatchSite = 0x00461998;
	static const UInt32 kSaveLoadExpiredCellAllocSkipSite = 0x00461A0D;
	static const UInt32 kContainerExtraDataListNodePatchSite = 0x00493908;
	static const UInt32 kContainerExtraDataListNodeContinueSite = 0x0049390E;
	static const UInt32 kContainerExtraDataListNodeFailureSite = 0x0049392F;
	static const UInt32 kExtraDataRegionListBufferAllocPatchSite = 0x00426053;
	static const UInt32 kExtraDataRegionListAllocFailureSite = 0x004260C1;
	static const UInt32 kExtraDataLockDataAllocPatchSite = 0x00425AA4;
	static const UInt32 kExtraDataLockDataAllocContinueSite = 0x00425AAB;
	static const UInt32 kExtraDataLockWrapperAllocPatchSite = 0x00425AC2;
	static const UInt32 kExtraDataLockWrapperAllocContinueSite = 0x00425ACC;
	static const UInt32 kExtraDataLoadSkipSite = 0x00426251;
	static const UInt32 kExtraDataMapMarkerAllocPatchSite = 0x00425DB8;
	static const UInt32 kExtraDataMapMarkerAllocContinueSite = 0x00425DC1;
	static const UInt32 kExtraDataTeleportAllocPatchSite = 0x00425E9C;
	static const UInt32 kExtraDataTeleportAllocContinueSite = 0x00425EA5;
	static const UInt32 kExtraDataRagdollAllocPatchSite = 0x00425C75;
	static const UInt32 kExtraDataRagdollAllocContinueSite = 0x00425C7E;
	static const UInt32 kExtraDataRagdollPayloadAllocPatchSite = 0x00425CA4;
	static const UInt32 kExtraDataRagdollPayloadAllocContinueSite = 0x00425CAD;
	static const UInt32 kExtraDataRegionListAllocPatchSite = 0x0042601F;
	static const UInt32 kExtraDataRegionListAllocContinueSite = 0x0042602A;
	static const UInt32 kAnimationChunkBufferAllocPatchSite = 0x004688FA;
	static const UInt32 kAnimationChunkAllocFailureSite = 0x00468940;
	static const UInt32 kTESCreatureNIFZBufferAllocPatchSite = 0x0046E016;
	static const UInt32 kTESCreatureNIFZAllocFailureSite = 0x0046E05E;
	static const UInt32 kScriptEventListOptionalDataAllocPatchSite = 0x004FB914;
	static const UInt32 kScriptEventListOptionalDataContinueSite = 0x004FB91C;
	static const UInt32 kScriptEventListOptionalDataDoneSite = 0x004FB928;
	static const UInt32 kArchiveFolderNameAllocPatchSite = 0x0042CBC3;
	// Archive constructor/factory contracts from the authoritative Oblivion IDB.
	static const UInt32 kArchiveCachedNamesDeferPatchSite = 0x0042F0A0;
	static const UInt32 kArchiveCachedNamesDeferContinueSite = 0x0042F0E0;
	static const UInt32 kArchiveCachedNamesBuildPatchSite = 0x0042F24F;
	static const UInt32 kArchiveCachedNamesBuildContinueSite = 0x0042F30F;
	static const UInt32 kArchiveCachedNamesInvalidSite = 0x0042F481;
	static const UInt32 kArchiveRegistrationPatchSite = 0x0042F590;
	static const UInt32 kArchiveRegistrationContinueSite = 0x0042F5C7;
	static const UInt32 kArchiveRegistrationFailureSite = 0x0042F5DF;
	static const UInt32 kArchiveRegistrationListAddr = 0x00B338E0;
	static const UInt32 kArchiveConstructorDecodeAddr = 0x0042EE80;
	static const UInt32 kArchiveFactoryDecodeAddr = 0x0042F4C0;
	static const UInt32 kArchiveReadBytesAddr = 0x0042C8E0;
	static const UInt32 kArchiveFilenameCleanupDecodeAddr = 0x0042C0D0;
	static const UInt32 kArchiveDestructorDecodeAddr = 0x0042CA60;
	static const UInt32 kArchiveDeletingDestructorDecodeAddr = 0x0042E000;
	static const UInt32 kArchiveReadCallbackDecodeAddr = 0x00430050;
	static const UInt32 kArchiveBSFileReadDecodeAddr = 0x004302B0;
	static const UInt32 kArchiveNiFileReadDecodeAddr = 0x00747E80;
	static const UInt32 kArchiveFolderNameAllocFailureSite = 0x0042CBEE;
	static const UInt32 kBSFileWriteSwappedAllocPatchSite = 0x0043035F;
	static const UInt32 kBSFileOpenBufferAllocPatchSite = 0x0042FF4F;
	static const UInt32 kBSFileOpenBufferAllocContinueSite = 0x0042FF54;
	static const UInt32 kBSFileOpenDoneSite = 0x0042FF74;
	static const UInt32 kModelWildcardPathAllocPatchSite = 0x00431A97;
	static const UInt32 kModelWildcardPathAllocFailureSite = 0x00431AD8;
	static const UInt32 kKFListHeadAllocPatchSite = 0x0043587E;
	static const UInt32 kKFListStringAllocPatchSite = 0x004358C1;
	static const UInt32 kKFListNodeAllocPatchSite = 0x004358F1;
	static const UInt32 kKFListNodeAllocContinueSite = 0x004358F8;
	static const UInt32 kKFListEntrySkipSite = 0x00435911;
	static const UInt32 kKFListDoneSite = 0x00435920;
	static const UInt32 kTESFileUpdateGroupsAllocPatchSite = 0x0045037E;
	static const UInt32 kTESFileUpdateGroupsAllocFailureSite = 0x00450427;
	static const UInt32 kTESFileLoadedMastersAllocPatchSite = 0x0044FCBF;
	static const UInt32 kArchiveMasterListAllocPatchSite = 0x0042F734;
	static const UInt32 kArchiveMasterListAllocContinueSite = 0x0042F73A;
	static const UInt32 kArchiveMasterListAllocFailureSite = 0x0042F9BE;
	static const UInt32 kArchiveMasterListAppendPatchSite = 0x0042F8BE;
	static const UInt32 kArchiveMasterListFindNextSite = 0x0042F90E;
	static const UInt32 kArchiveSearchHandleClosePatchSite = 0x0042F916;
	static const UInt32 kArchiveSearchHandleNextEntrySite = 0x0042F880;
	static const UInt32 kArchiveSearchHandleDoneSite = 0x0042F91E;
	static const UInt32 kArchivePluginsFileClosePatchSite = 0x0042F933;
	static const UInt32 kArchivePluginsFileCloseContinueSite = 0x0042F939;
	static const UInt32 kFcloseAddr = 0x00982179;
	static const UInt32 kArchiveMasterListNewlinePatchSite = 0x0042F890;
	static const UInt32 kArchiveMasterListNewlineContinueSite = 0x0042F895;
	static const UInt32 kArchiveMasterListAppendStartSite = 0x0042F8AF;
	static const UInt32 kCellChangedRefCellLoadPatchSite = 0x0045C5B7;
	static const UInt32 kCellChangedRefCellLoadContinueSite = 0x0045C5D0;
	static const UInt32 kCellChangedRefWorldLoadPatchSite = 0x0045C6AD;
	static const UInt32 kCellChangedRefWorldLoadContinueSite = 0x0045C6C6;
	static const UInt32 kTESFileGetRecordTypeAddr = 0x004511C0;
	static const UInt32 kTESDataHandlerCreateReferenceAddr = 0x004DB260;
	static const UInt32 kTESDataHandlerLoadFormAddr = 0x00447050;
	static const UInt32 kTESSpellListCountPatchSite = 0x0046F9CC;
	static const UInt32 kTESSpellListNodeAllocPatchSite = 0x0046FA4F;
	static const UInt32 kAVCollectionCountPatchSite = 0x0065CBC9;
	static const UInt32 kMiddleHighProcessFormIDCountPatchSite = 0x00656AA4;
	static const UInt32 kMiddleHighProcessFormIDCountLoopSite = 0x00656AB0;
	static const UInt32 kMiddleHighProcessFormIDCountDoneSite = 0x00656B1F;
	static const UInt32 kMiddleHighProcessFormIDNodeAllocPatchSite = 0x00656ADF;
	static const UInt32 kMiddleHighProcessFormIDNodeAllocContinueSite = 0x00656AE9;
	static const UInt32 kMiddleHighProcessFormIDNodeAllocSkipSite = 0x00656B13;
	static const UInt32 kKnownEffectsCountPatchSite = 0x00416EB1;
	static const UInt32 kKnownEffectsCountLoopSite = 0x00416EC0;
	static const UInt32 kKnownEffectsCountDoneSite = 0x00416F12;
	static const UInt32 kActorRelationshipDispositionFirstPatchSite = 0x00602626;
	static const UInt32 kActorRelationshipDispositionFirstContinueSite = 0x006026A2;
	static const UInt32 kActorRelationshipDispositionSecondPatchSite = 0x00602707;
	static const UInt32 kActorRelationshipDispositionSecondContinueSite = 0x00602788;
	static const UInt32 kTESFormLoadDataFromCurrentSaveGameAddr = 0x0046AC80;
	static const UInt32 kTESFormLoadFormIDFromCurrentSaveGameAddr = 0x0046ACA0;
	static const UInt32 kPrintErrorAddr = 0x00404EC0;
	static const UInt32 kGlobalAnimTimerAddr = 0x00B33A30;
	static const UInt32 kGlobalAnimTimerUpdateDecodeAddr = 0x00442536;
	static const UInt32 kGlobalAnimTimerSceneUpdateDecodeAddr = 0x004425A8;
	static const float kGlobalAnimTimerPrecisionLimit = 131072.0f;

	static const UInt32 kActorAnimRestoreClockWriteSite = 0x00474BB2;
	static const UInt32 kActorAnimUpdatePreSamplePatchSite = 0x00476E86;
	static const UInt32 kActorAnimUpdateClockWriteSite = 0x00476F97;
	static const UInt32 kActorAnimUpdateClockPatchSite = 0x00476FA6;
	static const UInt32 kBSAnimGroupSequenceSampleUpdateAddr = 0x0049F4A0;
	static const UInt32 kBSAnimGroupSequenceSaveStateAddr = 0x0049F570;
	static const UInt32 kBSAnimGroupSequenceLoadStateAddr = 0x0049F5F0;
	static const UInt32 kNiControllerSequenceUpdateAddr = 0x006C5FC0;
	static const UInt32 kActorAnimClockOffset = 0x94;
	static const UInt32 kActorAnimSequenceListOffset = 0xA0;
	static const UInt32 kNiControllerSequenceOffsetOffset = 0x48;
	static const UInt32 kActorAnimSequenceCount = 5;
	static const UInt32 kSaveBufferRangeTrackingCapacity = 256;
	static const float kActorAnimRebaseThreshold = 4096.0f;
	static const float kActorAnimRebaseStep = 2048.0f;
	static const float kSentinelMagnitude = 1.0e30f;

	static const UInt32 kActorGetAttackedPatchSite = 0x005E58C0;
	static const UInt32 kActorGetAttackedContinueSite = 0x005E58C5;
	static const UInt32 kActorAdjacentProcessGuardDecodeAddr = 0x005E58D0;
	static const UInt32 kActorIsTalkingPatchSite = 0x005E0E62;
	static const UInt32 kActorIsTalkingContinueSite = 0x005E0E67;
	static const UInt32 kActorIsTalkingReturnSite = 0x005E0E70;
	static const UInt32 kActorIsTalkingAdjacentGuardDecodeAddr = 0x005E0E80;
	static const UInt32 kActorGetFurnitureMarkerIDPatchSite = 0x004F65D5;
	static const UInt32 kActorGetFurnitureMarkerIDContinueSite = 0x004F65DA;
	static const UInt32 kActorGetFurnitureMarkerIDNoProcessSite = 0x004F65F8;
	static const UInt32 kActorGetLineOfSightPatchSite = 0x005F28D4;
	static const UInt32 kActorGetLineOfSightContinueSite = 0x005F28DA;
	static const UInt32 kActorGetLineOfSightNoProcessSite = 0x005F2E48;
	static const UInt32 kActorGetWalkSpeedPatchSite = 0x005E35E1;
	static const UInt32 kActorGetWalkSpeedContinueSite = 0x005E35E6;
	static const UInt32 kActorGetWalkSpeedNoProcessSite = 0x005E35EE;
	static const UInt32 kActorUsingTorchPatchSite = 0x004F84AA;
	static const UInt32 kActorUsingTorchContinueSite = 0x004F84AF;
	static const UInt32 kActorUsingTorchNoProcessSite = 0x004F84B9;
	static const UInt32 kActorCurrentFurnitureObjectPatchSite = 0x004F66C2;
	static const UInt32 kActorCurrentFurnitureObjectContinueSite = 0x004F66C7;
	static const UInt32 kActorCurrentFurnitureObjectNoProcessSite = 0x004F66E9;
	static const UInt32 kActorCurrentFurnitureReferencePatchSite = 0x004F6662;
	static const UInt32 kActorCurrentFurnitureReferenceContinueSite = 0x004F6667;
	static const UInt32 kActorCurrentFurnitureReferenceNoProcessSite = 0x004F6679;
	static const UInt32 kActorIsRunningPatchSite = 0x004F8DD7;
	static const UInt32 kActorIsRunningContinueSite = 0x004F8DDC;
	static const UInt32 kActorIsRunningNoProcessSite = 0x004F8DE4;
	static const UInt32 kCanHaveFlamesPatchSite = 0x004F8A72;
	static const UInt32 kNiObjectNETGetExtraDataAddr = 0x006FF9C0;
	static const UInt32 kGetAlarmedPatchSite = 0x004F4C39;
	static const UInt32 kActorGetCurrentStateNameAddr = 0x005E4080;
	static const UInt32 kSpellPurchaseTilePatchSite = 0x005D8D26;
	static const UInt32 kSpellPurchaseTileContinueSite = 0x005D8D2C;
	static const UInt32 kSpellPurchaseTileNullSite = 0x005D8D3E;
	static const UInt32 kDropItemNullExtraListContextAddr = 0x005FC4FF;
	static const UInt32 kDropItemNullExtraListPatchSite = 0x005FC505;
	static const UInt32 kDropItemNullExtraListIntermediateSite = 0x005FC51B;
	static const UInt32 kDropItemNullExtraListContinueSite = 0x005FC5B7;

	static const UInt32 kEngineBugFixesV222TimeDateStamp = 0x5D878122;
	static const UInt32 kEngineBugFixesV222SizeOfImage = 0x00074000;
	static const UInt32 kEngineBugFixesV222Checksum = 0x00072490;
	// Exact EngineBugFixes v2.22 bodies from the deployed image. Absolute
	// image addresses are adjusted only at the recovered HIGHLOW relocations.
	static const UInt32 kEngineBugFixesPreferredImageBase = 0x10000000;
	static const UInt32 kEngineBugFixesGlobalAnimTimerHookRVA = 0x0000E210;
	static const UInt8 kEngineBugFixesGlobalAnimTimerHookBytes[] =
	{
		0xFF, 0x15, 0x1C, 0xAD, 0x04, 0x10, 0xE8, 0x25, 0xFF, 0xFF, 0xFF, 0xFF,
		0x25, 0x18, 0xAD, 0x04, 0x10,
	};
	static const UInt32 kEngineBugFixesGlobalAnimTimerHookRelocations[] =
	{ 0x02, 0x0D };

	static const UInt32 kEngineBugFixesGlobalAnimTimerHelperRVA = 0x0000E140;
	static const UInt8 kEngineBugFixesGlobalAnimTimerHelperBytes[] =
	{
		0x55, 0x8B, 0xEC, 0x6A, 0xFF, 0x68, 0x9E, 0x45, 0x04, 0x10, 0x64, 0xA1,
		0x00, 0x00, 0x00, 0x00, 0x50, 0x51, 0x56, 0xA1, 0xC0, 0x40, 0x06, 0x10,
		0x33, 0xC5, 0x50, 0x8D, 0x45, 0xF4, 0x64, 0xA3, 0x00, 0x00, 0x00, 0x00,
		0xA1, 0x4C, 0xC9, 0x04, 0x10, 0xD9, 0x00, 0xB8, 0x01, 0x00, 0x00, 0x00,
		0xD9, 0x5D, 0xF0, 0x84, 0x05, 0xF8, 0x6C, 0x06, 0x10, 0x75, 0x3E, 0x09,
		0x05, 0xF8, 0x6C, 0x06, 0x10, 0x6A, 0x00, 0x50, 0x50, 0x68, 0xA4, 0xAC,
		0x04, 0x10, 0xB9, 0xCC, 0x6C, 0x06, 0x10, 0xC7, 0x45, 0xFC, 0x00, 0x00,
		0x00, 0x00, 0xE8, 0xB5, 0x03, 0x01, 0x00, 0x68, 0xA0, 0x70, 0x04, 0x10,
		0xC7, 0x05, 0xCC, 0x6C, 0x06, 0x10, 0x98, 0xAC, 0x04, 0x10, 0xE8, 0x2F,
		0xD5, 0x01, 0x00, 0x83, 0xC4, 0x04, 0xC7, 0x45, 0xFC, 0xFF, 0xFF, 0xFF,
		0xFF, 0x8B, 0x75, 0xF0, 0xD9, 0x45, 0xF0, 0x56, 0x83, 0xEC, 0x08, 0xDD,
		0x1C, 0x24, 0x68, 0xEC, 0xAC, 0x04, 0x10, 0x6A, 0x02, 0x68, 0xCC, 0x6C,
		0x06, 0x10, 0xE8, 0xD9, 0x67, 0xFF, 0xFF, 0x83, 0xC4, 0x18, 0x81, 0xFE,
		0x00, 0x00, 0x00, 0x48, 0x72, 0x1C, 0xD9, 0xEE, 0x8B, 0x0D, 0x4C, 0xC9,
		0x04, 0x10, 0x68, 0xB4, 0xAC, 0x04, 0x10, 0xD9, 0x19, 0x68, 0xCC, 0x6C,
		0x06, 0x10, 0xE8, 0xB5, 0xA1, 0xFF, 0xFF, 0x83, 0xC4, 0x08, 0x8B, 0x4D,
		0xF4, 0x64, 0x89, 0x0D, 0x00, 0x00, 0x00, 0x00, 0x59, 0x5E, 0x8B, 0xE5,
		0x5D, 0xC3,
	};
	static const UInt32 kEngineBugFixesGlobalAnimTimerHelperRelocations[] =
	{ 0x06, 0x14, 0x25, 0x35, 0x3D, 0x46, 0x4B, 0x5C, 0x62, 0x66, 0x87, 0x8E, 0xA6, 0xAB, 0xB2 };

	static const UInt32 kEngineBugFixesRendererInitHookRVA = 0x0000ED60;
	static const UInt8 kEngineBugFixesRendererInitHookBytes[] =
	{
		0x84, 0xC0, 0x75, 0x06, 0xFF, 0x25, 0x28, 0xB1, 0x04, 0x10, 0x83, 0xCD,
		0xFF, 0x33, 0xDB, 0xFF, 0x25, 0x24, 0xB1, 0x04, 0x10,
	};
	static const UInt32 kEngineBugFixesRendererInitHookRelocations[] =
	{ 0x06, 0x11 };

	static const UInt32 kEngineBugFixesGetAttackedHookRVA = 0x00009AD0;
	static const UInt8 kEngineBugFixesGetAttackedHookBytes[] =
	{
		0xC7, 0x05, 0xAC, 0x66, 0x06, 0x10, 0x00, 0x00, 0x00, 0x00, 0x8B, 0x41,
		0x58, 0x85, 0xC0, 0x74, 0x10, 0x8B, 0xC8, 0x8B, 0x00, 0x8B, 0x90, 0x98,
		0x03, 0x00, 0x00, 0xFF, 0x25, 0x74, 0x9E, 0x04, 0x10, 0xFF, 0x35, 0xAC,
		0x66, 0x06, 0x10, 0x51, 0xE8, 0xF3, 0xFE, 0xFF, 0xFF, 0x83, 0xC4, 0x08,
		0x32, 0xC0, 0xC3,
	};
	static const UInt32 kEngineBugFixesGetAttackedHookRelocations[] =
	{ 0x02, 0x1D, 0x23 };

	static const UInt32 kEngineBugFixesIsTalkingHookRVA = 0x00009C60;
	static const UInt8 kEngineBugFixesIsTalkingHookBytes[] =
	{
		0xC7, 0x05, 0xAC, 0x66, 0x06, 0x10, 0x08, 0x00, 0x00, 0x00, 0x8B, 0x48,
		0x58, 0x85, 0xC9, 0x74, 0x08, 0x8B, 0x11, 0xFF, 0x25, 0xB4, 0x9E, 0x04,
		0x10, 0xFF, 0x35, 0xAC, 0x66, 0x06, 0x10, 0x50, 0xE8, 0x6B, 0xFD, 0xFF,
		0xFF, 0x83, 0xC4, 0x08, 0x32, 0xC0, 0xFF, 0x25, 0xB0, 0x9E, 0x04, 0x10,
	};
	static const UInt32 kEngineBugFixesIsTalkingHookRelocations[] =
	{ 0x02, 0x15, 0x1B, 0x2C };

	static const UInt8 kEngineBugFixesActorFurnitureBytes[] =
	{
		0xC7, 0x05, 0xAC, 0x66, 0x06, 0x10, 0x01, 0x00, 0x00, 0x00, 0x8B, 0x4E,
		0x58, 0x85, 0xC9, 0x74, 0x08, 0x8B, 0x01, 0xFF, 0x25, 0x7C, 0x9E, 0x04,
		0x10, 0xFF, 0x35, 0xAC, 0x66, 0x06, 0x10, 0x56, 0xE8, 0xBB, 0xFE, 0xFF,
		0xFF, 0x83, 0xC4, 0x08, 0xFF, 0x25, 0x78, 0x9E, 0x04, 0x10,
	};
	static const UInt32 kEngineBugFixesActorFurnitureRelocations[] =
	{ 0x02, 0x15, 0x1B, 0x2A };

	static const UInt8 kEngineBugFixesActorLineOfSightBytes[] =
	{
		0xC7, 0x05, 0xAC, 0x66, 0x06, 0x10, 0x02, 0x00, 0x00, 0x00, 0x85, 0xC0,
		0x74, 0x0C, 0xD9, 0x40, 0x10, 0x83, 0xC7, 0xFB, 0xFF, 0x25, 0x84, 0x9E,
		0x04, 0x10, 0xFF, 0x35, 0xAC, 0x66, 0x06, 0x10, 0x56, 0xE8, 0x8A, 0xFE,
		0xFF, 0xFF, 0x83, 0xC4, 0x08, 0xFF, 0x25, 0x80, 0x9E, 0x04, 0x10,
	};
	static const UInt32 kEngineBugFixesActorLineOfSightRelocations[] =
	{ 0x02, 0x16, 0x1C, 0x2B };

	static const UInt8 kEngineBugFixesActorWalkSpeedBytes[] =
	{
		0xC7, 0x05, 0xAC, 0x66, 0x06, 0x10, 0x03, 0x00, 0x00, 0x00, 0x8B, 0x4E,
		0x58, 0x85, 0xC9, 0x74, 0x08, 0x8B, 0x01, 0xFF, 0x25, 0x8C, 0x9E, 0x04,
		0x10, 0xFF, 0x35, 0xAC, 0x66, 0x06, 0x10, 0x56, 0xE8, 0x5B, 0xFE, 0xFF,
		0xFF, 0x83, 0xC4, 0x08, 0x32, 0xC0, 0xFF, 0x25, 0x88, 0x9E, 0x04, 0x10,
	};
	static const UInt32 kEngineBugFixesActorWalkSpeedRelocations[] =
	{ 0x02, 0x15, 0x1B, 0x2C };

	static const UInt8 kEngineBugFixesActorTorchBytes[] =
	{
		0xC7, 0x05, 0xAC, 0x66, 0x06, 0x10, 0x04, 0x00, 0x00, 0x00, 0x8B, 0x4E,
		0x58, 0x85, 0xC9, 0x74, 0x08, 0x8B, 0x01, 0xFF, 0x25, 0x94, 0x9E, 0x04,
		0x10, 0xFF, 0x35, 0xAC, 0x66, 0x06, 0x10, 0x56, 0xE8, 0x2B, 0xFE, 0xFF,
		0xFF, 0x83, 0xC4, 0x08, 0x33, 0xC0, 0xFF, 0x25, 0x90, 0x9E, 0x04, 0x10,
	};
	static const UInt32 kEngineBugFixesActorTorchRelocations[] =
	{ 0x02, 0x15, 0x1B, 0x2C };

	static const UInt8 kEngineBugFixesActorFurnitureObjectBytes[] =
	{
		0xC7, 0x05, 0xAC, 0x66, 0x06, 0x10, 0x05, 0x00, 0x00, 0x00, 0x8B, 0x4E,
		0x58, 0x85, 0xC9, 0x74, 0x08, 0x8B, 0x01, 0xFF, 0x25, 0x9C, 0x9E, 0x04,
		0x10, 0xFF, 0x35, 0xAC, 0x66, 0x06, 0x10, 0x56, 0xE8, 0xFB, 0xFD, 0xFF,
		0xFF, 0x83, 0xC4, 0x08, 0xFF, 0x25, 0x98, 0x9E, 0x04, 0x10,
	};
	static const UInt32 kEngineBugFixesActorFurnitureObjectRelocations[] =
	{ 0x02, 0x15, 0x1B, 0x2A };

	static const UInt8 kEngineBugFixesActorFurnitureReferenceBytes[] =
	{
		0xC7, 0x05, 0xAC, 0x66, 0x06, 0x10, 0x06, 0x00, 0x00, 0x00, 0x8B, 0x4E,
		0x58, 0x85, 0xC9, 0x74, 0x08, 0x8B, 0x01, 0xFF, 0x25, 0xA4, 0x9E, 0x04,
		0x10, 0xFF, 0x35, 0xAC, 0x66, 0x06, 0x10, 0x56, 0xE8, 0xCB, 0xFD, 0xFF,
		0xFF, 0x83, 0xC4, 0x08, 0xFF, 0x25, 0xA0, 0x9E, 0x04, 0x10,
	};
	static const UInt32 kEngineBugFixesActorFurnitureReferenceRelocations[] =
	{ 0x02, 0x15, 0x1B, 0x2A };

	static const UInt8 kEngineBugFixesActorRunningBytes[] =
	{
		0xC7, 0x05, 0xAC, 0x66, 0x06, 0x10, 0x07, 0x00, 0x00, 0x00, 0x8B, 0x4E,
		0x58, 0x85, 0xC9, 0x74, 0x08, 0x8B, 0x01, 0xFF, 0x25, 0xAC, 0x9E, 0x04,
		0x10, 0xFF, 0x35, 0xAC, 0x66, 0x06, 0x10, 0x56, 0xE8, 0x9B, 0xFD, 0xFF,
		0xFF, 0x83, 0xC4, 0x08, 0x33, 0xC0, 0xFF, 0x25, 0xA8, 0x9E, 0x04, 0x10,
	};
	static const UInt32 kEngineBugFixesActorRunningRelocations[] =
	{ 0x02, 0x15, 0x1B, 0x2C };

	static const UInt8 kEngineBugFixesCanHaveFlamesHelperBytes[] =
	{
		0x55, 0x8B, 0xEC, 0x8B, 0x4D, 0x08, 0x56, 0x33, 0xF6, 0x85, 0xC9, 0x74,
		0x12, 0x8B, 0x45, 0x0C, 0x85, 0xC0, 0x74, 0x3F, 0x50, 0xB8, 0xC0, 0xF9,
		0x6F, 0x00, 0xFF, 0xD0, 0x5E, 0x5D, 0xC3, 0x83, 0x3D, 0x2C, 0x64, 0x06,
		0x10, 0x65, 0x73, 0x2B, 0xE8, 0x53, 0xFF, 0xFF, 0xFF, 0x83, 0x3D, 0x2C,
		0x64, 0x06, 0x10, 0x64, 0x73, 0x07, 0x68, 0x14, 0x95, 0x04, 0x10, 0xEB,
		0x05, 0x68, 0xE8, 0x94, 0x04, 0x10, 0x6A, 0x02, 0x50, 0xE8, 0xB6, 0xCF,
		0xFF, 0xFF, 0x83, 0xC4, 0x0C, 0xFF, 0x05, 0x2C, 0x64, 0x06, 0x10, 0x8B,
		0xC6, 0x5E, 0x5D, 0xC3,
	};
	static const UInt32 kEngineBugFixesCanHaveFlamesHelperRelocations[] =
	{ 0x21, 0x2F, 0x37, 0x3E, 0x4F };

	static const UInt8 kEngineBugFixesGetAlarmedHelperBytes[] =
	{
		0x55, 0x8B, 0xEC, 0x8B, 0x4D, 0x08, 0x85, 0xC9, 0x74, 0x0B, 0xB8, 0x80,
		0x40, 0x5E, 0x00, 0xFF, 0xD0, 0x85, 0xC0, 0x75, 0x1E, 0x56, 0x68, 0x58,
		0xAC, 0x04, 0x10, 0x6A, 0x02, 0xBE, 0x72, 0x82, 0x04, 0x10, 0xE8, 0x59,
		0xFF, 0xFF, 0xFF, 0x50, 0xE8, 0x33, 0x69, 0xFF, 0xFF, 0x83, 0xC4, 0x0C,
		0x8B, 0xC6, 0x5E, 0x5D, 0xC3,
	};
	static const UInt32 kEngineBugFixesGetAlarmedHelperRelocations[] =
	{ 0x17, 0x1E };

	static const UInt8 kEngineBugFixesCellChangedRefHelperBytes[] =
	{
		0x55, 0x8B, 0xEC, 0x6A, 0xFF, 0x68, 0x68, 0x38, 0x04, 0x10, 0x64, 0xA1,
		0x00, 0x00, 0x00, 0x00, 0x50, 0x83, 0xEC, 0x48, 0xA1, 0xC0, 0x40, 0x06,
		0x10, 0x33, 0xC5, 0x89, 0x45, 0xF0, 0x53, 0x56, 0x57, 0x50, 0x8D, 0x45,
		0xF4, 0x64, 0xA3, 0x00, 0x00, 0x00, 0x00, 0x8B, 0x5D, 0x08, 0x8B, 0x45,
		0x0C, 0x8B, 0x75, 0x10, 0x8B, 0x7D, 0x14, 0x89, 0x5D, 0xAC, 0x89, 0x45,
		0xB0, 0x85, 0xDB, 0x0F, 0x84, 0x6F, 0x01, 0x00, 0x00, 0x85, 0xC0, 0x75,
		0x28, 0xB8, 0xC0, 0x11, 0x45, 0x00, 0x8B, 0xCB, 0xFF, 0xD0, 0x6A, 0x01,
		0x50, 0xB9, 0x60, 0xB2, 0x4D, 0x00, 0xFF, 0xD1, 0x83, 0xC4, 0x08, 0x8B,
		0xF0, 0x53, 0x56, 0xB8, 0x50, 0x70, 0x44, 0x00, 0xFF, 0xD0, 0x8B, 0xC6,
		0xE9, 0x56, 0x01, 0x00, 0x00, 0xE8, 0x0A, 0xFF, 0xFF, 0xFF, 0x8B, 0x55,
		0xB0, 0x6A, 0x00, 0x6A, 0x00, 0x8B, 0xD8, 0x52, 0x8D, 0x45, 0xD4, 0x50,
		0xE8, 0x87, 0xCD, 0xFF, 0xFF, 0x83, 0xC4, 0x10, 0x8B, 0x45, 0xAC, 0x83,
		0xC0, 0x1C, 0xC7, 0x45, 0xFC, 0x00, 0x00, 0x00, 0x00, 0xC7, 0x45, 0xB4,
		0x68, 0x82, 0x04, 0x10, 0x74, 0x03, 0x89, 0x45, 0xB4, 0x85, 0xFF, 0x74,
		0x59, 0x6A, 0x00, 0x6A, 0x00, 0x8D, 0x4D, 0xB8, 0x57, 0x51, 0xE8, 0x59,
		0xCD, 0xFF, 0xFF, 0x83, 0xC4, 0x10, 0xBE, 0x10, 0x00, 0x00, 0x00, 0xC6,
		0x45, 0xFC, 0x01, 0x39, 0x70, 0x14, 0x72, 0x02, 0x8B, 0x00, 0x8B, 0x4D,
		0xD4, 0x39, 0x75, 0xE8, 0x73, 0x03, 0x8D, 0x4D, 0xD4, 0x8B, 0x55, 0xB4,
		0x52, 0x50, 0x51, 0x68, 0x88, 0x96, 0x04, 0x10, 0x6A, 0x02, 0x53, 0xE8,
		0x28, 0xCC, 0xFF, 0xFF, 0x83, 0xC4, 0x18, 0x39, 0x75, 0xCC, 0x0F, 0x82,
		0x83, 0x00, 0x00, 0x00, 0x8B, 0x45, 0xB8, 0x50, 0xE8, 0xBD, 0x24, 0x02,
		0x00, 0x83, 0xC4, 0x04, 0xEB, 0x75, 0x85, 0xF6, 0x74, 0x4C, 0x6A, 0x00,
		0x6A, 0x00, 0x8D, 0x4D, 0xB8, 0x56, 0x51, 0xE8, 0xFC, 0xCC, 0xFF, 0xFF,
		0x83, 0xC4, 0x10, 0xBE, 0x10, 0x00, 0x00, 0x00, 0xC6, 0x45, 0xFC, 0x02,
		0x39, 0x70, 0x14, 0x72, 0x02, 0x8B, 0x00, 0x8B, 0x4D, 0xD4, 0x39, 0x75,
		0xE8, 0x73, 0x03, 0x8D, 0x4D, 0xD4, 0x8B, 0x55, 0xB4, 0x52, 0x50, 0x51,
		0x68, 0x40, 0x96, 0x04, 0x10, 0x6A, 0x02, 0x53, 0xE8, 0xCB, 0xCB, 0xFF,
		0xFF, 0x83, 0xC4, 0x18, 0x8D, 0x4D, 0xB8, 0xE8, 0x60, 0x94, 0xFF, 0xFF,
		0xEB, 0x25, 0x8B, 0x45, 0xD4, 0xBE, 0x10, 0x00, 0x00, 0x00, 0x39, 0x75,
		0xE8, 0x73, 0x03, 0x8D, 0x45, 0xD4, 0x8B, 0x4D, 0xB4, 0x51, 0x50, 0x68,
		0x04, 0x96, 0x04, 0x10, 0x6A, 0x02, 0x53, 0xE8, 0x9C, 0xCB, 0xFF, 0xFF,
		0x83, 0xC4, 0x14, 0xC7, 0x45, 0xFC, 0xFF, 0xFF, 0xFF, 0xFF, 0x39, 0x75,
		0xE8, 0x72, 0x0C, 0x8B, 0x55, 0xD4, 0x52, 0xE8, 0x2E, 0x24, 0x02, 0x00,
		0x83, 0xC4, 0x04, 0x8B, 0x5D, 0xAC, 0x8B, 0x75, 0xB0, 0x53, 0x56, 0xB8,
		0x50, 0x70, 0x44, 0x00, 0xC7, 0x45, 0xE8, 0x0F, 0x00, 0x00, 0x00, 0xC7,
		0x45, 0xE4, 0x00, 0x00, 0x00, 0x00, 0xC6, 0x45, 0xD4, 0x00, 0xFF, 0xD0,
		0x8B, 0xC6, 0xEB, 0x13, 0x68, 0xE0, 0x95, 0x04, 0x10, 0xE8, 0xC2, 0xFD,
		0xFF, 0xFF, 0x50, 0xE8, 0xCC, 0xD6, 0xFF, 0xFF, 0x8B, 0x45, 0xB0, 0x83,
		0xC4, 0x08, 0x8B, 0x4D, 0xF4, 0x64, 0x89, 0x0D, 0x00, 0x00, 0x00, 0x00,
		0x59, 0x5F, 0x5E, 0x5B, 0x8B, 0x4D, 0xF0, 0x33, 0xCD, 0xE8, 0xD2, 0x2F,
		0x02, 0x00, 0x8B, 0xE5, 0x5D, 0xC3,
	};
	static const UInt32 kEngineBugFixesCellChangedRefHelperRelocations[] =
	{ 0x06, 0x15, 0x9C, 0xDC, 0x139, 0x168, 0x1B5 };

	static const UInt32 kEngineBugFixesGetFurnitureMarkerIDHookRVA = 0x00009B10;
	static const UInt32 kEngineBugFixesGetLineOfSightHookRVA = 0x00009B40;
	static const UInt32 kEngineBugFixesGetWalkSpeedHookRVA = 0x00009B70;
	static const UInt32 kEngineBugFixesActorUsingTorchHookRVA = 0x00009BA0;
	static const UInt32 kEngineBugFixesCurrentFurnitureObjectHookRVA = 0x00009BD0;
	static const UInt32 kEngineBugFixesCurrentFurnitureReferenceHookRVA = 0x00009C00;
	static const UInt32 kEngineBugFixesIsRunningHookRVA = 0x00009C30;
	static const UInt32 kEngineBugFixesCanHaveFlamesHookRVA = 0x00007A10;
	static const UInt32 kEngineBugFixesCanHaveFlamesHelperRVA = 0x000079B0;
	static const UInt32 kEngineBugFixesCanHaveFlamesContinuePointerRVA = 0x00049544;
	static const UInt32 kEngineBugFixesGetAlarmedHookRVA = 0x0000E090;
	static const UInt32 kEngineBugFixesGetAlarmedHelperRVA = 0x0000E050;
	static const UInt32 kEngineBugFixesGetAlarmedContinuePointerRVA = 0x0004AC88;
	static const UInt32 kEngineBugFixesEmptyStringRVA = 0x00048272;
	static const UInt32 kEngineBugFixesSpellPurchaseHookRVA = 0x00014E00;
	static const UInt32 kEngineBugFixesSpellPurchaseLogHelperRVA = 0x00014D70;
	static const UInt32 kEngineBugFixesSpellPurchaseNullContinuePointerRVA = 0x0004BD94;
	static const UInt32 kEngineBugFixesSpellPurchaseContinuePointerRVA = 0x0004BD98;
	static const UInt32 kEngineBugFixesSpellPurchaseFloatRVA = 0x0004BD9C;
	static const UInt32 kEngineBugFixesDropItemInstallerRVA = 0x0000D360;
	static const UInt32 kEngineBugFixesWriteByteRVA = 0x00001FF0;
	static const UInt32 kEngineBugFixesCellChangedRefCellHookRVA = 0x00007E90;
	static const UInt32 kEngineBugFixesCellChangedRefWorldHookRVA = 0x00007EB0;
	static const UInt32 kEngineBugFixesCellChangedRefHelperRVA = 0x00007CA0;
	static const UInt32 kEngineBugFixesCellChangedRefCellContinuePointerRVA = 0x000496D0;
	static const UInt32 kEngineBugFixesCellChangedRefWorldContinuePointerRVA = 0x000496D4;

	static HMODULE s_module = NULL;
	static HANDLE s_log = INVALID_HANDLE_VALUE;
	static bool s_patchInstalled = false;
	static bool s_patchInstallBlocked = false;
	static mef::PatchTransaction* s_patchTransaction = NULL;
	static const char s_emptyString[] = "";
	static UInt32 s_actorAnimRebaseLogCount = 0;
	static UInt32 s_rejectedArchiveRawReadTargets = 0;
	static UInt32 s_clampedArchiveRawReads = 0;
	static UInt32 s_rejectedCompressedArchiveRefills = 0;
	static UInt32 s_rejectedTESFileRecordAdvances = 0;
	static UInt32 s_rejectedTESFileChunkAdvances = 0;
	static UInt32 s_rejectedTESFileCompressedRecords = 0;
	static UInt32 s_rejectedTESFileCompressedChunkHeaders = 0;
	static UInt32 s_clippedTESFileCompressedChunkCopies = 0;
	static UInt32 s_rejectedTESFileJumpTargets = 0;
	static UInt32 s_rejectedTESFileGroupAdvances = 0;
	static UInt32 s_skippedTESFormRecordCompressions = 0;
	static UInt32 s_loadedWorldspaceOFSTTables = 0;
	static UInt32 s_rejectedWorldspaceOFSTTables = 0;
	static UInt32 s_worldspaceOFSTTrackingFailures = 0;
	static UInt32 s_untrackedWorldspaceOFSTReads = 0;
	static UInt32 s_rejectedWorldspaceOFSTIndexes = 0;
	static UInt32 s_rejectedWorldspaceOFSTTargets = 0;
	static UInt32 s_trackedRebuiltWorldspaceOFSTTables = 0;
	static UInt32 s_rejectedRebuiltWorldspaceOFSTWrites = 0;
	static UInt32 s_trackedSaveBuffers = 0;
	static UInt32 s_saveBufferTrackingFailures = 0;
	static UInt32 s_clampedSaveRawBlobCopies = 0;
	static UInt32 s_untrackedSaveRawBlobCopies = 0;
	static UInt32 s_failedSaveRawBlobAllocations = 0;
	static UInt32 s_clampedSaveCountLoops = 0;
	static UInt32 s_skippedTESSpellListNodeAllocations = 0;
	static UInt32 s_skippedMiddleHighProcessFormIDNodes = 0;
	static UInt32 s_skippedActorRelationshipDispositionEntries = 0;
	static UInt32 s_skippedActorRelationshipDispositionHistoryNodes = 0;

	struct WorldspaceOFSTTrackingEntry
	{
		volatile UInt32 worldspace;
		volatile UInt32 table;
		volatile UInt32 count;
		volatile UInt32 byteLength;
	};

	static WorldspaceOFSTTrackingEntry s_worldspaceOFSTTracking[kWorldspaceOFSTTrackingCapacity];

	struct SaveBufferRangeTrackingEntry
	{
		volatile UInt32 owner;
		volatile UInt32 base;
		volatile UInt32 end;
		volatile UInt32 size;
		UInt32 scopeTop; // One-based index; suspended ranges exist only during a live loader call.
		UInt32 scopeOverflowDepth;
	};

	static SaveBufferRangeTrackingEntry s_saveBufferRanges[kSaveBufferRangeTrackingCapacity];
	struct SaveBufferScopeTrackingEntry
	{
		bool used;
		UInt32 parent;
		UInt32 base;
		UInt32 end;
		UInt32 size;
	};
	static SaveBufferScopeTrackingEntry s_saveBufferScopes[kSaveBufferRangeTrackingCapacity];

	enum TexturePalettePatchState
	{
		kTexturePalettePatchMismatch = 0,
		kTexturePalettePatchNeedsInstall,
		kTexturePalettePatchAlreadyGuarded
	};

	enum GlobalAnimTimerLoadPatchState
	{
		kGlobalAnimTimerLoadPatchMismatch = 0,
		kGlobalAnimTimerLoadPatchNeedsInstall,
		kGlobalAnimTimerLoadPatchAlreadyGuarded
	};

	enum RendererInitFailurePatchState
	{
		kRendererInitFailurePatchMismatch = 0,
		kRendererInitFailurePatchNeedsInstall,
		kRendererInitFailurePatchAlreadyGuarded
	};

	enum ActorGetAttackedPatchState
	{
		kActorGetAttackedPatchMismatch = 0,
		kActorGetAttackedPatchNeedsInstall,
		kActorGetAttackedPatchAlreadyGuarded
	};

	enum ActorIsTalkingPatchState
	{
		kActorIsTalkingPatchMismatch = 0,
		kActorIsTalkingPatchNeedsInstall,
		kActorIsTalkingPatchAlreadyGuarded
	};

	enum ActorProcessCommandPatchState
	{
		kActorProcessCommandPatchMismatch = 0,
		kActorProcessCommandPatchNeedsInstall,
		kActorProcessCommandPatchAlreadyGuarded
	};

	enum CommandNullGuardPatchState
	{
		kCommandNullGuardPatchMismatch = 0,
		kCommandNullGuardPatchNeedsInstall,
		kCommandNullGuardPatchAlreadyGuarded
	};

	enum DropItemPatchState
	{
		kDropItemPatchMismatch = 0,
		kDropItemPatchNeedsInstall,
		kDropItemPatchAlreadyFixed
	};

	enum CellChangedRefPatchState
	{
		kCellChangedRefPatchMismatch = 0,
		kCellChangedRefPatchNeedsInstall,
		kCellChangedRefPatchAlreadyFixed
	};

	enum ActorAnimPreSamplePatchState
	{
		kActorAnimPreSamplePatchMismatch = 0,
		kActorAnimPreSamplePatchNeedsInstall
	};

	enum ActorAnimClockPatchState
	{
		kActorAnimClockPatchMismatch = 0,
		kActorAnimClockPatchNeedsInstall
	};

	enum TESWorldSpaceOFSTPatchState
	{
		kTESWorldSpaceOFSTPatchMismatch = 0,
		kTESWorldSpaceOFSTPatchNeedsInstall,
		kTESWorldSpaceOFSTPatchExternallySkipped
	};

	enum ActorRelationshipDispositionLayout
	{
		kActorRelationshipValueThenForm = 0,
		kActorDispositionFormThenValue = 1
	};

	static const UInt8 kMainThreadHandleExpectedBytes[] =
	{
		0xFF, 0x15, 0xC4, 0x80, 0xA2, 0x00,
		0x53,
		0x53,
		0x53,
		0x57,
		0x53,
		0x50,
		0x53,
		0xFF, 0x15, 0xC0, 0x80, 0xA2, 0x00
	};

	static const UInt8 kTexturePaletteExpectedBytes[] =
	{
		0x8B, 0xF0,             // mov esi, eax
		0x2B, 0xF3,             // sub esi, ebx
		0x83, 0xC4, 0x08        // add esp, 8
	};

	static const UInt8 kTexturePaletteGuardThunkExpectedBytes[] =
	{
		0x8B, 0xF0,                         // mov esi, eax
		0x2B, 0xF3,                         // sub esi, ebx
		0x83, 0xC4, 0x08,                   // add esp, 8
		0x85, 0xC0,                         // test eax, eax
		0x75, 0x06,                         // jnz +6
		0x68, 0xA1, 0x27, 0x4A, 0x00,       // push 004A27A1h
		0xC3,                               // ret
		0x68, 0xFE, 0x26, 0x4A, 0x00,       // push 004A26FEh
		0xC3                                // ret
	};

	static const UInt8 kPerfFilenoAddrExpectedBytes[] =
	{
		0x8B, 0x44, 0x24, 0x04, 0x56, 0x33, 0xF6, 0x3B, 0xC6, 0x75, 0x1D, 0xE8, 0xBB, 0x66, 0xFF, 0xFF,
		0x56, 0x56, 0x56, 0x56, 0x56, 0xC7, 0x00, 0x16, 0x00, 0x00, 0x00, 0xE8, 0xDA, 0x5F, 0xFF, 0xFF,
		0x83, 0xC4, 0x14, 0x83, 0xC8, 0xFF, 0x5E, 0xC3, 0x8B, 0x40, 0x10, 0x5E, 0xC3,
	};
	static const UInt8 kPerfOSHandleLayoutDecodeAddrExpectedBytes[] =
	{
		0x8B, 0x44, 0x24, 0x04, 0x83, 0xF8, 0xFE, 0x75, 0x17, 0xE8, 0x7F, 0x7F, 0xFE, 0xFF, 0x83, 0x20,
		0x00, 0xE8, 0x64, 0x7F, 0xFE, 0xFF, 0xC7, 0x00, 0x09, 0x00, 0x00, 0x00, 0x83, 0xC8, 0xFF, 0xC3,
		0x56, 0x33, 0xF6, 0x3B, 0xC6, 0x7C, 0x22, 0x3B, 0x05, 0xA0, 0xAA, 0xBA, 0x00, 0x73, 0x1A, 0x8B,
		0xC8, 0x83, 0xE0, 0x1F, 0x6B, 0xC0, 0x28, 0xC1, 0xF9, 0x05, 0x8B, 0x0C, 0x8D, 0xC0, 0xAA, 0xBA,
		0x00, 0x03, 0xC1, 0xF6, 0x40, 0x04, 0x01, 0x75, 0x24, 0xE8, 0x3F, 0x7F, 0xFE, 0xFF, 0x89, 0x30,
		0xE8, 0x25, 0x7F, 0xFE, 0xFF, 0x56, 0x56, 0x56, 0x56, 0x56, 0xC7, 0x00, 0x09, 0x00, 0x00, 0x00,
		0xE8, 0x44, 0x78, 0xFE, 0xFF, 0x83, 0xC4, 0x14, 0x83, 0xC8, 0xFF, 0x5E, 0xC3, 0x8B, 0x00, 0x5E,
		0xC3,
	};
	static const UInt8 kPerfNativeListVtableDecodeAddrExpectedBytes[] =
	{
		0xC0, 0x6A, 0x7C, 0x00, 0x60, 0x0F, 0x4F, 0x00, 0x90, 0x31, 0x7C, 0x00,
	};
	static const UInt8 kPerfAsciiCompareDecodeAddrExpectedBytes[] =
	{
		0x8B, 0x54, 0x24, 0x08, 0x56, 0x8B, 0x74, 0x24, 0x08, 0x57, 0x0F, 0xB6, 0x06, 0x8D, 0x48, 0xBF,
		0x46, 0x83, 0xF9, 0x19, 0x77, 0x03, 0x83, 0xC0, 0x20, 0x0F, 0xB6, 0x0A, 0x8D, 0x79, 0xBF, 0x42,
		0x83, 0xFF, 0x19, 0x77, 0x03, 0x83, 0xC1, 0x20, 0x85, 0xC0, 0x74, 0x04, 0x3B, 0xC1, 0x74, 0xDA,
		0x5F, 0x2B, 0xC1, 0x5E, 0xC3,
	};
	static const UInt8 kPerfCreatedIDDecodeAddrExpectedBytes[] =
	{
		0x81, 0x7C, 0x24, 0x04, 0x00, 0x00, 0x00, 0xFF, 0x1B, 0xC0, 0x83, 0xC0, 0x01, 0xC2, 0x04, 0x00,
	};
	static const UInt8 kPerfListRemoveDecodeAddrExpectedBytes[] =
	{
		0x57, 0x8B, 0x7C, 0x24, 0x08, 0x85, 0xFF, 0x74, 0x64, 0x56, 0x8B, 0x71, 0x04, 0x85, 0xF6, 0x75,
		0x04, 0x39, 0x31, 0x74, 0x57, 0x8B, 0xC1, 0x8B, 0xD1, 0x8D, 0xA4, 0x24, 0x00, 0x00, 0x00, 0x00,
		0x39, 0x38, 0x74, 0x0E, 0x8B, 0xD0, 0x8B, 0x40, 0x04, 0x85, 0xC0, 0x75, 0xF3, 0x5E, 0x5F, 0xC2,
		0x04, 0x00, 0x3B, 0xC1, 0x75, 0x27, 0x85, 0xF6, 0x74, 0x18, 0x8B, 0x46, 0x04, 0x89, 0x41, 0x04,
		0x8B, 0x16, 0x56, 0x89, 0x11, 0xE8, 0xB6, 0x58, 0xDA, 0xFF, 0x83, 0xC4, 0x04, 0x5E, 0x5F, 0xC2,
		0x04, 0x00, 0x5E, 0xC7, 0x01, 0x00, 0x00, 0x00, 0x00, 0x5F, 0xC2, 0x04, 0x00, 0x8B, 0x48, 0x04,
		0x50, 0x89, 0x4A, 0x04, 0xE8, 0x97, 0x58, 0xDA, 0xFF, 0x83, 0xC4, 0x04, 0x5E, 0x5F, 0xC2, 0x04,
		0x00,
	};
	static const UInt8 kPerfMasterErrorExpectedBytes[] =
	{
		0x8B, 0x4C, 0x24, 0x04, 0x8D, 0x44, 0x24, 0x08, 0x50, 0x51, 0x6A, 0x01,
		0xE8, 0x2F, 0xC7, 0xFE, 0xFF, 0x83, 0xC4, 0x0C, 0xC3
	};
	static const UInt8 kPerfSortReusePatchSiteExpectedBytes[] =
	{
		0x83, 0x7E, 0x04, 0x00, 0x74, 0x16,
	};

	static const UInt8 kPerfSortDoneSiteExpectedBytes[] =
	{
		0x8D, 0x65, 0xE8, 0x5F, 0x5E, 0x5B, 0x8B, 0x4D, 0xFC, 0x33, 0xCD, 0xE8, 0x41, 0xE9, 0x3C, 0x00,
		0x8B, 0xE5, 0x5D, 0xC2, 0x04, 0x00, 0xCC,
	};

	static const UInt8 kPerfSortRebuildNodeSiteExpectedBytes[] =
	{
		0x8B, 0x46, 0x04, 0x8B, 0x78, 0x04, 0x50, 0xE8, 0xF2, 0xF6, 0xE4, 0xFF, 0x83, 0xC4, 0x04, 0x85,
		0xFF, 0x89, 0x7E, 0x04, 0x75, 0xEA,
	};

	static const UInt8 kPerfSortRebuildHeadSiteExpectedBytes[] =
	{
		0x33, 0xFF, 0x85, 0xDB, 0x89, 0x3E, 0x89, 0x7D, 0xF4, 0x7E, 0x4E, 0x85, 0xFF, 0x7E, 0x27, 0x6A,
		0x08,
	};

	static const UInt8 kPerfShadowTrimPatchSiteExpectedBytes[] =
	{
		0xE8, 0x0F, 0xD3, 0x26, 0x00,
	};

	static const UInt8 kPerfPeriodicTrimPatchSiteExpectedBytes[] =
	{
		0x8B, 0xC6, 0x33, 0xC9, 0x85, 0xC0,
	};

	static const UInt8 kPerfPeriodicTrimDoneSiteExpectedBytes[] =
	{
		0x5E, 0xC3,
	};

	static const UInt8 kPerfNativeTrimAddrExpectedBytes[] =
	{
		0x56, 0x8D, 0x71, 0x60, 0x8B, 0xC6, 0x33, 0xC9, 0x85, 0xC0, 0x74, 0x44, 0x8D, 0x64, 0x24, 0x00,
		0x83, 0x38, 0x00, 0x74, 0x03, 0x83, 0xC1, 0x01, 0x8B, 0x40, 0x04, 0x85, 0xC0, 0x75, 0xF1, 0x3B,
		0x0D, 0xD0, 0x6C, 0xB3, 0x00, 0x8B, 0xC6, 0x76, 0x27, 0x85, 0xC0, 0x74, 0xD7, 0x8D, 0x49, 0x00,
		0x83, 0x38, 0x00, 0x74, 0xCF, 0x8B, 0x48, 0x04, 0x85, 0xC9, 0x74, 0x08, 0x8B, 0xC1, 0x85, 0xC0,
		0x75, 0xEE, 0xEB, 0xC0, 0x8B, 0x00, 0x50, 0x8B, 0xCE, 0xE8, 0x12, 0x7E, 0xFE, 0xFF, 0xEB, 0xB4,
		0x5E, 0xC3,
	};

	static const UInt8 kPerfLightRankPatchSiteExpectedBytes[] =
	{
		0x6A, 0xFF, 0x68, 0x78, 0xE7, 0x9C, 0x00,
	};

	static const UInt8 kPerfLightScoreAddrExpectedBytes[] =
	{
		0x83, 0xEC, 0x34, 0x8B, 0x44, 0x24, 0x38, 0x8B, 0x90, 0x8C, 0x00, 0x00, 0x00, 0x56, 0x8B, 0xF1,
		0x80, 0xBE, 0xFC, 0x00, 0x00, 0x00, 0x00, 0x8B, 0x88, 0x88, 0x00, 0x00, 0x00, 0x8B, 0x80, 0x90,
		0x00, 0x00, 0x00, 0x89, 0x4C, 0x24, 0x08, 0x89, 0x54, 0x24, 0x0C, 0x89, 0x44, 0x24, 0x10, 0x8B,
		0x86, 0x00, 0x01, 0x00, 0x00, 0x8B, 0x88, 0x88, 0x00, 0x00, 0x00, 0xD9, 0x80, 0xF8, 0x00, 0x00,
		0x00, 0x8B, 0x90, 0x8C, 0x00, 0x00, 0x00, 0xD9, 0x5C, 0x24, 0x04, 0xD9, 0xE8, 0x89, 0x4C, 0x24,
		0x14, 0x8B, 0x88, 0x90, 0x00, 0x00, 0x00, 0x89, 0x54, 0x24, 0x18, 0x8B, 0x90, 0xEC, 0x00, 0x00,
		0x00, 0x89, 0x4C, 0x24, 0x1C, 0x8B, 0x88, 0xF0, 0x00, 0x00, 0x00, 0x89, 0x54, 0x24, 0x2C, 0x8B,
		0x90, 0xF4, 0x00, 0x00, 0x00, 0xD9, 0x9E, 0xD0, 0x00, 0x00, 0x00, 0x89, 0x4C, 0x24, 0x30, 0x89,
		0x54, 0x24, 0x34, 0x0F, 0x84, 0xC6, 0x00, 0x00, 0x00, 0xD9, 0x44, 0x24, 0x08, 0xD8, 0x64, 0x24,
		0x14, 0xD9, 0x5C, 0x24, 0x20, 0xD9, 0x44, 0x24, 0x0C, 0xD8, 0x64, 0x24, 0x18, 0xD9, 0x5C, 0x24,
		0x24, 0xD9, 0x44, 0x24, 0x10, 0xD8, 0x64, 0x24, 0x1C, 0xD9, 0x5C, 0x24, 0x28, 0xD9, 0x44, 0x24,
		0x24, 0xD9, 0x44, 0x24, 0x20, 0xD9, 0x44, 0x24, 0x28, 0xD9, 0xC1, 0xDE, 0xCA, 0xD9, 0xC2, 0xDE,
		0xCB, 0xD9, 0xC9, 0xDE, 0xC2, 0xDC, 0xC8, 0xDE, 0xC1, 0xD9, 0x5C, 0x24, 0x3C, 0xD9, 0x44, 0x24,
		0x3C, 0xE8, 0x6A, 0xFB, 0x1A, 0x00, 0xD9, 0x5C, 0x24, 0x3C, 0xD9, 0x44, 0x24, 0x3C, 0xD8, 0x74,
		0x24, 0x04, 0xD9, 0x5C, 0x24, 0x3C, 0xD9, 0x44, 0x24, 0x3C, 0xD9, 0xEE, 0xD8, 0xD1, 0xDF, 0xE0,
		0xD9, 0xEE, 0xF6, 0xC4, 0x41, 0x75, 0x06, 0xD9, 0x54, 0x24, 0x3C, 0xEB, 0x08, 0xD9, 0xCA, 0xD9,
		0x54, 0x24, 0x3C, 0xD9, 0xCA, 0xD9, 0x44, 0x24, 0x3C, 0xD9, 0xE8, 0xD8, 0xD1, 0xDF, 0xE0, 0xDD,
		0xD9, 0xF6, 0xC4, 0x05, 0x7A, 0x12, 0xDD, 0xDB, 0xDD, 0xD9, 0xDD, 0xD8, 0xD9, 0xE8, 0xD9, 0x5C,
		0x24, 0x3C, 0xD9, 0x44, 0x24, 0x3C, 0xEB, 0x1D, 0xD9, 0xCA, 0xD8, 0xDB, 0xDF, 0xE0, 0xF6, 0xC4,
		0x41, 0x75, 0x0E, 0xDD, 0xDA, 0xD9, 0xC9, 0xD9, 0x5C, 0x24, 0x3C, 0xD9, 0x44, 0x24, 0x3C, 0xEB,
		0x04, 0xDD, 0xD8, 0xD9, 0xC9, 0xDC, 0xC8, 0xDE, 0xE9, 0xD9, 0x9E, 0xD0, 0x00, 0x00, 0x00, 0xD9,
		0x44, 0x24, 0x30, 0xD9, 0x44, 0x24, 0x34, 0xD8, 0xD1, 0xDF, 0xE0, 0xF6, 0xC4, 0x05, 0x7A, 0x08,
		0xD9, 0xC9, 0xD9, 0x54, 0x24, 0x3C, 0xEB, 0x06, 0xD9, 0x54, 0x24, 0x3C, 0xD9, 0xC9, 0xD9, 0x44,
		0x24, 0x2C, 0xD9, 0x44, 0x24, 0x3C, 0xD8, 0xD9, 0xDF, 0xE0, 0xF6, 0xC4, 0x05, 0x7A, 0x06, 0xDD,
		0xD9, 0xDD, 0xD9, 0xEB, 0x0D, 0xDD, 0xD8, 0xD8, 0xD1, 0xDF, 0xE0, 0xF6, 0xC4, 0x41, 0x74, 0xF1,
		0xDD, 0xD8, 0xD9, 0x5C, 0x24, 0x3C, 0xD9, 0x44, 0x24, 0x3C, 0xD8, 0x8E, 0xD0, 0x00, 0x00, 0x00,
		0xD9, 0x5C, 0x24, 0x3C, 0xD9, 0x44, 0x24, 0x3C, 0xD9, 0x96, 0xD0, 0x00, 0x00, 0x00, 0x5E, 0x83,
		0xC4, 0x34, 0xC2, 0x04, 0x00,
	};

	static const UInt8 kPerfLightRemoveAddrExpectedBytes[] =
	{
		0x6A, 0xFF, 0x68, 0xC1, 0xE1, 0x9C, 0x00, 0x64, 0xA1, 0x00, 0x00, 0x00, 0x00, 0x50, 0x51, 0x55,
		0x56, 0x57, 0xA1, 0xAC, 0x0A, 0xB3, 0x00, 0x33, 0xC4, 0x50, 0x8D, 0x44, 0x24, 0x14, 0x64, 0xA3,
		0x00, 0x00, 0x00, 0x00, 0x8B, 0xF1, 0xC7, 0x44, 0x24, 0x10, 0x00, 0x00, 0x00, 0x00, 0x8B, 0x4C,
		0x24, 0x28, 0x8B, 0x29, 0x3B, 0x6E, 0x04, 0x75, 0x28, 0x8B, 0x45, 0x00, 0x8B, 0x7C, 0x24, 0x24,
		0x89, 0x01, 0x57, 0x8B, 0xCE, 0xE8, 0x26, 0xFF, 0xFF, 0xFF, 0x8B, 0xC7, 0x8B, 0x4C, 0x24, 0x14,
		0x64, 0x89, 0x0D, 0x00, 0x00, 0x00, 0x00, 0x59, 0x5F, 0x5E, 0x5D, 0x83, 0xC4, 0x10, 0xC2, 0x08,
		0x00, 0x3B, 0x6E, 0x08, 0x75, 0x29, 0x8B, 0x7C, 0x24, 0x24, 0xC7, 0x01, 0x00, 0x00, 0x00, 0x00,
		0x57, 0x8B, 0xCE, 0xE8, 0x88, 0x07, 0x01, 0x00, 0x8B, 0xC7, 0x8B, 0x4C, 0x24, 0x14, 0x64, 0x89,
		0x0D, 0x00, 0x00, 0x00, 0x00, 0x59, 0x5F, 0x5E, 0x5D, 0x83, 0xC4, 0x10, 0xC2, 0x08, 0x00, 0x8B,
		0x55, 0x04, 0x85, 0xD2, 0x8B, 0x45, 0x00, 0x89, 0x01, 0x74, 0x02, 0x89, 0x02, 0x85, 0xC0, 0x74,
		0x03, 0x89, 0x50, 0x04, 0x8B, 0x7D, 0x08, 0x85, 0xFF, 0x89, 0x7C, 0x24, 0x28, 0x74, 0x0A, 0x8D,
		0x4F, 0x04, 0x51, 0xFF, 0x15, 0x78, 0x80, 0xA2, 0x00, 0x8B, 0x16, 0x8B, 0x42, 0x08, 0x55, 0x8B,
		0xCE, 0xC7, 0x44, 0x24, 0x20, 0x01, 0x00, 0x00, 0x00, 0xFF, 0xD0, 0x83, 0x46, 0x0C, 0xFF, 0x85,
		0xFF, 0x8B, 0x74, 0x24, 0x24, 0x89, 0x3E, 0x74, 0x0A, 0x8D, 0x4F, 0x04, 0x51, 0xFF, 0x15, 0x78,
		0x80, 0xA2, 0x00, 0x85, 0xFF, 0xC7, 0x44, 0x24, 0x10, 0x01, 0x00, 0x00, 0x00, 0xC6, 0x44, 0x24,
		0x1C, 0x00, 0x74, 0x18, 0x8D, 0x57, 0x04, 0x52, 0xFF, 0x15, 0x7C, 0x80, 0xA2, 0x00, 0x85, 0xC0,
		0x75, 0x0A, 0x8B, 0x07, 0x8B, 0x10, 0x6A, 0x01, 0x8B, 0xCF, 0xFF, 0xD2, 0x8B, 0xC6, 0x8B, 0x4C,
		0x24, 0x14, 0x64, 0x89, 0x0D, 0x00, 0x00, 0x00, 0x00, 0x59, 0x5F, 0x5E, 0x5D, 0x83, 0xC4, 0x10,
		0xC2, 0x08, 0x00,
	};

	static const UInt8 kPerfLightInsertAddrExpectedBytes[] =
	{
		0x53, 0x55, 0x8B, 0xD9, 0x8B, 0x03, 0x8B, 0x50, 0x04, 0x56, 0x57, 0xFF, 0xD2, 0x8B, 0x6C, 0x24,
		0x18, 0x8B, 0xF0, 0x8B, 0x7E, 0x08, 0x3B, 0x7D, 0x00, 0x74, 0x34, 0x85, 0xFF, 0x74, 0x1C, 0x8D,
		0x47, 0x04, 0x50, 0xFF, 0x15, 0x7C, 0x80, 0xA2, 0x00, 0x85, 0xC0, 0x75, 0x0E, 0x85, 0xFF, 0x74,
		0x0A, 0x8B, 0x17, 0x8B, 0x02, 0x6A, 0x01, 0x8B, 0xCF, 0xFF, 0xD0, 0x8B, 0x45, 0x00, 0x85, 0xC0,
		0x89, 0x46, 0x08, 0x74, 0x0A, 0x83, 0xC0, 0x04, 0x50, 0xFF, 0x15, 0x78, 0x80, 0xA2, 0x00, 0x8B,
		0x44, 0x24, 0x14, 0x89, 0x06, 0x8B, 0x48, 0x04, 0x89, 0x4E, 0x04, 0x8B, 0x48, 0x04, 0x85, 0xC9,
		0x74, 0x12, 0x89, 0x31, 0x89, 0x70, 0x04, 0x83, 0x43, 0x0C, 0x01, 0x5F, 0x8B, 0xC6, 0x5E, 0x5D,
		0x5B, 0xC2, 0x08, 0x00, 0x89, 0x73, 0x04, 0x89, 0x70, 0x04, 0x83, 0x43, 0x0C, 0x01, 0x5F, 0x8B,
		0xC6, 0x5E, 0x5D, 0x5B, 0xC2, 0x08, 0x00,
	};

	static const UInt8 kPerfFormIDPatchSiteExpectedBytes[] =
	{
		0x53, 0x8B, 0x5C, 0x24, 0x08,
	};

	static const UInt8 kPerfWorldIDPatchSiteExpectedBytes[] =
	{
		0x53, 0x8B, 0x5C, 0x24, 0x08,
	};

	static const UInt8 kPerfOwnerCtorPatchSiteExpectedBytes[] =
	{
		0x6A, 0xFF, 0x68, 0x2E, 0xE3, 0x9A, 0x00,
	};

	static const UInt8 kPerfOwnerDestroyPatchSiteExpectedBytes[] =
	{
		0x53, 0x56, 0x8B, 0xF1, 0x8B, 0x0E,
	};

	static const UInt8 kPerfOwnerResetPatchSiteExpectedBytes[] =
	{
		0x6A, 0xFF, 0x68, 0x91, 0x2A, 0x9C, 0x00,
	};

	static const UInt8 kPerfIDLoadPatchSiteExpectedBytes[] =
	{
		0x81, 0xEC, 0x18, 0x01, 0x00, 0x00,
	};

	static const UInt8 kPerfArraySetPatchSiteExpectedBytes[] =
	{
		0x8B, 0x44, 0x24, 0x04, 0x3B, 0x41, 0x0C,
	};

	static const UInt8 kPerfArrayResizePatchSiteExpectedBytes[] =
	{
		0x8B, 0x44, 0x24, 0x04, 0x56, 0x8B, 0xF1,
	};

	static const UInt8 kPerfNumericPrefixPatchSiteExpectedBytes[] =
	{
		0x83, 0xC4, 0x14, 0x39, 0x7C, 0x24, 0x1C,
	};

	static const UInt8 kPerfWorldPrefixPatchSiteExpectedBytes[] =
	{
		0x33, 0xFF, 0x83, 0xC4, 0x14,
	};

	static const UInt8 kPerfNumericReservePatchSiteExpectedBytes[] =
	{
		0xE8, 0x3E, 0x44, 0xFF, 0xFF,
	};

	static const UInt8 kPerfWorldReservePatchSiteExpectedBytes[] =
	{
		0xE8, 0x4E, 0x43, 0xFF, 0xFF,
	};

	static const UInt8 kPerfMasterPatchSiteExpectedBytes[] =
	{
		0x51, 0x55, 0x56, 0x8B, 0xF1,
	};

	static const UInt8 kPerfMasterCompareAddrExpectedBytes[] =
	{
		0x55, 0x8B, 0xEC, 0x56, 0x33, 0xF6, 0x39, 0x35, 0x10, 0x9E, 0xBA, 0x00, 0x75, 0x30, 0x39, 0x75,
		0x08, 0x75, 0x1F, 0xE8, 0xC6, 0x2D, 0x00, 0x00, 0x56, 0x56, 0x56, 0x56, 0x56, 0xC7, 0x00, 0x16,
		0x00, 0x00, 0x00, 0xE8, 0xE5, 0x26, 0x00, 0x00, 0x83, 0xC4, 0x14, 0xB8, 0xFF, 0xFF, 0xFF, 0x7F,
		0xEB, 0x1B, 0x39, 0x75, 0x0C, 0x74, 0xDC, 0x5E, 0x5D, 0xE9, 0xBA, 0xFE, 0xFF, 0xFF, 0x56, 0xFF,
		0x75, 0x0C, 0xFF, 0x75, 0x08, 0xE8, 0xE3, 0xFE, 0xFF, 0xFF, 0x83, 0xC4, 0x0C, 0x5E, 0x5D, 0xC3,
	};

	static const UInt8 kPerfStreamSizeAddrExpectedBytes[] =
	{
		0x56, 0x8B, 0xF1, 0x83, 0x7E, 0x20, 0x01, 0xC7, 0x86, 0x50, 0x01, 0x00, 0x00, 0x00, 0x00, 0x00,
		0x00, 0x75, 0x05, 0xE8, 0xD8, 0x7A, 0x31, 0x00, 0x8B, 0x06, 0x8B, 0x50, 0x18, 0x6A, 0x00, 0x6A,
		0x00, 0x8B, 0xCE, 0xFF, 0xD2, 0x8B, 0x46, 0x1C, 0x85, 0xC0, 0x74, 0x35, 0x57, 0x50, 0xE8, 0xAB,
		0x47, 0x55, 0x00, 0x6A, 0x02, 0x8B, 0xF8, 0x8B, 0x46, 0x1C, 0x6A, 0x00, 0x50, 0xE8, 0x7F, 0x45,
		0x55, 0x00, 0x8B, 0x4E, 0x1C, 0x51, 0xE8, 0x93, 0x47, 0x55, 0x00, 0x8B, 0x56, 0x1C, 0x6A, 0x00,
		0x57, 0x52, 0x89, 0x86, 0x50, 0x01, 0x00, 0x00, 0xE8, 0x64, 0x45, 0x55, 0x00, 0x83, 0xC4, 0x20,
		0x5F, 0x8B, 0x86, 0x50, 0x01, 0x00, 0x00, 0x5E, 0xC3, 0xCC, 0xCC,
	};

	static const UInt8 kPerfIDLoadDecodeAddrExpectedBytes[] =
	{
		0x81, 0xEC, 0x18, 0x01, 0x00, 0x00, 0xA1, 0xAC, 0x0A, 0xB3, 0x00, 0x33, 0xC4, 0x89, 0x84, 0x24,
		0x14, 0x01, 0x00, 0x00, 0x53, 0x8B, 0x9C, 0x24, 0x20, 0x01, 0x00, 0x00, 0x55, 0x56, 0x8B, 0xE9,
		0x8B, 0x45, 0x74, 0x57, 0x33, 0xFF, 0x33, 0xC9, 0x39, 0x78, 0x0C, 0x76, 0x11, 0x8D, 0x49, 0x00,
		0x8B, 0x50, 0x04, 0x89, 0x3C, 0x8A, 0x83, 0xC1, 0x01, 0x3B, 0x48, 0x0C, 0x72, 0xF2, 0x89, 0x78,
		0x0C, 0x89, 0x78, 0x10, 0x8B, 0x45, 0x78, 0x33, 0xC9, 0x39, 0x78, 0x0C, 0x76, 0x10, 0x8B, 0xFF,
		0x8B, 0x50, 0x04, 0x89, 0x3C, 0x8A, 0x83, 0xC1, 0x01, 0x3B, 0x48, 0x0C, 0x72, 0xF2, 0x89, 0x78,
		0x0C, 0x89, 0x78, 0x10, 0x8B, 0x53, 0x04, 0x6A, 0x01, 0x8D, 0x44, 0x24, 0x14, 0x50, 0x6A, 0x04,
		0x8D, 0x4C, 0x24, 0x28, 0x51, 0x53, 0xC7, 0x44, 0x24, 0x24, 0x01, 0x00, 0x00, 0x00, 0xFF, 0xD2,
		0x83, 0xC4, 0x14, 0x39, 0x7C, 0x24, 0x1C, 0x0F, 0x86, 0xC7, 0x00, 0x00, 0x00, 0x8D, 0x49, 0x00,
		0x8B, 0x53, 0x04, 0x6A, 0x01, 0x8D, 0x44, 0x24, 0x18, 0x50, 0x6A, 0x04, 0x8D, 0x4C, 0x24, 0x1C,
		0x51, 0x53, 0xC7, 0x44, 0x24, 0x28, 0x01, 0x00, 0x00, 0x00, 0xFF, 0xD2, 0x8B, 0x4C, 0x24, 0x24,
		0x8B, 0x55, 0x4C, 0x8B, 0xC1, 0x83, 0xC4, 0x14, 0xC1, 0xE8, 0x18, 0x85, 0xD2, 0x74, 0x28, 0x3C,
		0xFF, 0x74, 0x24, 0x3A, 0x45, 0x48, 0x73, 0x1B, 0x0F, 0xB6, 0xC0, 0x8A, 0x14, 0x10, 0x80, 0xFA,
		0xFF, 0x74, 0x10, 0x0F, 0xB6, 0xC2, 0xC1, 0xE0, 0x18, 0x81, 0xE1, 0xFF, 0xFF, 0xFF, 0x00, 0x03,
		0xC1, 0xEB, 0x06, 0x33, 0xC0, 0xEB, 0x02, 0x8B, 0xC1, 0x8B, 0x75, 0x74, 0x89, 0x44, 0x24, 0x10,
		0x3B, 0x7E, 0x08, 0x72, 0x0D, 0x8B, 0x4E, 0x14, 0x03, 0xCF, 0x51, 0x8B, 0xCE, 0xE8, 0x3E, 0x44,
		0xFF, 0xFF, 0x3B, 0x7E, 0x0C, 0x72, 0x13, 0x8D, 0x57, 0x01, 0x89, 0x56, 0x0C, 0x83, 0x7C, 0x24,
		0x10, 0x00, 0x74, 0x29, 0x83, 0x46, 0x10, 0x01, 0xEB, 0x23, 0x83, 0x7C, 0x24, 0x10, 0x00, 0x74,
		0x0F, 0x8B, 0x46, 0x04, 0x83, 0x3C, 0xB8, 0x00, 0x75, 0x13, 0x83, 0x46, 0x10, 0x01, 0xEB, 0x0D,
		0x8B, 0x4E, 0x04, 0x83, 0x3C, 0xB9, 0x00, 0x74, 0x04, 0x83, 0x46, 0x10, 0xFF, 0x8B, 0x56, 0x04,
		0x8B, 0x44, 0x24, 0x10, 0x89, 0x04, 0xBA, 0x83, 0xC7, 0x01, 0x3B, 0x7C, 0x24, 0x1C, 0x0F, 0x82,
		0x3C, 0xFF, 0xFF, 0xFF, 0x8B, 0x43, 0x04, 0x6A, 0x01, 0x8D, 0x4C, 0x24, 0x18, 0x51, 0x6A, 0x04,
		0x8D, 0x54, 0x24, 0x24, 0x52, 0x53, 0xC7, 0x44, 0x24, 0x28, 0x01, 0x00, 0x00, 0x00, 0xFF, 0xD0,
		0x33, 0xFF, 0x83, 0xC4, 0x14, 0x39, 0x7C, 0x24, 0x18, 0x0F, 0x86, 0xC5, 0x00, 0x00, 0x00, 0x90,
		0x8B, 0x43, 0x04, 0x6A, 0x01, 0x8D, 0x4C, 0x24, 0x18, 0x51, 0x6A, 0x04, 0x8D, 0x54, 0x24, 0x1C,
		0x52, 0x53, 0xC7, 0x44, 0x24, 0x28, 0x01, 0x00, 0x00, 0x00, 0xFF, 0xD0, 0x8B, 0x4C, 0x24, 0x24,
		0x8B, 0x55, 0x4C, 0x8B, 0xC1, 0x83, 0xC4, 0x14, 0xC1, 0xE8, 0x18, 0x85, 0xD2, 0x74, 0x28, 0x3C,
		0xFF, 0x74, 0x24, 0x3A, 0x45, 0x48, 0x73, 0x1B, 0x0F, 0xB6, 0xC0, 0x8A, 0x14, 0x10, 0x80, 0xFA,
		0xFF, 0x74, 0x10, 0x0F, 0xB6, 0xC2, 0xC1, 0xE0, 0x18, 0x81, 0xE1, 0xFF, 0xFF, 0xFF, 0x00, 0x03,
		0xC1, 0xEB, 0x06, 0x33, 0xC0, 0xEB, 0x02, 0x8B, 0xC1, 0x8B, 0x75, 0x78, 0x89, 0x44, 0x24, 0x10,
		0x3B, 0x7E, 0x08, 0x72, 0x0D, 0x8B, 0x4E, 0x14, 0x03, 0xCF, 0x51, 0x8B, 0xCE, 0xE8, 0x4E, 0x43,
		0xFF, 0xFF, 0x3B, 0x7E, 0x0C, 0x72, 0x13, 0x8D, 0x57, 0x01, 0x89, 0x56, 0x0C, 0x83, 0x7C, 0x24,
		0x10, 0x00, 0x74, 0x29, 0x83, 0x46, 0x10, 0x01, 0xEB, 0x23, 0x83, 0x7C, 0x24, 0x10, 0x00, 0x74,
		0x0F, 0x8B, 0x46, 0x04, 0x83, 0x3C, 0xB8, 0x00, 0x75, 0x13, 0x83, 0x46, 0x10, 0x01, 0xEB, 0x0D,
		0x8B, 0x4E, 0x04, 0x83, 0x3C, 0xB9, 0x00, 0x74, 0x04, 0x83, 0x46, 0x10, 0xFF, 0x8B, 0x56, 0x04,
		0x8B, 0x44, 0x24, 0x10, 0x89, 0x04, 0xBA, 0x83, 0xC7, 0x01, 0x3B, 0x7C, 0x24, 0x18, 0x0F, 0x82,
		0x3C, 0xFF, 0xFF, 0xFF, 0x83, 0x7D, 0x40, 0x00, 0x74, 0x60, 0x8B, 0x4C, 0x24, 0x1C, 0x51, 0x8D,
		0x54, 0x24, 0x24, 0x68, 0xCC, 0xA9, 0xA3, 0x00, 0x52, 0xE8, 0x5D, 0x3A, 0x52, 0x00, 0x8B, 0x4C,
		0x24, 0x28, 0x83, 0xC4, 0x0C, 0x8D, 0x44, 0x24, 0x20, 0x8D, 0x14, 0x8D, 0x04, 0x00, 0x00, 0x00,
		0x8B, 0x4D, 0x40, 0x50, 0x52, 0xE8, 0x66, 0x4B, 0xFF, 0xFF, 0x8B, 0x44, 0x24, 0x18, 0x50, 0x8D,
		0x4C, 0x24, 0x24, 0x68, 0xB4, 0xA9, 0xA3, 0x00, 0x51, 0xE8, 0x2D, 0x3A, 0x52, 0x00, 0x8B, 0x44,
		0x24, 0x24, 0x83, 0xC4, 0x0C, 0x8D, 0x54, 0x24, 0x20, 0x8D, 0x0C, 0x85, 0x04, 0x00, 0x00, 0x00,
		0x52, 0x51, 0x8B, 0x4D, 0x40, 0xE8, 0x36, 0x4B, 0xFF, 0xFF, 0x8B, 0x8C, 0x24, 0x24, 0x01, 0x00,
		0x00, 0x5F, 0x5E, 0x5D, 0x5B, 0x33, 0xCC, 0xE8, 0x56, 0x2B, 0x52, 0x00, 0x81, 0xC4, 0x18, 0x01,
		0x00, 0x00, 0xC2, 0x04, 0x00,
	};

	static const UInt8 kPerfFormIDDecodeAddrExpectedBytes[] =
	{
		0x53, 0x8B, 0x5C, 0x24, 0x08, 0x56, 0x8B, 0xF1, 0x8B, 0x0D, 0x98, 0x3A, 0xB3, 0x00, 0x53, 0xE8,
		0x9C, 0x8A, 0xFE, 0xFF, 0x84, 0xC0, 0x74, 0x07, 0x5E, 0x8B, 0xC3, 0x5B, 0xC2, 0x04, 0x00, 0x8B,
		0x76, 0x74, 0x8B, 0x4E, 0x0C, 0x33, 0xC0, 0x85, 0xC9, 0x76, 0x13, 0x8B, 0x56, 0x04, 0x8B, 0xFF,
		0x39, 0x1A, 0x74, 0x74, 0x83, 0xC0, 0x01, 0x83, 0xC2, 0x04, 0x3B, 0xC1, 0x72, 0xF2, 0x57, 0x8B,
		0xF9, 0x3B, 0x7E, 0x08, 0x72, 0x0D, 0x8B, 0x46, 0x14, 0x03, 0xC7, 0x50, 0x8B, 0xCE, 0xE8, 0xED,
		0x47, 0xFF, 0xFF, 0x3B, 0x7E, 0x0C, 0x72, 0x1C, 0x85, 0xDB, 0x8D, 0x4F, 0x01, 0x89, 0x4E, 0x0C,
		0x74, 0x3D, 0x8B, 0x4E, 0x04, 0x83, 0x46, 0x10, 0x01, 0x89, 0x1C, 0xB9, 0x8B, 0xC7, 0x5F, 0x5E,
		0x5B, 0xC2, 0x04, 0x00, 0x85, 0xDB, 0x74, 0x1A, 0x8B, 0x56, 0x04, 0x83, 0x3C, 0xBA, 0x00, 0x75,
		0x1E, 0x83, 0x46, 0x10, 0x01, 0x8B, 0xCA, 0x89, 0x1C, 0xB9, 0x8B, 0xC7, 0x5F, 0x5E, 0x5B, 0xC2,
		0x04, 0x00, 0x8B, 0x46, 0x04, 0x83, 0x3C, 0xB8, 0x00, 0x74, 0x04, 0x83, 0x46, 0x10, 0xFF, 0x8B,
		0x4E, 0x04, 0x89, 0x1C, 0xB9, 0x8B, 0xC7, 0x5F, 0x5E, 0x5B, 0xC2, 0x04, 0x00,
	};

	static const UInt8 kPerfWorldIDDecodeAddrExpectedBytes[] =
	{
		0x53, 0x8B, 0x5C, 0x24, 0x08, 0x56, 0x8B, 0x71, 0x78, 0x8B, 0x4E, 0x0C, 0x33, 0xC0, 0x85, 0xC9,
		0x76, 0x11, 0x8B, 0x56, 0x04, 0x39, 0x1A, 0x74, 0x77, 0x83, 0xC0, 0x01, 0x83, 0xC2, 0x04, 0x3B,
		0xC1, 0x72, 0xF2, 0x57, 0x8B, 0xF9, 0x3B, 0x7E, 0x08, 0x72, 0x0D, 0x8B, 0x46, 0x14, 0x03, 0xC7,
		0x50, 0x8B, 0xCE, 0xE8, 0x58, 0x47, 0xFF, 0xFF, 0x3B, 0x7E, 0x0C, 0x72, 0x1D, 0x85, 0xDB, 0x8D,
		0x4F, 0x01, 0x89, 0x4E, 0x0C, 0x74, 0x3F, 0x8B, 0x4E, 0x04, 0x83, 0x46, 0x10, 0x01, 0x89, 0x1C,
		0xB9, 0x66, 0x8B, 0xC7, 0x5F, 0x5E, 0x5B, 0xC2, 0x04, 0x00, 0x85, 0xDB, 0x74, 0x1B, 0x8B, 0x56,
		0x04, 0x83, 0x3C, 0xBA, 0x00, 0x75, 0x1F, 0x83, 0x46, 0x10, 0x01, 0x8B, 0xCA, 0x89, 0x1C, 0xB9,
		0x66, 0x8B, 0xC7, 0x5F, 0x5E, 0x5B, 0xC2, 0x04, 0x00, 0x8B, 0x46, 0x04, 0x83, 0x3C, 0xB8, 0x00,
		0x74, 0x04, 0x83, 0x46, 0x10, 0xFF, 0x8B, 0x4E, 0x04, 0x89, 0x1C, 0xB9, 0x66, 0x8B, 0xC7, 0x5F,
		0x5E, 0x5B, 0xC2, 0x04, 0x00,
	};

	static const UInt8 kPerfMasterDecodeAddrExpectedBytes[] =
	{
		0x51, 0x55, 0x56, 0x8B, 0xF1, 0x8B, 0x86, 0xF4, 0x03, 0x00, 0x00, 0x85, 0xC0, 0x57, 0x8B, 0xBE,
		0xF0, 0x03, 0x00, 0x00, 0x8D, 0xAE, 0xE0, 0x03, 0x00, 0x00, 0x74, 0x09, 0x50, 0xE8, 0x8E, 0x22,
		0xFB, 0xFF, 0x83, 0xC4, 0x04, 0x85, 0xFF, 0xC7, 0x86, 0xF4, 0x03, 0x00, 0x00, 0x00, 0x00, 0x00,
		0x00, 0x75, 0x09, 0x5F, 0x5E, 0xB0, 0x01, 0x5D, 0x59, 0xC2, 0x08, 0x00, 0x33, 0xC9, 0x8B, 0xC7,
		0xBA, 0x04, 0x00, 0x00, 0x00, 0xF7, 0xE2, 0x0F, 0x90, 0xC1, 0xF7, 0xD9, 0x0B, 0xC8, 0x51, 0xE8,
		0x3C, 0x22, 0xFB, 0xFF, 0x83, 0xC4, 0x04, 0x85, 0xED, 0x89, 0x86, 0xF4, 0x03, 0x00, 0x00, 0xC6,
		0x44, 0x24, 0x0F, 0x01, 0x74, 0x76, 0x53, 0x8B, 0xD8, 0x8D, 0xA4, 0x24, 0x00, 0x00, 0x00, 0x00,
		0x83, 0x7D, 0x00, 0x00, 0x74, 0x65, 0x8B, 0x7C, 0x24, 0x18, 0x85, 0xFF, 0x74, 0x53, 0x8B, 0xFF,
		0x8B, 0x37, 0x85, 0xF6, 0x74, 0x4B, 0x8B, 0x45, 0x00, 0x8D, 0x4E, 0x1C, 0x51, 0x50, 0xE8, 0x2A,
		0x29, 0x53, 0x00, 0x83, 0xC4, 0x08, 0x85, 0xC0, 0x74, 0x35, 0x8B, 0x7F, 0x04, 0x85, 0xFF, 0x74,
		0x05, 0x83, 0x3F, 0x00, 0x75, 0x23, 0x80, 0x7C, 0x24, 0x1C, 0x00, 0xC7, 0x03, 0x00, 0x00, 0x00,
		0x00, 0x74, 0x11, 0x8B, 0x55, 0x00, 0x52, 0x68, 0xA8, 0x8B, 0xA3, 0x00, 0xE8, 0x2F, 0x7D, 0x05,
		0x00, 0x83, 0xC4, 0x08, 0xC6, 0x44, 0x24, 0x13, 0x00, 0x85, 0xFF, 0x75, 0xB3, 0xEB, 0x02, 0x89,
		0x33, 0x8B, 0x6D, 0x04, 0x83, 0xC3, 0x04, 0x85, 0xED, 0x75, 0x95, 0x5B, 0x8A, 0x44, 0x24, 0x0F,
		0x5F, 0x5E, 0x5D, 0x59, 0xC2, 0x08, 0x00,
	};

	static const UInt8 kPerfLightRankDecodeAddrExpectedBytes[] =
	{
		0x6A, 0xFF, 0x68, 0x78, 0xE7, 0x9C, 0x00, 0x64, 0xA1, 0x00, 0x00, 0x00, 0x00, 0x50, 0x83, 0xEC,
		0x1C, 0x53, 0x55, 0x56, 0x57, 0xA1, 0xAC, 0x0A, 0xB3, 0x00, 0x33, 0xC4, 0x50, 0x8D, 0x44, 0x24,
		0x30, 0x64, 0xA3, 0x00, 0x00, 0x00, 0x00, 0x8B, 0xF9, 0x89, 0x7C, 0x24, 0x14, 0x8B, 0x44, 0x24,
		0x40, 0x8B, 0x8F, 0x18, 0x01, 0x00, 0x00, 0x8B, 0x9F, 0xE8, 0x00, 0x00, 0x00, 0x50, 0xE8, 0xFD,
		0xBD, 0x00, 0x00, 0xDD, 0xD8, 0x85, 0xDB, 0x0F, 0x84, 0x23, 0x01, 0x00, 0x00, 0xEB, 0x05, 0x90,
		0x8B, 0x7C, 0x24, 0x14, 0x8B, 0x4C, 0x24, 0x40, 0x8D, 0x43, 0x08, 0x8B, 0x00, 0x8B, 0xEB, 0x8B,
		0x1B, 0x51, 0x8B, 0xC8, 0x89, 0x6C, 0x24, 0x2C, 0xE8, 0xD3, 0xBD, 0x00, 0x00, 0xD9, 0x5C, 0x24,
		0x24, 0x33, 0xF6, 0x89, 0x74, 0x24, 0x18, 0x8B, 0xBF, 0xE8, 0x00, 0x00, 0x00, 0x3B, 0xFD, 0x89,
		0x74, 0x24, 0x38, 0x0F, 0x84, 0xBB, 0x00, 0x00, 0x00, 0x8D, 0xA4, 0x24, 0x00, 0x00, 0x00, 0x00,
		0x3B, 0x77, 0x08, 0x8D, 0x6F, 0x08, 0x89, 0x7C, 0x24, 0x1C, 0x8B, 0x3F, 0x74, 0x31, 0x85, 0xF6,
		0x74, 0x18, 0x8D, 0x56, 0x04, 0x52, 0xFF, 0x15, 0x7C, 0x80, 0xA2, 0x00, 0x85, 0xC0, 0x75, 0x0A,
		0x8B, 0x06, 0x8B, 0x10, 0x6A, 0x01, 0x8B, 0xCE, 0xFF, 0xD2, 0x8B, 0x75, 0x00, 0x85, 0xF6, 0x89,
		0x74, 0x24, 0x18, 0x74, 0x0A, 0x8D, 0x46, 0x04, 0x50, 0xFF, 0x15, 0x78, 0x80, 0xA2, 0x00, 0xD9,
		0x86, 0xD0, 0x00, 0x00, 0x00, 0xD9, 0x5C, 0x24, 0x20, 0xD9, 0x44, 0x24, 0x20, 0xD9, 0x44, 0x24,
		0x24, 0xDE, 0xD9, 0xDF, 0xE0, 0xF6, 0xC4, 0x41, 0x74, 0x08, 0x3B, 0x7C, 0x24, 0x28, 0x75, 0xA0,
		0xEB, 0x52, 0x8B, 0x6C, 0x24, 0x14, 0x8D, 0x4C, 0x24, 0x1C, 0x51, 0x8D, 0x54, 0x24, 0x30, 0x81,
		0xC5, 0xE4, 0x00, 0x00, 0x00, 0x52, 0x8B, 0xCD, 0xE8, 0x13, 0xA5, 0xFF, 0xFF, 0x8B, 0x44, 0x24,
		0x2C, 0x85, 0xC0, 0x74, 0x1E, 0x8B, 0xF8, 0x83, 0xC0, 0x04, 0x50, 0xFF, 0x15, 0x7C, 0x80, 0xA2,
		0x00, 0x85, 0xC0, 0x75, 0x0E, 0x85, 0xFF, 0x74, 0x0A, 0x8B, 0x07, 0x8B, 0x10, 0x6A, 0x01, 0x8B,
		0xCF, 0xFF, 0xD2, 0x8B, 0x4C, 0x24, 0x1C, 0x8D, 0x44, 0x24, 0x18, 0x50, 0x51, 0x8B, 0xCD, 0xE8,
		0x2C, 0xF7, 0xFF, 0xFF, 0x85, 0xF6, 0xC7, 0x44, 0x24, 0x38, 0xFF, 0xFF, 0xFF, 0xFF, 0x74, 0x18,
		0x8D, 0x56, 0x04, 0x52, 0xFF, 0x15, 0x7C, 0x80, 0xA2, 0x00, 0x85, 0xC0, 0x75, 0x0A, 0x8B, 0x06,
		0x8B, 0x10, 0x6A, 0x01, 0x8B, 0xCE, 0xFF, 0xD2, 0x85, 0xDB, 0x0F, 0x85, 0xE0, 0xFE, 0xFF, 0xFF,
		0x8B, 0x4C, 0x24, 0x30, 0x64, 0x89, 0x0D, 0x00, 0x00, 0x00, 0x00, 0x59, 0x5F, 0x5E, 0x5D, 0x5B,
		0x83, 0xC4, 0x28, 0xC2, 0x04, 0x00,
	};

	static const UInt8 kPerfSortDecodeAddrExpectedBytes[] =
	{
		0x55, 0x8B, 0xEC, 0x83, 0xEC, 0x0C, 0xA1, 0xAC, 0x0A, 0xB3, 0x00, 0x33, 0xC5, 0x89, 0x45, 0xFC,
		0x53, 0x56, 0x8B, 0xF1, 0x33, 0xDB, 0x85, 0xF6, 0x57, 0x8B, 0xC6, 0x74, 0x12, 0x8D, 0x49, 0x00,
		0x83, 0x38, 0x00, 0x74, 0x03, 0x83, 0xC3, 0x01, 0x8B, 0x40, 0x04, 0x85, 0xC0, 0x75, 0xF1, 0x8D,
		0x04, 0x9D, 0x04, 0x00, 0x00, 0x00, 0xE8, 0xC5, 0x17, 0x3D, 0x00, 0x8B, 0xD4, 0x85, 0xD2, 0x89,
		0x55, 0xF8, 0x8B, 0xCE, 0x75, 0x0E, 0x8B, 0x45, 0x08, 0x50, 0xE8, 0x81, 0xF6, 0xFF, 0xFF, 0xE9,
		0x9D, 0x00, 0x00, 0x00, 0x33, 0xC0, 0x85, 0xDB, 0x7E, 0x15, 0x8D, 0x9B, 0x00, 0x00, 0x00, 0x00,
		0x8B, 0x39, 0x89, 0x3C, 0x82, 0x8B, 0x49, 0x04, 0x83, 0xC0, 0x01, 0x3B, 0xC3, 0x7C, 0xF1, 0x8B,
		0x4D, 0x08, 0x53, 0x51, 0x52, 0x8B, 0xCE, 0xE8, 0xE4, 0x46, 0xF5, 0xFF, 0x83, 0x7E, 0x04, 0x00,
		0x74, 0x16, 0x8B, 0x46, 0x04, 0x8B, 0x78, 0x04, 0x50, 0xE8, 0xF2, 0xF6, 0xE4, 0xFF, 0x83, 0xC4,
		0x04, 0x85, 0xFF, 0x89, 0x7E, 0x04, 0x75, 0xEA, 0x33, 0xFF, 0x85, 0xDB, 0x89, 0x3E, 0x89, 0x7D,
		0xF4, 0x7E, 0x4E, 0x85, 0xFF, 0x7E, 0x27, 0x6A, 0x08, 0xE8, 0xB2, 0xF6, 0xE4, 0xFF, 0x83, 0xC4,
		0x04, 0x85, 0xC0, 0x74, 0x13, 0x8B, 0x55, 0xF8, 0x8B, 0x0C, 0xBA, 0x89, 0x08, 0xC7, 0x40, 0x04,
		0x00, 0x00, 0x00, 0x00, 0x8B, 0xF0, 0xEB, 0x15, 0x33, 0xC0, 0x8B, 0xF0, 0xEB, 0x0F, 0x8B, 0x55,
		0xF8, 0x8B, 0x04, 0xBA, 0x89, 0x06, 0xC7, 0x46, 0x04, 0x00, 0x00, 0x00, 0x00, 0x8B, 0x45, 0xF4,
		0x85, 0xC0, 0x74, 0x03, 0x89, 0x70, 0x04, 0x83, 0xC7, 0x01, 0x3B, 0xFB, 0x89, 0x75, 0xF4, 0x7C,
		0xB2, 0x8D, 0x65, 0xE8, 0x5F, 0x5E, 0x5B, 0x8B, 0x4D, 0xFC, 0x33, 0xCD, 0xE8, 0x41, 0xE9, 0x3C,
		0x00, 0x8B, 0xE5, 0x5D, 0xC2, 0x04, 0x00,
	};

	static const UInt8 kPerfOwnerCtorDecodeAddrExpectedBytes[] =
	{
		0x6A, 0xFF, 0x68, 0x2E, 0xE3, 0x9A, 0x00, 0x64, 0xA1, 0x00, 0x00, 0x00, 0x00, 0x50, 0x51, 0x53,
		0x55, 0x56, 0x57, 0xA1, 0xAC, 0x0A, 0xB3, 0x00, 0x33, 0xC4, 0x50, 0x8D, 0x44, 0x24, 0x18, 0x64,
		0xA3, 0x00, 0x00, 0x00, 0x00, 0x8B, 0xF1, 0x33, 0xDB, 0xA1, 0xE4, 0x9D, 0xBA, 0x00, 0x64, 0x8B,
		0x0D, 0x2C, 0x00, 0x00, 0x00, 0x8B, 0x14, 0x81, 0x89, 0x5E, 0x04, 0x89, 0x5E, 0x08, 0x89, 0x5E,
		0x0C, 0x89, 0x5E, 0x14, 0x89, 0x5E, 0x18, 0x89, 0x5E, 0x1C, 0x89, 0x5E, 0x20, 0x89, 0x5E, 0x24,
		0x89, 0x5E, 0x28, 0x89, 0x5E, 0x2C, 0x89, 0x5E, 0x30, 0x89, 0x5E, 0x34, 0x89, 0x5E, 0x38, 0x89,
		0x5E, 0x3C, 0x89, 0x5E, 0x40, 0x89, 0x5E, 0x4C, 0x89, 0x5E, 0x50, 0x89, 0x5E, 0x64, 0x89, 0x5E,
		0x68, 0x89, 0x5E, 0x6C, 0x88, 0x5E, 0x70, 0x88, 0x5E, 0x71, 0xC6, 0x46, 0x7D, 0x01, 0x89, 0x9E,
		0x80, 0x00, 0x00, 0x00, 0x89, 0x9E, 0x84, 0x00, 0x00, 0x00, 0x89, 0x9E, 0x88, 0x00, 0x00, 0x00,
		0x89, 0x9E, 0x8C, 0x00, 0x00, 0x00, 0x89, 0x9E, 0x90, 0x00, 0x00, 0x00, 0x89, 0x9E, 0xA4, 0x00,
		0x00, 0x00, 0x88, 0x9E, 0xA8, 0x00, 0x00, 0x00, 0x88, 0x9E, 0xA9, 0x00, 0x00, 0x00, 0x88, 0x9E,
		0xAA, 0x00, 0x00, 0x00, 0x88, 0x9E, 0xAB, 0x00, 0x00, 0x00, 0x89, 0x9E, 0xAC, 0x00, 0x00, 0x00,
		0x89, 0x9E, 0xC0, 0x01, 0x00, 0x00, 0x6A, 0x10, 0x89, 0x35, 0x00, 0x3B, 0xB3, 0x00, 0x88, 0x9A,
		0x85, 0x01, 0x00, 0x00, 0xE8, 0x27, 0x6B, 0xFA, 0xFF, 0x83, 0xC4, 0x04, 0x89, 0x44, 0x24, 0x14,
		0x3B, 0xC3, 0x89, 0x5C, 0x24, 0x20, 0x74, 0x09, 0x8B, 0xC8, 0xE8, 0x71, 0xF4, 0xFF, 0xFF, 0xEB,
		0x02, 0x33, 0xC0, 0x83, 0xCD, 0xFF, 0x6A, 0x10, 0x89, 0x6C, 0x24, 0x24, 0x89, 0x06, 0xE8, 0xFD,
		0x6A, 0xFA, 0xFF, 0x83, 0xC4, 0x04, 0x89, 0x44, 0x24, 0x14, 0x3B, 0xC3, 0xC7, 0x44, 0x24, 0x20,
		0x01, 0x00, 0x00, 0x00, 0x74, 0x09, 0x8B, 0xC8, 0xE8, 0x23, 0xF5, 0xFF, 0xFF, 0xEB, 0x02, 0x33,
		0xC0, 0x6A, 0x10, 0x89, 0x6C, 0x24, 0x24, 0x89, 0x46, 0x08, 0xE8, 0xD1, 0x6A, 0xFA, 0xFF, 0x83,
		0xC4, 0x04, 0x89, 0x44, 0x24, 0x14, 0x3B, 0xC3, 0xC7, 0x44, 0x24, 0x20, 0x02, 0x00, 0x00, 0x00,
		0x74, 0x09, 0x8B, 0xC8, 0xE8, 0x37, 0xF6, 0xFF, 0xFF, 0xEB, 0x02, 0x33, 0xC0, 0x6A, 0x10, 0x89,
		0x6C, 0x24, 0x24, 0x89, 0x46, 0x0C, 0xE8, 0xA5, 0x6A, 0xFA, 0xFF, 0x83, 0xC4, 0x04, 0x89, 0x44,
		0x24, 0x14, 0x3B, 0xC3, 0xC7, 0x44, 0x24, 0x20, 0x03, 0x00, 0x00, 0x00, 0x74, 0x09, 0x8B, 0xC8,
		0xE8, 0x0B, 0xF6, 0xFF, 0xFF, 0xEB, 0x02, 0x33, 0xC0, 0x6A, 0x10, 0x89, 0x6C, 0x24, 0x24, 0x89,
		0x46, 0x10, 0xE8, 0x79, 0x6A, 0xFA, 0xFF, 0x83, 0xC4, 0x04, 0x89, 0x44, 0x24, 0x14, 0x3B, 0xC3,
		0xC7, 0x44, 0x24, 0x20, 0x04, 0x00, 0x00, 0x00, 0x74, 0x09, 0x8B, 0xC8, 0xE8, 0x3F, 0xF7, 0xFF,
		0xFF, 0xEB, 0x02, 0x33, 0xC0, 0x6A, 0x10, 0x89, 0x6C, 0x24, 0x24, 0x89, 0x46, 0x54, 0xE8, 0x4D,
		0x6A, 0xFA, 0xFF, 0x83, 0xC4, 0x04, 0x89, 0x44, 0x24, 0x14, 0x3B, 0xC3, 0xC7, 0x44, 0x24, 0x20,
		0x05, 0x00, 0x00, 0x00, 0x74, 0x09, 0x8B, 0xC8, 0xE8, 0x13, 0xF7, 0xFF, 0xFF, 0xEB, 0x02, 0x33,
		0xC0, 0x6A, 0x10, 0x89, 0x6C, 0x24, 0x24, 0x89, 0x46, 0x58, 0xE8, 0x21, 0x6A, 0xFA, 0xFF, 0x83,
		0xC4, 0x04, 0x89, 0x44, 0x24, 0x14, 0x3B, 0xC3, 0xC7, 0x44, 0x24, 0x20, 0x06, 0x00, 0x00, 0x00,
		0x74, 0x09, 0x8B, 0xC8, 0xE8, 0xE7, 0xF6, 0xFF, 0xFF, 0xEB, 0x02, 0x33, 0xC0, 0x6A, 0x10, 0x89,
		0x6C, 0x24, 0x24, 0x89, 0x46, 0x5C, 0xE8, 0xF5, 0x69, 0xFA, 0xFF, 0x83, 0xC4, 0x04, 0x89, 0x44,
		0x24, 0x14, 0x3B, 0xC3, 0xC7, 0x44, 0x24, 0x20, 0x07, 0x00, 0x00, 0x00, 0x74, 0x09, 0x8B, 0xC8,
		0xE8, 0xBB, 0xF6, 0xFF, 0xFF, 0xEB, 0x02, 0x33, 0xC0, 0x6A, 0x18, 0x89, 0x6C, 0x24, 0x24, 0x89,
		0x46, 0x60, 0xE8, 0xC9, 0x69, 0xFA, 0xFF, 0x8B, 0xF8, 0x83, 0xC4, 0x04, 0x89, 0x7C, 0x24, 0x14,
		0x3B, 0xFB, 0xC7, 0x44, 0x24, 0x20, 0x08, 0x00, 0x00, 0x00, 0x74, 0x39, 0x33, 0xC9, 0xB8, 0x64,
		0x00, 0x00, 0x00, 0x89, 0x47, 0x08, 0xBA, 0x04, 0x00, 0x00, 0x00, 0xF7, 0xE2, 0x0F, 0x90, 0xC1,
		0xC7, 0x07, 0x44, 0x90, 0xA3, 0x00, 0xC7, 0x47, 0x14, 0x32, 0x00, 0x00, 0x00, 0x89, 0x5F, 0x0C,
		0x89, 0x5F, 0x10, 0xF7, 0xD9, 0x0B, 0xC8, 0x51, 0xE8, 0x83, 0x69, 0xFA, 0xFF, 0x83, 0xC4, 0x04,
		0x89, 0x47, 0x04, 0xEB, 0x02, 0x33, 0xFF, 0x89, 0x7E, 0x74, 0x39, 0x5F, 0x08, 0x89, 0x6C, 0x24,
		0x20, 0x89, 0x5C, 0x24, 0x14, 0x77, 0x0B, 0x8B, 0x47, 0x14, 0x50, 0x8B, 0xCF, 0xE8, 0x6E, 0x73,
		0xFF, 0xFF, 0x8D, 0x4C, 0x24, 0x14, 0x51, 0x53, 0x8B, 0xCF, 0xE8, 0xA1, 0xB6, 0xFE, 0xFF, 0x6A,
		0x18, 0xE8, 0x4A, 0x69, 0xFA, 0xFF, 0x8B, 0xF8, 0x83, 0xC4, 0x04, 0x89, 0x7C, 0x24, 0x14, 0x3B,
		0xFB, 0xC7, 0x44, 0x24, 0x20, 0x09, 0x00, 0x00, 0x00, 0x74, 0x39, 0x33, 0xC9, 0xB8, 0x05, 0x00,
		0x00, 0x00, 0x89, 0x47, 0x08, 0xBA, 0x04, 0x00, 0x00, 0x00, 0xF7, 0xE2, 0x0F, 0x90, 0xC1, 0xC7,
		0x07, 0x44, 0x90, 0xA3, 0x00, 0xC7, 0x47, 0x14, 0x01, 0x00, 0x00, 0x00, 0x89, 0x5F, 0x0C, 0x89,
		0x5F, 0x10, 0xF7, 0xD9, 0x0B, 0xC8, 0x51, 0xE8, 0x04, 0x69, 0xFA, 0xFF, 0x83, 0xC4, 0x04, 0x89,
		0x47, 0x04, 0xEB, 0x02, 0x33, 0xFF, 0x89, 0x7E, 0x78, 0x39, 0x5F, 0x08, 0x89, 0x6C, 0x24, 0x20,
		0x89, 0x5C, 0x24, 0x14, 0x77, 0x0B, 0x8B, 0x47, 0x14, 0x50, 0x8B, 0xCF, 0xE8, 0xEF, 0x72, 0xFF,
		0xFF, 0x8D, 0x4C, 0x24, 0x14, 0x51, 0x53, 0x8B, 0xCF, 0xE8, 0x22, 0xB6, 0xFE, 0xFF, 0x33, 0xC0,
		0x89, 0x86, 0x94, 0x00, 0x00, 0x00, 0x89, 0x86, 0x98, 0x00, 0x00, 0x00, 0x89, 0x86, 0x9C, 0x00,
		0x00, 0x00, 0x89, 0x86, 0xA0, 0x00, 0x00, 0x00, 0xB0, 0x7D, 0x88, 0x46, 0x71, 0x88, 0x46, 0x7C,
		0x88, 0x5E, 0x70, 0x8B, 0xC6, 0x8B, 0x4C, 0x24, 0x18, 0x64, 0x89, 0x0D, 0x00, 0x00, 0x00, 0x00,
		0x59, 0x5F, 0x5E, 0x5D, 0x5B, 0x83, 0xC4, 0x10, 0xC3,
	};

	static const UInt8 kPerfOwnerResetDecodeAddrExpectedBytes[] =
	{
		0x6A, 0xFF, 0x68, 0x91, 0x2A, 0x9C, 0x00, 0x64, 0xA1, 0x00, 0x00, 0x00, 0x00, 0x50, 0x51, 0x53,
		0x56, 0x57, 0xA1, 0xAC, 0x0A, 0xB3, 0x00, 0x33, 0xC4, 0x50, 0x8D, 0x44, 0x24, 0x14, 0x64, 0xA3,
		0x00, 0x00, 0x00, 0x00, 0x8B, 0xF1, 0x8B, 0x4E, 0x08, 0x33, 0xDB, 0x3B, 0xCB, 0x74, 0x08, 0x8B,
		0x01, 0x8B, 0x10, 0x6A, 0x01, 0xFF, 0xD2, 0x6A, 0x10, 0xE8, 0x42, 0xFE, 0xF9, 0xFF, 0x83, 0xC4,
		0x04, 0x89, 0x44, 0x24, 0x10, 0x3B, 0xC3, 0x89, 0x5C, 0x24, 0x1C, 0x74, 0x09, 0x8B, 0xC8, 0xE8,
		0x6C, 0x88, 0xFF, 0xFF, 0xEB, 0x02, 0x33, 0xC0, 0x8B, 0x4E, 0x0C, 0x83, 0xCF, 0xFF, 0x3B, 0xCB,
		0x89, 0x7C, 0x24, 0x1C, 0x89, 0x46, 0x08, 0x74, 0x08, 0x8B, 0x01, 0x8B, 0x10, 0x6A, 0x01, 0xFF,
		0xD2, 0x6A, 0x10, 0xE8, 0x08, 0xFE, 0xF9, 0xFF, 0x83, 0xC4, 0x04, 0x89, 0x44, 0x24, 0x10, 0x3B,
		0xC3, 0xC7, 0x44, 0x24, 0x1C, 0x01, 0x00, 0x00, 0x00, 0x74, 0x09, 0x8B, 0xC8, 0xE8, 0x6E, 0x89,
		0xFF, 0xFF, 0xEB, 0x02, 0x33, 0xC0, 0x8B, 0x4E, 0x10, 0x3B, 0xCB, 0x89, 0x7C, 0x24, 0x1C, 0x89,
		0x46, 0x0C, 0x74, 0x08, 0x8B, 0x01, 0x8B, 0x10, 0x6A, 0x01, 0xFF, 0xD2, 0x6A, 0x10, 0xE8, 0xCD,
		0xFD, 0xF9, 0xFF, 0x83, 0xC4, 0x04, 0x89, 0x44, 0x24, 0x10, 0x3B, 0xC3, 0xC7, 0x44, 0x24, 0x1C,
		0x02, 0x00, 0x00, 0x00, 0x74, 0x09, 0x8B, 0xC8, 0xE8, 0x33, 0x89, 0xFF, 0xFF, 0xEB, 0x02, 0x33,
		0xC0, 0x89, 0x46, 0x10, 0x39, 0x5E, 0x24, 0x89, 0x7C, 0x24, 0x1C, 0x74, 0x19, 0x8D, 0x49, 0x00,
		0x8B, 0x46, 0x24, 0x8B, 0x78, 0x04, 0x50, 0xE8, 0xB4, 0xFD, 0xF9, 0xFF, 0x83, 0xC4, 0x04, 0x3B,
		0xFB, 0x89, 0x7E, 0x24, 0x75, 0xEA, 0x8B, 0xCE, 0x89, 0x5E, 0x20, 0xE8, 0x00, 0xF4, 0xFF, 0xFF,
		0x8B, 0x46, 0x74, 0x33, 0xC9, 0x39, 0x58, 0x0C, 0x76, 0x14, 0x8D, 0x9B, 0x00, 0x00, 0x00, 0x00,
		0x8B, 0x50, 0x04, 0x89, 0x1C, 0x8A, 0x83, 0xC1, 0x01, 0x3B, 0x48, 0x0C, 0x72, 0xF2, 0x89, 0x58,
		0x0C, 0x89, 0x58, 0x10, 0x8B, 0x7E, 0x74, 0x39, 0x5F, 0x08, 0x89, 0x5C, 0x24, 0x10, 0x77, 0x0B,
		0x8B, 0x47, 0x14, 0x50, 0x8B, 0xCF, 0xE8, 0x55, 0x07, 0xFF, 0xFF, 0x8D, 0x4C, 0x24, 0x10, 0x51,
		0x53, 0x8B, 0xCF, 0xE8, 0x88, 0x4A, 0xFE, 0xFF, 0x8B, 0x46, 0x78, 0x33, 0xC9, 0x39, 0x58, 0x0C,
		0x76, 0x0E, 0x8B, 0x50, 0x04, 0x89, 0x1C, 0x8A, 0x83, 0xC1, 0x01, 0x3B, 0x48, 0x0C, 0x72, 0xF2,
		0x89, 0x58, 0x0C, 0x89, 0x58, 0x10, 0x8B, 0x76, 0x78, 0x39, 0x5E, 0x08, 0x89, 0x5C, 0x24, 0x10,
		0x77, 0x0B, 0x8B, 0x46, 0x14, 0x50, 0x8B, 0xCE, 0xE8, 0x13, 0x07, 0xFF, 0xFF, 0x8D, 0x4C, 0x24,
		0x10, 0x51, 0x53, 0x8B, 0xCE, 0xE8, 0x46, 0x4A, 0xFE, 0xFF, 0x8B, 0x4C, 0x24, 0x14, 0x64, 0x89,
		0x0D, 0x00, 0x00, 0x00, 0x00, 0x59, 0x5F, 0x5E, 0x5B, 0x83, 0xC4, 0x10, 0xC3,
	};

	static const UInt8 kPerfOwnerDestroyDecodeAddrExpectedBytes[] =
	{
		0x53, 0x56, 0x8B, 0xF1, 0x8B, 0x0E, 0x33, 0xDB, 0x3B, 0xCB, 0x57, 0x74, 0x08, 0x8B, 0x01, 0x8B,
		0x10, 0x6A, 0x01, 0xFF, 0xD2, 0x8B, 0x4E, 0x08, 0x3B, 0xCB, 0x74, 0x08, 0x8B, 0x01, 0x8B, 0x10,
		0x6A, 0x01, 0xFF, 0xD2, 0x8B, 0x4E, 0x0C, 0x3B, 0xCB, 0x74, 0x08, 0x8B, 0x01, 0x8B, 0x10, 0x6A,
		0x01, 0xFF, 0xD2, 0x8B, 0x4E, 0x10, 0x3B, 0xCB, 0x74, 0x08, 0x8B, 0x01, 0x8B, 0x10, 0x6A, 0x01,
		0xFF, 0xD2, 0x8B, 0x46, 0x4C, 0x3B, 0xC3, 0x74, 0x09, 0x50, 0xE8, 0x81, 0xEC, 0xFA, 0xFF, 0x83,
		0xC4, 0x04, 0x8B, 0x4E, 0x54, 0x3B, 0xCB, 0x74, 0x08, 0x8B, 0x01, 0x8B, 0x10, 0x6A, 0x01, 0xFF,
		0xD2, 0x8B, 0x4E, 0x58, 0x3B, 0xCB, 0x74, 0x08, 0x8B, 0x01, 0x8B, 0x10, 0x6A, 0x01, 0xFF, 0xD2,
		0x8B, 0x4E, 0x5C, 0x3B, 0xCB, 0x74, 0x08, 0x8B, 0x01, 0x8B, 0x10, 0x6A, 0x01, 0xFF, 0xD2, 0x8B,
		0x4E, 0x60, 0x3B, 0xCB, 0x74, 0x08, 0x8B, 0x01, 0x8B, 0x10, 0x6A, 0x01, 0xFF, 0xD2, 0x8B, 0x46,
		0x74, 0x3B, 0xC3, 0x74, 0x2E, 0x33, 0xC9, 0x39, 0x58, 0x0C, 0x76, 0x12, 0x8D, 0x64, 0x24, 0x00,
		0x8B, 0x50, 0x04, 0x89, 0x1C, 0x8A, 0x83, 0xC1, 0x01, 0x3B, 0x48, 0x0C, 0x72, 0xF2, 0x89, 0x58,
		0x0C, 0x89, 0x58, 0x10, 0x8B, 0x4E, 0x74, 0x3B, 0xCB, 0x74, 0x08, 0x8B, 0x01, 0x8B, 0x10, 0x6A,
		0x01, 0xFF, 0xD2, 0x8B, 0x46, 0x78, 0x3B, 0xC3, 0x74, 0x2A, 0x33, 0xC9, 0x39, 0x58, 0x0C, 0x76,
		0x0E, 0x8B, 0x50, 0x04, 0x89, 0x1C, 0x8A, 0x83, 0xC1, 0x01, 0x3B, 0x48, 0x0C, 0x72, 0xF2, 0x89,
		0x58, 0x0C, 0x89, 0x58, 0x10, 0x8B, 0x4E, 0x78, 0x3B, 0xCB, 0x74, 0x08, 0x8B, 0x01, 0x8B, 0x10,
		0x6A, 0x01, 0xFF, 0xD2, 0x8B, 0x86, 0xC0, 0x01, 0x00, 0x00, 0x3B, 0xC3, 0x74, 0x0B, 0x50, 0xB9,
		0x20, 0x20, 0xB0, 0x00, 0xE8, 0xE7, 0xEA, 0xFA, 0xFF, 0x39, 0x5E, 0x6C, 0x74, 0x31, 0x8B, 0xFF,
		0x8B, 0x46, 0x6C, 0x39, 0x58, 0x04, 0x75, 0x04, 0x39, 0x18, 0x74, 0x1A, 0x8B, 0xC8, 0x8B, 0x39,
		0x57, 0xE8, 0xAA, 0x92, 0x20, 0x00, 0x3B, 0xFB, 0x74, 0xE6, 0x8B, 0x07, 0x8B, 0x10, 0x6A, 0x01,
		0x8B, 0xCF, 0xFF, 0xD2, 0xEB, 0xDA, 0x50, 0xE8, 0x94, 0xEB, 0xFA, 0xFF, 0x83, 0xC4, 0x04, 0x39,
		0x5E, 0x24, 0x74, 0x16, 0x8B, 0x46, 0x24, 0x8B, 0x78, 0x04, 0x50, 0xE8, 0x80, 0xEB, 0xFA, 0xFF,
		0x83, 0xC4, 0x04, 0x3B, 0xFB, 0x89, 0x7E, 0x24, 0x75, 0xEA, 0x89, 0x5E, 0x20, 0x39, 0x5E, 0x2C,
		0x74, 0x16, 0x8B, 0x46, 0x2C, 0x8B, 0x78, 0x04, 0x50, 0xE8, 0x62, 0xEB, 0xFA, 0xFF, 0x83, 0xC4,
		0x04, 0x3B, 0xFB, 0x89, 0x7E, 0x2C, 0x75, 0xEA, 0x5F, 0x89, 0x5E, 0x28, 0x5E, 0x5B, 0xC3,
	};

	static const UInt8 kPerfArraySetDecodeAddrExpectedBytes[] =
	{
		0x8B, 0x44, 0x24, 0x04, 0x3B, 0x41, 0x0C, 0x72, 0x1E, 0x8D, 0x50, 0x01, 0x89, 0x51, 0x0C, 0x8B,
		0x54, 0x24, 0x08, 0x83, 0x3A, 0x00, 0x74, 0x3D, 0x83, 0x41, 0x10, 0x01, 0x8B, 0x49, 0x04, 0x8B,
		0x12, 0x89, 0x14, 0x81, 0xC2, 0x08, 0x00, 0x8B, 0x54, 0x24, 0x08, 0x83, 0x3A, 0x00, 0x56, 0x8B,
		0x71, 0x04, 0x74, 0x16, 0x83, 0x3C, 0x86, 0x00, 0x75, 0x1A, 0x83, 0x41, 0x10, 0x01, 0x8B, 0x49,
		0x04, 0x8B, 0x12, 0x5E, 0x89, 0x14, 0x81, 0xC2, 0x08, 0x00, 0x83, 0x3C, 0x86, 0x00, 0x74, 0x04,
		0x83, 0x41, 0x10, 0xFF, 0x5E, 0x8B, 0x49, 0x04, 0x8B, 0x12, 0x89, 0x14, 0x81, 0xC2, 0x08, 0x00,
	};

	static const UInt8 kPerfArrayResizeDecodeAddrExpectedBytes[] =
	{
		0x8B, 0x44, 0x24, 0x04, 0x56, 0x8B, 0xF1, 0x3B, 0x46, 0x08, 0x0F, 0x84, 0xB1, 0x00, 0x00, 0x00,
		0x3B, 0x46, 0x0C, 0x57, 0x73, 0x2A, 0x8B, 0xD0, 0x83, 0xCF, 0xFF, 0xEB, 0x03, 0x8D, 0x49, 0x00,
		0x8B, 0x4E, 0x04, 0x83, 0x3C, 0x91, 0x00, 0x8D, 0x0C, 0x91, 0x74, 0x09, 0xC7, 0x01, 0x00, 0x00,
		0x00, 0x00, 0x01, 0x7E, 0x10, 0x83, 0xC2, 0x01, 0x3B, 0x56, 0x0C, 0x72, 0xE3, 0x89, 0x46, 0x0C,
		0x85, 0xC0, 0x8B, 0x7E, 0x04, 0x89, 0x46, 0x08, 0x76, 0x66, 0x33, 0xC9, 0xBA, 0x04, 0x00, 0x00,
		0x00, 0xF7, 0xE2, 0x0F, 0x90, 0xC1, 0xF7, 0xD9, 0x0B, 0xC8, 0x51, 0xE8, 0x90, 0xF5, 0xFA, 0xFF,
		0x89, 0x46, 0x04, 0x33, 0xC0, 0x83, 0xC4, 0x04, 0x39, 0x46, 0x0C, 0x76, 0x14, 0x8D, 0x49, 0x00,
		0x8B, 0x14, 0x87, 0x8B, 0x4E, 0x04, 0x89, 0x14, 0x81, 0x83, 0xC0, 0x01, 0x3B, 0x46, 0x0C, 0x72,
		0xEF, 0x8B, 0x46, 0x0C, 0x3B, 0x46, 0x08, 0x73, 0x2E, 0x8D, 0xA4, 0x24, 0x00, 0x00, 0x00, 0x00,
		0x8B, 0x4E, 0x04, 0xC7, 0x04, 0x81, 0x00, 0x00, 0x00, 0x00, 0x83, 0xC0, 0x01, 0x3B, 0x46, 0x08,
		0x72, 0xEE, 0x57, 0xE8, 0x68, 0xF5, 0xFA, 0xFF, 0x83, 0xC4, 0x04, 0x5F, 0x5E, 0xC2, 0x04, 0x00,
		0xC7, 0x46, 0x04, 0x00, 0x00, 0x00, 0x00, 0x57, 0xE8, 0x53, 0xF5, 0xFA, 0xFF, 0x83, 0xC4, 0x04,
		0x5F, 0x5E, 0xC2, 0x04, 0x00,
	};

	static const UInt8 kPerfBSFileVtableAddrExpectedBytes[] =
	{
		0x90, 0x0A, 0x43, 0x00, 0xC0, 0x81, 0x74, 0x00, 0xF0, 0x07, 0x43, 0x00, 0x80, 0xFF, 0x42, 0x00,
		0x10, 0x00, 0x43, 0x00, 0xA0, 0x0B, 0x43, 0x00, 0x80, 0xFE, 0x42, 0x00, 0x40, 0x02, 0x43, 0x00,
		0x00, 0x07, 0x43, 0x00, 0xB0, 0x0A, 0x43, 0x00, 0xE0, 0x08, 0x43, 0x00, 0x80, 0x08, 0x43, 0x00,
		0x20, 0x08, 0x43, 0x00, 0xD0, 0x00, 0x43, 0x00, 0xB0, 0x02, 0x43, 0x00,
	};

	static const UInt8 kPerfStreamOpenDecodeAddrExpectedBytes[] =
	{
		0x55, 0x56, 0x8B, 0xF1, 0x33, 0xED, 0x39, 0x6E, 0x1C, 0x74, 0x07, 0x5E, 0xB0, 0x01, 0x5D,
	};

	static const UInt8 kArchiveCachedNamesDeferExpectedBytes[] = { 0x8B, 0x86, 0x70, 0x01, 0x00, 0x00 };
	static const UInt8 kArchiveCachedNamesBuildExpectedBytes[] = { 0x8B, 0x86, 0x70, 0x01, 0x00, 0x00 };
	static const UInt8 kArchiveRegistrationExpectedBytes[] = { 0x8B, 0x0D, 0xE0, 0x38, 0xB3, 0x00 };

	static const UInt8 kArchiveConstructorDecodeExpectedBytes[] =
	{
		0x6A, 0xFF, 0x68, 0xE8, 0xBB, 0x9A, 0x00, 0x64, 0xA1, 0x00, 0x00, 0x00, 0x00, 0x50, 0x81, 0xEC,
		0x50, 0x01, 0x00, 0x00, 0xA1, 0xAC, 0x0A, 0xB3, 0x00, 0x33, 0xC4, 0x89, 0x84, 0x24, 0x4C, 0x01,
		0x00, 0x00, 0x53, 0x55, 0x56, 0x57, 0xA1, 0xAC, 0x0A, 0xB3, 0x00, 0x33, 0xC4, 0x50, 0x8D, 0x84,
		0x24, 0x64, 0x01, 0x00, 0x00, 0x64, 0xA3, 0x00, 0x00, 0x00, 0x00, 0x8B, 0x9C, 0x24, 0x74, 0x01,
		0x00, 0x00, 0x8B, 0xF1, 0x8D, 0xBE, 0x54, 0x01, 0x00, 0x00, 0x8B, 0xCF, 0x89, 0x74, 0x24, 0x2C,
		0x89, 0x5C, 0x24, 0x24, 0xE8, 0xA7, 0xB2, 0x2C, 0x00, 0x8B, 0x84, 0x24, 0x78, 0x01, 0x00, 0x00,
		0x33, 0xED, 0x55, 0x50, 0x55, 0x53, 0x8B, 0xCE, 0x89, 0x6F, 0x24, 0xE8, 0x80, 0x1A, 0x00, 0x00,
		0x8D, 0x8E, 0x00, 0x02, 0x00, 0x00, 0x89, 0xAC, 0x24, 0x6C, 0x01, 0x00, 0x00, 0xC7, 0x06, 0x74,
		0x5D, 0xA3, 0x00, 0xE8, 0xF8, 0x20, 0xFD, 0xFF, 0x83, 0xC8, 0xFF, 0x80, 0x7E, 0x24, 0x00, 0xC6,
		0x84, 0x24, 0x6C, 0x01, 0x00, 0x00, 0x01, 0x89, 0x86, 0x8C, 0x01, 0x00, 0x00, 0x89, 0x86, 0x90,
		0x01, 0x00, 0x00, 0x89, 0xAE, 0x78, 0x01, 0x00, 0x00, 0x89, 0xAE, 0x98, 0x01, 0x00, 0x00, 0x89,
		0xAE, 0x9C, 0x01, 0x00, 0x00, 0x89, 0xAE, 0xA0, 0x01, 0x00, 0x00, 0x89, 0xAE, 0xA4, 0x01, 0x00,
		0x00, 0xC6, 0x86, 0x94, 0x01, 0x00, 0x00, 0x00, 0x89, 0xAE, 0xA8, 0x01, 0x00, 0x00, 0x89, 0xAE,
		0x88, 0x01, 0x00, 0x00, 0xC6, 0x86, 0xAC, 0x01, 0x00, 0x00, 0x00, 0x0F, 0x84, 0x27, 0x05, 0x00,
		0x00, 0x80, 0xBC, 0x24, 0x7C, 0x01, 0x00, 0x00, 0x00, 0x74, 0x07, 0xC6, 0x86, 0x94, 0x01, 0x00,
		0x00, 0x08, 0x55, 0x8B, 0xCE, 0xE8, 0x76, 0x18, 0x00, 0x00, 0x8B, 0x56, 0x04, 0x6A, 0x01, 0x8D,
		0x4C, 0x24, 0x20, 0x51, 0x6A, 0x24, 0x57, 0x56, 0xC7, 0x44, 0x24, 0x30, 0x01, 0x00, 0x00, 0x00,
		0xFF, 0xD2, 0x83, 0xC4, 0x14, 0x81, 0x3F, 0x42, 0x53, 0x41, 0x00, 0x0F, 0x85, 0xE0, 0x04, 0x00,
		0x00, 0x83, 0xBE, 0x58, 0x01, 0x00, 0x00, 0x67, 0x0F, 0x87, 0xD3, 0x04, 0x00, 0x00, 0xF6, 0x86,
		0x94, 0x01, 0x00, 0x00, 0x08, 0x0F, 0x85, 0x9E, 0x03, 0x00, 0x00, 0xFF, 0x15, 0xD0, 0x80, 0xA2,
		0x00, 0x53, 0x68, 0xEC, 0x60, 0xA3, 0x00, 0x89, 0x44, 0x24, 0x30, 0xE8, 0x10, 0x5F, 0xFD, 0xFF,
		0x8B, 0xAE, 0x64, 0x01, 0x00, 0x00, 0x33, 0xC9, 0x8B, 0xC5, 0xBA, 0x10, 0x00, 0x00, 0x00, 0xF7,
		0xE2, 0x0F, 0x90, 0xC1, 0xF7, 0xD9, 0x0B, 0xC8, 0x51, 0xE8, 0x12, 0x2F, 0xFD, 0xFF, 0x8B, 0xF8,
		0x83, 0xC4, 0x0C, 0x89, 0x7C, 0x24, 0x20, 0x85, 0xFF, 0xC6, 0x84, 0x24, 0x6C, 0x01, 0x00, 0x00,
		0x02, 0x74, 0x10, 0x68, 0x20, 0xBD, 0x42, 0x00, 0x55, 0x6A, 0x10, 0x57, 0xE8, 0x6F, 0x20, 0xFD,
		0xFF, 0xEB, 0x02, 0x33, 0xFF, 0x8B, 0x86, 0x64, 0x01, 0x00, 0x00, 0xC1, 0xE0, 0x04, 0x50, 0x57,
		0x8B, 0xCE, 0xC6, 0x84, 0x24, 0x74, 0x01, 0x00, 0x00, 0x01, 0x89, 0xBE, 0x78, 0x01, 0x00, 0x00,
		0xE8, 0xAB, 0xD8, 0xFF, 0xFF, 0xF6, 0x86, 0x60, 0x01, 0x00, 0x00, 0x01, 0x74, 0x4B, 0x8B, 0xCE,
		0xE8, 0x2B, 0xCD, 0xFF, 0xFF, 0x84, 0xC0, 0x74, 0x40, 0x8B, 0x86, 0x6C, 0x01, 0x00, 0x00, 0x80,
		0x8E, 0x94, 0x01, 0x00, 0x00, 0x10, 0x50, 0xE8, 0xA4, 0x2E, 0xFD, 0xFF, 0x8B, 0xBE, 0x64, 0x01,
		0x00, 0x00, 0x89, 0x86, 0x98, 0x01, 0x00, 0x00, 0x33, 0xC9, 0x8B, 0xC7, 0xBA, 0x04, 0x00, 0x00,
		0x00, 0xF7, 0xE2, 0x0F, 0x90, 0xC1, 0xF7, 0xD9, 0x0B, 0xC8, 0x51, 0xE8, 0x80, 0x2E, 0xFD, 0xFF,
		0x83, 0xC4, 0x08, 0x89, 0x86, 0x9C, 0x01, 0x00, 0x00, 0x8B, 0x86, 0x60, 0x01, 0x00, 0x00, 0xD1,
		0xE8, 0xA8, 0x01, 0x74, 0x4B, 0x8B, 0xCE, 0xE8, 0xD4, 0xCC, 0xFF, 0xFF, 0x84, 0xC0, 0x74, 0x40,
		0x8B, 0x86, 0x70, 0x01, 0x00, 0x00, 0x80, 0x8E, 0x94, 0x01, 0x00, 0x00, 0x20, 0x50, 0xE8, 0x4D,
		0x2E, 0xFD, 0xFF, 0x8B, 0xBE, 0x64, 0x01, 0x00, 0x00, 0x89, 0x86, 0xA0, 0x01, 0x00, 0x00, 0x33,
		0xC9, 0x8B, 0xC7, 0xBA, 0x04, 0x00, 0x00, 0x00, 0xF7, 0xE2, 0x0F, 0x90, 0xC1, 0xF7, 0xD9, 0x0B,
		0xC8, 0x51, 0xE8, 0x29, 0x2E, 0xFD, 0xFF, 0x83, 0xC4, 0x08, 0x89, 0x86, 0xA4, 0x01, 0x00, 0x00,
		0x33, 0xFF, 0x39, 0xBE, 0x64, 0x01, 0x00, 0x00, 0x89, 0x7C, 0x24, 0x1C, 0x89, 0x7C, 0x24, 0x18,
		0x0F, 0x86, 0x23, 0x01, 0x00, 0x00, 0x33, 0xDB, 0xEB, 0x0A, 0x8D, 0x9B, 0x00, 0x00, 0x00, 0x00,
		0x8B, 0x7C, 0x24, 0x1C, 0xF6, 0x86, 0x60, 0x01, 0x00, 0x00, 0x01, 0x74, 0x6C, 0x8B, 0x56, 0x04,
		0x6A, 0x01, 0x8D, 0x44, 0x24, 0x24, 0x50, 0x6A, 0x01, 0x8D, 0x4C, 0x24, 0x23, 0x51, 0x56, 0xC7,
		0x44, 0x24, 0x34, 0x01, 0x00, 0x00, 0x00, 0xFF, 0xD2, 0x83, 0xC4, 0x14, 0x8B, 0xCE, 0xE8, 0x3D,
		0xCC, 0xFF, 0xFF, 0x84, 0xC0, 0x74, 0x30, 0x0F, 0xB6, 0x44, 0x24, 0x17, 0x8B, 0x8E, 0x98, 0x01,
		0x00, 0x00, 0x03, 0xCF, 0x50, 0x51, 0x8B, 0xCE, 0xE8, 0x93, 0xD7, 0xFF, 0xFF, 0x8B, 0x96, 0x9C,
		0x01, 0x00, 0x00, 0x8B, 0x44, 0x24, 0x18, 0x89, 0x3C, 0x82, 0x0F, 0xB6, 0x4C, 0x24, 0x17, 0x03,
		0xF9, 0x89, 0x7C, 0x24, 0x1C, 0xEB, 0x12, 0x0F, 0xB6, 0x54, 0x24, 0x17, 0x52, 0x8D, 0x44, 0x24,
		0x64, 0x50, 0x8B, 0xCE, 0xE8, 0x67, 0xD7, 0xFF, 0xFF, 0x8B, 0x8E, 0x78, 0x01, 0x00, 0x00, 0x8B,
		0x6C, 0x19, 0x08, 0x33, 0xC9, 0x8B, 0xC5, 0xBA, 0x10, 0x00, 0x00, 0x00, 0xF7, 0xE2, 0x0F, 0x90,
		0xC1, 0xF7, 0xD9, 0x0B, 0xC8, 0x51, 0xE8, 0x65, 0x2D, 0xFD, 0xFF, 0x8B, 0xF8, 0x83, 0xC4, 0x04,
		0x89, 0x7C, 0x24, 0x20, 0x85, 0xFF, 0xC6, 0x84, 0x24, 0x6C, 0x01, 0x00, 0x00, 0x03, 0x74, 0x10,
		0x68, 0x20, 0xBD, 0x42, 0x00, 0x55, 0x6A, 0x10, 0x57, 0xE8, 0xC2, 0x1E, 0xFD, 0xFF, 0xEB, 0x02,
		0x33, 0xFF, 0x8B, 0x8E, 0x78, 0x01, 0x00, 0x00, 0x8B, 0x54, 0x19, 0x08, 0x6A, 0x01, 0x8D, 0x44,
		0x24, 0x24, 0x50, 0x8B, 0x46, 0x04, 0xC1, 0xE2, 0x04, 0x52, 0x57, 0x56, 0xC6, 0x84, 0x24, 0x80,
		0x01, 0x00, 0x00, 0x01, 0xC7, 0x44, 0x24, 0x34, 0x01, 0x00, 0x00, 0x00, 0xFF, 0xD0, 0x8B, 0x44,
		0x24, 0x2C, 0x8B, 0x8E, 0x78, 0x01, 0x00, 0x00, 0x89, 0x7C, 0x19, 0x0C, 0x83, 0xC0, 0x01, 0x83,
		0xC4, 0x14, 0x83, 0xC3, 0x10, 0x3B, 0x86, 0x64, 0x01, 0x00, 0x00, 0x89, 0x44, 0x24, 0x18, 0x0F,
		0x82, 0xEB, 0xFE, 0xFF, 0xFF, 0x8B, 0x5C, 0x24, 0x24, 0x8B, 0x96, 0x60, 0x01, 0x00, 0x00, 0xD1,
		0xEA, 0x33, 0xFF, 0xF6, 0xC2, 0x01, 0x0F, 0x84, 0xE7, 0x00, 0x00, 0x00, 0x8B, 0x46, 0x30, 0x83,
		0xF8, 0xFF, 0x75, 0x06, 0x8B, 0x86, 0x48, 0x01, 0x00, 0x00, 0x8B, 0xCE, 0x89, 0x86, 0x88, 0x01,
		0x00, 0x00, 0xE8, 0x29, 0xCB, 0xFF, 0xFF, 0x84, 0xC0, 0x0F, 0x84, 0xC4, 0x00, 0x00, 0x00, 0x8B,
		0x86, 0x70, 0x01, 0x00, 0x00, 0x8B, 0x8E, 0xA0, 0x01, 0x00, 0x00, 0x50, 0x51, 0x8B, 0xCE, 0xE8,
		0x7C, 0xD6, 0xFF, 0xFF, 0x33, 0xDB, 0x39, 0x9E, 0x64, 0x01, 0x00, 0x00, 0x89, 0x5C, 0x24, 0x18,
		0x0F, 0x86, 0x99, 0x00, 0x00, 0x00, 0x33, 0xED, 0xEB, 0x06, 0x8D, 0x9B, 0x00, 0x00, 0x00, 0x00,
		0x8B, 0x96, 0x78, 0x01, 0x00, 0x00, 0x8B, 0x44, 0x2A, 0x08, 0x33, 0xC9, 0xBA, 0x04, 0x00, 0x00,
		0x00, 0xF7, 0xE2, 0x0F, 0x90, 0xC1, 0xF7, 0xD9, 0x0B, 0xC8, 0x51, 0xE8, 0x60, 0x2C, 0xFD, 0xFF,
		0x8B, 0x8E, 0xA4, 0x01, 0x00, 0x00, 0x89, 0x04, 0x99, 0x8B, 0x96, 0x78, 0x01, 0x00, 0x00, 0x33,
		0xC9, 0x83, 0xC4, 0x04, 0x39, 0x4C, 0x2A, 0x08, 0x76, 0x3F, 0x8D, 0x9B, 0x00, 0x00, 0x00, 0x00,
		0x8B, 0x86, 0xA4, 0x01, 0x00, 0x00, 0x8B, 0x14, 0x98, 0x89, 0x3C, 0x8A, 0x8B, 0x86, 0xA0, 0x01,
		0x00, 0x00, 0x03, 0xC7, 0x8D, 0x58, 0x01, 0x8A, 0x10, 0x83, 0xC0, 0x01, 0x84, 0xD2, 0x75, 0xF7,
		0x2B, 0xC3, 0x8B, 0x5C, 0x24, 0x18, 0x8D, 0x7C, 0x07, 0x01, 0x8B, 0x86, 0x78, 0x01, 0x00, 0x00,
		0x83, 0xC1, 0x01, 0x3B, 0x4C, 0x28, 0x08, 0x72, 0xC7, 0x83, 0xC3, 0x01, 0x83, 0xC5, 0x10, 0x3B,
		0x9E, 0x64, 0x01, 0x00, 0x00, 0x89, 0x5C, 0x24, 0x18, 0x0F, 0x82, 0x71, 0xFF, 0xFF, 0xFF, 0x8B,
		0x5C, 0x24, 0x24, 0xFF, 0x15, 0xD0, 0x80, 0xA2, 0x00, 0x2B, 0x44, 0x24, 0x28, 0x85, 0xC0, 0x89,
		0x44, 0x24, 0x28, 0xDB, 0x44, 0x24, 0x28, 0x7D, 0x06, 0xD8, 0x05, 0x78, 0xFC, 0xA2, 0x00, 0xDC,
		0x35, 0x70, 0xFC, 0xA2, 0x00, 0x8B, 0x8E, 0x68, 0x01, 0x00, 0x00, 0x8B, 0x96, 0x64, 0x01, 0x00,
		0x00, 0x83, 0xEC, 0x08, 0xDD, 0x1C, 0x24, 0x51, 0x52, 0x53, 0x68, 0x98, 0x60, 0xA3, 0x00, 0xE8,
		0x8C, 0x5B, 0xFD, 0xFF, 0x83, 0xC4, 0x18, 0x33, 0xED, 0x8D, 0x44, 0x24, 0x30, 0x50, 0x8D, 0x7E,
		0x3C, 0x57, 0xE8, 0xED, 0x43, 0x55, 0x00, 0x83, 0xC4, 0x08, 0x83, 0xF8, 0xFF, 0x75, 0x0E, 0x57,
		0x68, 0x68, 0x60, 0xA3, 0x00, 0xE8, 0xE6, 0x86, 0x07, 0x00, 0x83, 0xC4, 0x08, 0xF6, 0x86, 0x94,
		0x01, 0x00, 0x00, 0x08, 0x8B, 0x4C, 0x24, 0x50, 0x8B, 0x54, 0x24, 0x54, 0x89, 0x8E, 0x80, 0x01,
		0x00, 0x00, 0x89, 0x96, 0x84, 0x01, 0x00, 0x00, 0x0F, 0x85, 0xD5, 0x00, 0x00, 0x00, 0x80, 0x3D,
		0x60, 0x44, 0xB0, 0x00, 0x00, 0x74, 0x56, 0xFF, 0x15, 0xD0, 0x80, 0xA2, 0x00, 0x53, 0x68, 0x44,
		0x60, 0xA3, 0x00, 0x8B, 0xF8, 0xE8, 0x26, 0x5B, 0xFD, 0xFF, 0x83, 0xC4, 0x08, 0x8B, 0xCE, 0xE8,
		0x0C, 0xEF, 0xFF, 0xFF, 0x8B, 0xE8, 0xFF, 0x15, 0xD0, 0x80, 0xA2, 0x00, 0x2B, 0xC7, 0x85, 0xC0,
		0x89, 0x44, 0x24, 0x28, 0xDB, 0x44, 0x24, 0x28, 0x7D, 0x06, 0xD8, 0x05, 0x78, 0xFC, 0xA2, 0x00,
		0xDC, 0x35, 0x70, 0xFC, 0xA2, 0x00, 0x83, 0xEC, 0x08, 0xDD, 0x1C, 0x24, 0x53, 0x55, 0x68, 0x08,
		0x60, 0xA3, 0x00, 0xE8, 0xE8, 0x5A, 0xFD, 0xFF, 0x83, 0xC4, 0x14, 0x33, 0xED, 0x80, 0xBC, 0x24,
		0x80, 0x01, 0x00, 0x00, 0x00, 0x74, 0x6C, 0x33, 0xC0, 0x39, 0xAE, 0x64, 0x01, 0x00, 0x00, 0x89,
		0x44, 0x24, 0x1C, 0x76, 0x5E, 0xEB, 0x0B, 0xEB, 0x07, 0x8D, 0xA4, 0x24, 0x00, 0x00, 0x00, 0x00,
		0x33, 0xED, 0x83, 0xBE, 0x64, 0x01, 0x00, 0x00, 0x00, 0x76, 0x39, 0x8B, 0xD8, 0xC1, 0xE3, 0x04,
		0x33, 0xFF, 0x8B, 0x86, 0x78, 0x01, 0x00, 0x00, 0x0F, 0xB7, 0x8E, 0x74, 0x01, 0x00, 0x00, 0x8B,
		0x54, 0x18, 0x0C, 0x03, 0xC3, 0x51, 0x03, 0xD7, 0x52, 0x50, 0xE8, 0xA1, 0xF9, 0xFF, 0xFF, 0x83,
		0xC5, 0x01, 0x83, 0xC4, 0x0C, 0x83, 0xC7, 0x10, 0x3B, 0xAE, 0x64, 0x01, 0x00, 0x00, 0x72, 0xD2,
		0x8B, 0x44, 0x24, 0x1C, 0x83, 0xC0, 0x01, 0x3B, 0x86, 0x64, 0x01, 0x00, 0x00, 0x89, 0x44, 0x24,
		0x1C, 0x72, 0xAD, 0x68, 0x00, 0x28, 0x00, 0x00, 0x8B, 0xCE, 0xE8, 0x71, 0x0F, 0x00, 0x00, 0xEB,
		0x07, 0x80, 0x8E, 0x94, 0x01, 0x00, 0x00, 0x01, 0x8B, 0xC6, 0x8B, 0x8C, 0x24, 0x64, 0x01, 0x00,
		0x00, 0x64, 0x89, 0x0D, 0x00, 0x00, 0x00, 0x00, 0x59, 0x5F, 0x5E, 0x5D, 0x5B, 0x8B, 0x8C, 0x24,
		0x4C, 0x01, 0x00, 0x00, 0x33, 0xCC, 0xE8, 0x37, 0x1D, 0x55, 0x00, 0x81, 0xC4, 0x5C, 0x01, 0x00,
		0x00, 0xC2, 0x10, 0x00,
	};

	static const UInt8 kArchiveFactoryDecodeExpectedBytes[] =
	{
		0x6A, 0xFF, 0x68, 0x2E, 0xBC, 0x9A, 0x00, 0x64, 0xA1, 0x00, 0x00, 0x00, 0x00, 0x50, 0x81, 0xEC,
		0x0C, 0x01, 0x00, 0x00, 0xA1, 0xAC, 0x0A, 0xB3, 0x00, 0x33, 0xC4, 0x89, 0x84, 0x24, 0x08, 0x01,
		0x00, 0x00, 0x56, 0xA1, 0xAC, 0x0A, 0xB3, 0x00, 0x33, 0xC4, 0x50, 0x8D, 0x84, 0x24, 0x14, 0x01,
		0x00, 0x00, 0x64, 0xA3, 0x00, 0x00, 0x00, 0x00, 0x80, 0x3D, 0x28, 0x44, 0xB0, 0x00, 0x00, 0x8B,
		0x84, 0x24, 0x24, 0x01, 0x00, 0x00, 0x0F, 0x84, 0xDD, 0x00, 0x00, 0x00, 0x8B, 0x0D, 0x04, 0x3A,
		0xB3, 0x00, 0x85, 0xC9, 0x0F, 0x84, 0xCF, 0x00, 0x00, 0x00, 0x8B, 0x11, 0x6A, 0xFF, 0x6A, 0x01,
		0x8D, 0x74, 0x24, 0x14, 0x56, 0x50, 0x8B, 0x42, 0x04, 0xFF, 0xD0, 0x85, 0xC0, 0x0F, 0x84, 0xB6,
		0x00, 0x00, 0x00, 0x68, 0x80, 0x02, 0x00, 0x00, 0xE8, 0xC3, 0x29, 0xFD, 0xFF, 0x83, 0xC4, 0x04,
		0x89, 0x44, 0x24, 0x08, 0x85, 0xC0, 0xC7, 0x84, 0x24, 0x1C, 0x01, 0x00, 0x00, 0x00, 0x00, 0x00,
		0x00, 0x74, 0x1D, 0x8B, 0x8C, 0x24, 0x2C, 0x01, 0x00, 0x00, 0x51, 0x6A, 0x00, 0x68, 0x00, 0x00,
		0x04, 0x00, 0x8B, 0xD6, 0x52, 0x8B, 0xC8, 0xE8, 0x14, 0xF9, 0xFF, 0xFF, 0x8B, 0xF0, 0xEB, 0x02,
		0x33, 0xF6, 0x85, 0xF6, 0xC7, 0x84, 0x24, 0x1C, 0x01, 0x00, 0x00, 0xFF, 0xFF, 0xFF, 0xFF, 0x74,
		0x68, 0x80, 0x7E, 0x24, 0x00, 0x74, 0x58, 0xF6, 0x86, 0x94, 0x01, 0x00, 0x00, 0x01, 0x75, 0x4F,
		0x8B, 0x0D, 0xE0, 0x38, 0xB3, 0x00, 0x85, 0xC9, 0x75, 0x27, 0x6A, 0x08, 0xE8, 0x5F, 0x29, 0xFD,
		0xFF, 0x83, 0xC4, 0x04, 0x85, 0xC0, 0x74, 0x0F, 0xC7, 0x00, 0x00, 0x00, 0x00, 0x00, 0xC7, 0x40,
		0x04, 0x00, 0x00, 0x00, 0x00, 0xEB, 0x02, 0x33, 0xC0, 0x8B, 0xC8, 0x89, 0x0D, 0xE0, 0x38, 0xB3,
		0x00, 0x56, 0xE8, 0x19, 0xBC, 0x24, 0x00, 0x66, 0x8B, 0x84, 0x24, 0x28, 0x01, 0x00, 0x00, 0x66,
		0x85, 0xC0, 0x74, 0x07, 0x66, 0x89, 0x86, 0x74, 0x01, 0x00, 0x00, 0x8B, 0xC6, 0xEB, 0x0C, 0x8B,
		0x06, 0x8B, 0x10, 0x6A, 0x01, 0x8B, 0xCE, 0xFF, 0xD2, 0x33, 0xC0, 0x8B, 0x8C, 0x24, 0x14, 0x01,
		0x00, 0x00, 0x64, 0x89, 0x0D, 0x00, 0x00, 0x00, 0x00, 0x59, 0x5E, 0x8B, 0x8C, 0x24, 0x08, 0x01,
		0x00, 0x00, 0x33, 0xCC, 0xE8, 0xD9, 0x1B, 0x55, 0x00, 0x81, 0xC4, 0x18, 0x01, 0x00, 0x00, 0xC3,
	};

	static const UInt8 kArchiveReadBytesExpectedBytes[] =
	{
		0x51, 0x8B, 0x54, 0x24, 0x0C, 0x6A, 0x01, 0x8D, 0x44, 0x24, 0x04, 0x50, 0x8B, 0x44, 0x24, 0x10,
		0x52, 0x50, 0x51, 0x8B, 0x49, 0x04, 0xC7, 0x44, 0x24, 0x14, 0x01, 0x00, 0x00, 0x00, 0xFF, 0xD1,
		0x83, 0xC4, 0x18, 0xC2, 0x08, 0x00,
	};

	static const UInt8 kArchiveFilenameCleanupDecodeExpectedBytes[] =
	{
		0x56, 0x8B, 0xF1, 0xF6, 0x86, 0x94, 0x01, 0x00, 0x00, 0x04, 0x75, 0x6F, 0x8B, 0x86, 0xA0, 0x01,
		0x00, 0x00, 0x85, 0xC0, 0x74, 0x09, 0x50, 0xE8, 0x34, 0x5E, 0xFD, 0xFF, 0x83, 0xC4, 0x04, 0x83,
		0xBE, 0xA4, 0x01, 0x00, 0x00, 0x00, 0xC7, 0x86, 0xA0, 0x01, 0x00, 0x00, 0x00, 0x00, 0x00, 0x00,
		0x74, 0x49, 0x80, 0x7C, 0x24, 0x08, 0x00, 0x75, 0x42, 0x57, 0x33, 0xFF, 0x39, 0xBE, 0x64, 0x01,
		0x00, 0x00, 0x76, 0x1D, 0x8B, 0x86, 0xA4, 0x01, 0x00, 0x00, 0x8B, 0x0C, 0xB8, 0x51, 0xE8, 0xFD,
		0x5D, 0xFD, 0xFF, 0x83, 0xC7, 0x01, 0x83, 0xC4, 0x04, 0x3B, 0xBE, 0x64, 0x01, 0x00, 0x00, 0x72,
		0xE3, 0x8B, 0x96, 0xA4, 0x01, 0x00, 0x00, 0x52, 0xE8, 0xE3, 0x5D, 0xFD, 0xFF, 0x83, 0xC4, 0x04,
		0xC7, 0x86, 0xA4, 0x01, 0x00, 0x00, 0x00, 0x00, 0x00, 0x00, 0x5F, 0x80, 0xA6, 0x94, 0x01, 0x00,
		0x00, 0xDF, 0x5E, 0xC2, 0x04, 0x00,
	};

	static const UInt8 kArchiveDestructorDecodeExpectedBytes[] =
	{
		0x6A, 0xFF, 0x68, 0x88, 0xBA, 0x9A, 0x00, 0x64, 0xA1, 0x00, 0x00, 0x00, 0x00, 0x50, 0x51, 0x56,
		0xA1, 0xAC, 0x0A, 0xB3, 0x00, 0x33, 0xC4, 0x50, 0x8D, 0x44, 0x24, 0x0C, 0x64, 0xA3, 0x00, 0x00,
		0x00, 0x00, 0x8B, 0xF1, 0x89, 0x74, 0x24, 0x08, 0xC7, 0x06, 0x74, 0x5D, 0xA3, 0x00, 0xC7, 0x44,
		0x24, 0x14, 0x00, 0x00, 0x00, 0x00, 0xE8, 0xE5, 0xF5, 0xFF, 0xFF, 0x6A, 0x00, 0x8B, 0xCE, 0xE8,
		0x2C, 0xF6, 0xFF, 0xFF, 0x8B, 0xCE, 0xE8, 0xB5, 0xF6, 0xFF, 0xFF, 0x8D, 0x8E, 0x00, 0x02, 0x00,
		0x00, 0xE8, 0x5A, 0x45, 0xFD, 0xFF, 0x8B, 0xCE, 0xC7, 0x44, 0x24, 0x14, 0xFF, 0xFF, 0xFF, 0xFF,
		0xE8, 0xAB, 0x3B, 0x00, 0x00, 0x8B, 0x4C, 0x24, 0x0C, 0x64, 0x89, 0x0D, 0x00, 0x00, 0x00, 0x00,
		0x59, 0x5E, 0x83, 0xC4, 0x10, 0xC3,
	};

	static const UInt8 kArchiveDeletingDestructorDecodeExpectedBytes[] =
	{
		0x56, 0x8B, 0xF1, 0xE8, 0x58, 0xEA, 0xFF, 0xFF, 0xF6, 0x44, 0x24, 0x08, 0x01, 0x74, 0x09, 0x56,
		0xE8, 0x0B, 0x3F, 0xFD, 0xFF, 0x83, 0xC4, 0x04, 0x8B, 0xC6, 0x5E, 0xC2, 0x04, 0x00,
	};

	static const UInt8 kArchiveReadCallbackDecodeExpectedBytes[] =
	{
		0x8B, 0x54, 0x24, 0x0C, 0x8B, 0x4C, 0x24, 0x04, 0x8B, 0x01, 0x8B, 0x40, 0x38, 0x52, 0x8B, 0x54,
		0x24, 0x0C, 0x52, 0xFF, 0xD0, 0xC3,
	};

	static const UInt8 kArchiveBSFileReadDecodeExpectedBytes[] =
	{
		0x6A, 0xFF, 0x68, 0xEE, 0xBD, 0x9A, 0x00, 0x64, 0xA1, 0x00, 0x00, 0x00, 0x00, 0x50, 0x56, 0xA1,
		0xAC, 0x0A, 0xB3, 0x00, 0x33, 0xC4, 0x50, 0x8D, 0x44, 0x24, 0x08, 0x64, 0xA3, 0x00, 0x00, 0x00,
		0x00, 0x8B, 0xF1, 0xB8, 0x01, 0x00, 0x00, 0x00, 0x84, 0x05, 0x00, 0x3A, 0xB3, 0x00, 0x75, 0x2D,
		0x09, 0x05, 0x00, 0x3A, 0xB3, 0x00, 0xB9, 0x80, 0x39, 0xB3, 0x00, 0xC7, 0x44, 0x24, 0x10, 0x00,
		0x00, 0x00, 0x00, 0xE8, 0x08, 0x0D, 0xFD, 0xFF, 0x68, 0x60, 0x7B, 0xA1, 0x00, 0xE8, 0xB2, 0x1C,
		0x55, 0x00, 0x83, 0xC4, 0x04, 0xC7, 0x44, 0x24, 0x10, 0xFF, 0xFF, 0xFF, 0xFF, 0x83, 0x7E, 0x1C,
		0x00, 0x75, 0x0D, 0x8B, 0x06, 0x8B, 0x50, 0x18, 0x6A, 0x00, 0x6A, 0x00, 0x8B, 0xCE, 0xFF, 0xD2,
		0x8B, 0x44, 0x24, 0x1C, 0x8B, 0x4C, 0x24, 0x18, 0x50, 0x51, 0x8B, 0xCE, 0xE8, 0x4F, 0x7B, 0x31,
		0x00, 0x01, 0x86, 0x48, 0x01, 0x00, 0x00, 0x8B, 0x4C, 0x24, 0x08, 0x64, 0x89, 0x0D, 0x00, 0x00,
		0x00, 0x00, 0x59, 0x5E, 0x83, 0xC4, 0x0C, 0xC2, 0x08, 0x00,
	};

	static const UInt8 kArchiveNiFileReadDecodeExpectedBytes[] =
	{
		0x51, 0x56, 0x8B, 0xF1, 0x80, 0x7E, 0x24, 0x00, 0x0F, 0x84, 0xA0, 0x00, 0x00, 0x00, 0x8B, 0x46,
		0x14, 0x53, 0x8B, 0x5C, 0x24, 0x14, 0x55, 0x8B, 0x6C, 0x24, 0x14, 0x57, 0x8B, 0x7E, 0x10, 0x2B,
		0xF8, 0x3B, 0xDF, 0xC7, 0x44, 0x24, 0x10, 0x00, 0x00, 0x00, 0x00, 0x76, 0x5E, 0x85, 0xFF, 0x76,
		0x18, 0x8B, 0x4E, 0x18, 0x57, 0x03, 0xC8, 0x51, 0x55, 0xE8, 0x02, 0x94, 0x23, 0x00, 0x83, 0xC4,
		0x0C, 0x03, 0xEF, 0x2B, 0xDF, 0x89, 0x7C, 0x24, 0x10, 0x8B, 0xCE, 0xE8, 0x60, 0xFE, 0xFF, 0xFF,
		0x8B, 0x46, 0x0C, 0x3B, 0xD8, 0x8B, 0x56, 0x1C, 0x52, 0x76, 0x18, 0x53, 0x6A, 0x01, 0x55, 0xE8,
		0x61, 0x03, 0x24, 0x00, 0x83, 0xC4, 0x10, 0x03, 0x44, 0x24, 0x10, 0x5F, 0x5D, 0x5B, 0x5E, 0x59,
		0xC2, 0x08, 0x00, 0x8B, 0x4E, 0x18, 0x50, 0x6A, 0x01, 0x51, 0xE8, 0x46, 0x03, 0x24, 0x00, 0x83,
		0xC4, 0x10, 0x3B, 0xC3, 0x89, 0x46, 0x10, 0x73, 0x02, 0x8B, 0xD8, 0x8B, 0x46, 0x18, 0x03, 0x46,
		0x14, 0x53, 0x50, 0x55, 0xE8, 0xA7, 0x93, 0x23, 0x00, 0x8B, 0x4C, 0x24, 0x1C, 0x83, 0xC4, 0x0C,
		0x01, 0x5E, 0x14, 0x5F, 0x5D, 0x8D, 0x04, 0x19, 0x5B, 0x5E, 0x59, 0xC2, 0x08, 0x00, 0x33, 0xC0,
		0x5E, 0x59, 0xC2, 0x08, 0x00,
	};

	static const UInt8 kArchiveRawReadTargetExpectedBytes[] =
	{
		0x8B, 0xBE, 0x58, 0x01, 0x00, 0x00,
		0x03, 0xBE, 0x48, 0x01, 0x00, 0x00,
		0x03, 0xFB
	};

	static const UInt8 kArchiveRawReadCountClampExpectedBytes[] =
	{
		0x8B, 0x96, 0x48, 0x01, 0x00, 0x00,
		0x8B, 0x4C, 0x24, 0x14,
		0x8B, 0x86, 0x50, 0x01, 0x00, 0x00,
		0x55,
		0x8D, 0x2C, 0x0A,
		0x03, 0xEB,
		0x3B, 0xE8,
		0x5D,
		0x76, 0x06,
		0x2B, 0xC2,
		0x2B, 0xC3,
		0x8B, 0xC8
	};

	static const UInt8 kCompressedArchiveRefillExpectedBytes[] =
	{
		0x83, 0x7B, 0x04, 0x00,
		0x75, 0x1B,
		0x8B, 0xCE,
		0xE8, 0x59, 0xB5, 0x31, 0x00,
		0x8B, 0x4E, 0x0C,
		0x8B, 0x56, 0x18,
		0x6A, 0x00,
		0x51,
		0x52,
		0x8B, 0xCE,
		0xE8, 0xF8, 0xFB, 0xFF, 0xFF,
		0x89, 0x46, 0x10,
		0x83, 0x7B, 0x10, 0x00,
		0x75, 0x8F,
		0xEB, 0x25
	};

	static const UInt8 kTESFileNextRecordAdvanceExpectedBytes[] =
	{
		0x8B, 0x86, 0x40, 0x02, 0x00, 0x00,
		0x83, 0xC0, 0x14,
		0x01, 0x86, 0x5C, 0x02, 0x00, 0x00,
		0xEB, 0x07
	};

	static const UInt8 kTESFileGetNextChunkAdvanceExpectedBytes[] =
	{
		0x8B, 0x86, 0x54, 0x02, 0x00, 0x00,
		0x83, 0xC0, 0x06,
		0x01, 0x86, 0x60, 0x02, 0x00, 0x00,
		0x8B, 0x86, 0x60, 0x02, 0x00, 0x00,
		0x3B, 0xC2,
		0x72, 0x13
	};

	static const UInt8 kTESFileCompressedInputBoundsExpectedBytes[] =
	{
		0x8B, 0x86, 0x40, 0x02, 0x00, 0x00
	};
	static const UInt8 kTESFileInflatedSizeExpectedBytes[] =
	{
		0x8D, 0x54, 0x24, 0x10, 0x52
	};
	static const UInt8 kTESFileInflateInitCleanupExpectedBytes[] =
	{
		0x83, 0xC4, 0x08, 0x8B, 0xCE
	};
	static const UInt8 kTESFileInflateFailureCleanupExpectedBytes[] =
	{
		0x83, 0xC4, 0x08, 0x8B, 0xCE,
		0xE8, 0x65, 0xF4, 0xFF, 0xFF,
		0x57, 0xB9, 0x20, 0x20, 0xB0, 0x00,
		0xE8, 0x3A, 0x17, 0xFB, 0xFF
	};
	static const UInt8 kTESWorldSpaceRebuildAllocExpectedBytes[] =
	{
		0x8B, 0xD8, 0x8D, 0x04, 0xAD, 0x00, 0x00, 0x00, 0x00
	};

	static const UInt8 kTESFileLoadChunkHeaderCompressedTailExpectedBytes[] =
	{
		0x3B, 0xBE, 0x18, 0x04, 0x00, 0x00,
		0x73, 0xC6,
		0x8B, 0x0C, 0x38,
		0x03, 0xC7,
		0x89, 0x4C, 0x24, 0x10,
		0x66, 0x8B, 0x50, 0x04,
		0x66, 0x89, 0x54, 0x24, 0x14,
		0xEB, 0x04
	};

	static const UInt8 kTESFileDecompressedRecordSizeExpectedBytes[] =
	{
		0x8B, 0x2F,
		0x55,
		0xC6, 0x04, 0x3B, 0x00
	};

	static const UInt8 kTESFileDecompressedRecordAllocExpectedBytes[] =
	{
		0xE8, 0x75, 0xF7, 0xFB, 0xFF
	};

	static const UInt8 kTESFileGetChunkDataTruncatedCopyExpectedBytes[] =
	{
		0x8B, 0x8E, 0x14, 0x04, 0x00, 0x00,
		0x03, 0x4C, 0x24, 0x10,
		0x8D, 0x5F, 0xFF,
		0x53,
		0x51,
		0x55,
		0xE8, 0x45, 0x05, 0x53, 0x00,
		0x83, 0xC4, 0x0C,
		0x89, 0x9E, 0x64, 0x02, 0x00, 0x00
	};

	static const UInt8 kTESFileGetChunkDataFullCopyExpectedBytes[] =
	{
		0x8B, 0x8E, 0x54, 0x02, 0x00, 0x00,
		0x8B, 0x96, 0x14, 0x04, 0x00, 0x00,
		0x51,
		0x03, 0xD7,
		0x52,
		0x55,
		0xE8, 0xE2, 0x03, 0x53, 0x00,
		0x8B, 0x86, 0x54, 0x02, 0x00, 0x00,
		0x83, 0xC4, 0x0C,
		0x89, 0x86, 0x64, 0x02, 0x00, 0x00
	};

	static const UInt8 kTESFileJumpToRecordValidateExpectedBytes[] =
	{
		0x8B, 0x44, 0x24, 0x0C,
		0x3B, 0x86, 0x58, 0x02, 0x00, 0x00,
		0x89, 0x86, 0x5C, 0x02, 0x00, 0x00,
		0x72, 0x27,
		0x33, 0xC0,
		0x89, 0x86, 0x3C, 0x02, 0x00, 0x00,
		0x89, 0x86, 0x40, 0x02, 0x00, 0x00,
		0x89, 0x86, 0x44, 0x02, 0x00, 0x00,
		0x89, 0x86, 0x48, 0x02, 0x00, 0x00,
		0x89, 0x86, 0x4C, 0x02, 0x00, 0x00,
		0x5F,
		0x32, 0xC0,
		0x5E,
		0xC2, 0x04, 0x00
	};

	static const UInt8 kTESFileNextGroupExpectedBytes[] =
	{
		0x8B, 0x91, 0x3C, 0x02, 0x00, 0x00
	};

	static const UInt8 kTESFormCompressRecordTempAllocExpectedBytes[] =
	{
		0x55,
		0x56,
		0x8D, 0x34, 0x1B,
		0x56,
		0xE8, 0x0D, 0x6B, 0xF9, 0xFF,
		0x8B, 0xE8,
		0x8B, 0x44, 0x24, 0x14
	};

	static const UInt8 kTESFormCompressRecordDeflateErrorCleanupExpectedBytes[] =
	{
		0x55,
		0xE8, 0xF3, 0x6A, 0xF9, 0xFF
	};

	static const UInt8 kTESFormCompressRecordFinalAllocExpectedBytes[] =
	{
		0x81, 0x4F, 0x08, 0x00, 0x00, 0x04, 0x00
	};

	static const UInt8 kTESWorldSpaceLoadOFSTExpectedBytes[] =
	{
		0x8B, 0x87, 0x54, 0x02, 0x00, 0x00,
		0x3B, 0xC3,
		0x74, 0x5C,
		0xC1, 0xE8, 0x02,
		0x8B, 0xD8,
		0x8B, 0x86, 0xA8, 0x00, 0x00, 0x00,
		0x85, 0xC0,
		0x74, 0x09,
		0x50,
		0xE8, 0xB1, 0xFD, 0xF0, 0xFF,
		0x83, 0xC4, 0x04,
		0x33, 0xC9,
		0x8B, 0xC3,
		0xBA, 0x04, 0x00, 0x00, 0x00,
		0xF7, 0xE2,
		0x0F, 0x90, 0xC1,
		0xF7, 0xD9,
		0x0B, 0xC8,
		0x51,
		0xE8, 0x76, 0xFD, 0xF0, 0xFF,
		0x83, 0xC4, 0x04,
		0x6A, 0x00,
		0x50,
		0x8B, 0xCF,
		0x89, 0x86, 0xA8, 0x00, 0x00, 0x00,
		0xE8, 0x83, 0xEA, 0xF5, 0xFF,
		0x33, 0xDB,
		0xEB, 0x15
	};

	static const UInt8 kTESWorldSpaceFindCellOffsetExpectedBytes[] =
	{
		0x8B, 0x04, 0x87,
		0x85, 0xC0,
		0x74, 0x1B,
		0x8B, 0x93, 0xBC, 0x00, 0x00, 0x00,
		0x03, 0xD0,
		0x52,
		0x8B, 0xCE,
		0xE8, 0xEB, 0x1E, 0xF6, 0xFF
	};

	static const UInt8 kTESWorldSpacePostFixupOffsetWriteExpectedBytes[] =
	{
		0x8B, 0x54, 0x24, 0x20,
		0x89, 0x0C, 0x82
	};

	static const UInt8 kTESWorldSpacePostFixupOffsetCommitExpectedBytes[] =
	{
		0x89, 0x9E, 0xA8, 0x00, 0x00, 0x00
	};

	static const UInt8 kTESWorldSpacePostFixupOffsetReadExpectedBytes[] =
	{
		0x8B, 0x8E, 0xA8, 0x00, 0x00, 0x00,
		0x8B, 0x0C, 0x81,
		0x3B, 0xCF
	};

	static const UInt8 kLoadingTextureWaitExpectedBytes[] =
	{
		0x8B, 0x35, 0xD0, 0x80, 0xA2, 0x00,
		0xFF, 0xD6,
		0x85, 0xC0,
		0x89, 0x44, 0x24, 0x10,
		0xDB, 0x44, 0x24, 0x10,
		0x7D, 0x06,
		0xD8, 0x05, 0x78, 0xFC, 0xA2, 0x00,
		0xD9, 0x05, 0xAC, 0x30, 0xB0, 0x00,
		0xDC, 0x0D, 0x70, 0xFC, 0xA2, 0x00,
		0xD9, 0x7C, 0x24, 0x08,
		0x0F, 0xB7, 0x44, 0x24, 0x08,
		0xDE, 0xC1,
		0x0D, 0x00, 0x0C, 0x00, 0x00,
		0x89, 0x44, 0x24, 0x10,
		0xD9, 0x6C, 0x24, 0x10,
		0xDF, 0x7C, 0x24, 0x10,
		0x8B, 0x7C, 0x24, 0x10,
		0xD9, 0x6C, 0x24, 0x08,
		0xFF, 0xD6,
		0x3B, 0xF8,
		0x76, 0x0E,
		0x6A, 0x01,
		0xE8, 0x4E, 0xF9, 0xFF, 0xFF,
		0x83, 0xC4, 0x04,
		0x84, 0xC0,
		0x75, 0xEC
	};

	static const UInt8 kLoadGameStartTickExpectedBytes[] =
	{
		0x8B, 0x35, 0xD0, 0x80, 0xA2, 0x00,
		0xFF, 0xD6,
		0xA3, 0x08, 0x3B, 0xB3, 0x00,
		0xFF, 0xD6,
		0x8B, 0x0D, 0x08, 0x3B, 0xB3, 0x00,
		0x81, 0xC1, 0xB8, 0x0B, 0x00, 0x00,
		0x3B, 0xC1,
		0x5E,
		0x76, 0x2B
	};

	static const UInt8 kWorldspaceMessageDelayExpectedBytes[] =
	{
		0xFF, 0xD6,
		0x8D, 0xB8, 0xE8, 0x03, 0x00, 0x00,
		0xFF, 0xD6,
		0x3B, 0xC7,
		0x73, 0x1B,
		0xE8, 0x58, 0xB4, 0xFB, 0xFF,
		0xE8, 0xD3, 0xB4, 0xFB, 0xFF,
		0x8B, 0x0D, 0x98, 0x33, 0xB3, 0x00,
		0xE8, 0x78, 0xF7, 0xE4, 0xFF,
		0xFF, 0xD6,
		0x3B, 0xC7,
		0x72, 0xE5
	};

	static const UInt8 kGlobalAnimTimerLoadExpectedBytes[] =
	{
		0xE8, 0xF0, 0x20, 0x01, 0x00
	};

	static const UInt8 kBSSimpleListPushFrontAllocFailureExpectedBytes[] =
	{
		0x74, 0x1B
	};

	static const UInt8 kBSSimpleListPushFrontAllocFailureReplacementBytes[] =
	{
		0x74, 0x28
	};

	static const UInt8 kBSSimpleListInsertSortedAllocFailureExpectedBytes[] =
	{
		0x74, 0x11
	};

	static const UInt8 kBSSimpleListInsertSortedAllocFailureReplacementBytes[] =
	{
		0x74, 0x4E
	};

	static const UInt8 kEffectSettingFilteredListHeadAllocExpectedBytes[] =
	{
		0xE8, 0x47, 0xAE, 0xFE, 0xFF
	};

	static const UInt8 kEffectSettingFilteredListNodeAllocFailureExpectedBytes[] =
	{
		0x74, 0x0E
	};

	static const UInt8 kEffectSettingFilteredListNodeAllocFailureReplacementBytes[] =
	{
		0x74, 0x1C
	};

	static const UInt8 kSaveLoadCreateBufferExpectedBytes[] =
	{
		0x8B, 0x44, 0x24, 0x04,
		0x56
	};

	static const UInt8 kSaveLoadFreeBufferExpectedBytes[] =
	{
		0x8B, 0x44, 0x24, 0x04,
		0x56
	};

	static const UInt8 kSaveLoadActivateDeferredBufferExpectedBytes[] =
	{
		0x89, 0x5E, 0x14, 0x8B, 0x0D, 0x00, 0x3B, 0xB3, 0x00
	};
	static const UInt8 kSaveLoadBoundedLoadDataExpectedBytes[] =
	{
		0x56, 0x57, 0x8B, 0x7C, 0x24, 0x10
	};
	static const UInt8 kSaveLoadAnimationBufferBeginExpectedBytes[] =
	{
		0x89, 0x6F, 0x14, 0x8B, 0x0D, 0x00, 0x3B, 0xB3, 0x00
	};
	static const UInt8 kSaveLoadAnimationBufferEndExpectedBytes[] =
	{
		0x8B, 0x4C, 0x24, 0x18, 0x89, 0x4F, 0x14
	};
	static const UInt8 kSaveLoadAttachedAnimationBufferBeginExpectedBytes[] =
	{
		0x89, 0x7E, 0x14, 0x8B, 0x0D, 0x00, 0x3B, 0xB3, 0x00
	};
	static const UInt8 kSaveLoadAttachedAnimationBufferEndExpectedBytes[] =
	{
		0x89, 0x6E, 0x14, 0x5E, 0x5D
	};
	static const UInt8 kSaveLoadCharacterBufferBeginExpectedBytes[] =
	{
		0x89, 0x57, 0x14, 0x89, 0x4C, 0x24, 0x28
	};
	static const UInt8 kSaveLoadCharacterBufferEndExpectedBytes[] =
	{
		0x8B, 0x4C, 0x24, 0x28, 0x89, 0x4F, 0x14
	};
	static const UInt8 kSaveLoadHavokBufferBeginExpectedBytes[] =
	{
		0x89, 0x7E, 0x14, 0x8B, 0x0D, 0x00, 0x3B, 0xB3, 0x00
	};
	static const UInt8 kSaveLoadHavokBufferEndExpectedBytes[] =
	{
		0x89, 0x6E, 0x14, 0x5E, 0x5D
	};

	static const UInt8 kSaveLoadRawBlobMap54ExpectedBytes[] =
	{
		0x51,
		0x8B, 0x44, 0x24, 0x08
	};

	static const UInt8 kSaveLoadRawBlobMap58ExpectedBytes[] =
	{
		0x8B, 0x44, 0x24, 0x04,
		0x53
	};

	static const UInt8 kSaveLoadRawBlobMap5CExpectedBytes[] =
	{
		0x8B, 0x44, 0x24, 0x04,
		0x53
	};

	static const UInt8 kSaveLoadRawBlobMap60ExpectedBytes[] =
	{
		0x8B, 0x44, 0x24, 0x04,
		0x53
	};

	static const UInt8 kSaveLoadExpiredCellEntryAllocExpectedBytes[] =
	{
		0xE8, 0x91, 0x05, 0xFA, 0xFF
	};

	static const UInt8 kSaveLoadExpiredCellListAllocExpectedBytes[] =
	{
		0xE8, 0x63, 0x05, 0xFA, 0xFF
	};

	static const UInt8 kContainerExtraDataListNodeExpectedBytes[] =
	{
		0x3B, 0xC5,
		0x74, 0x14,
		0x8B, 0x0E
	};

	static const UInt8 kExtraDataRegionListBufferAllocExpectedBytes[] =
	{
		0xE8, 0xA8, 0xBE, 0xFD, 0xFF
	};

	static const UInt8 kExtraDataLockDataAllocExpectedBytes[] =
	{
		0x3B, 0xC6,
		0x74, 0x0C,
		0x89, 0x70, 0x04
	};

	static const UInt8 kExtraDataLockWrapperAllocExpectedBytes[] =
	{
		0x85, 0xC0,
		0xC7, 0x44, 0x24, 0x34, 0x00, 0x00, 0x00, 0x00
	};

	static const UInt8 kExtraDataMapMarkerAllocExpectedBytes[] =
	{
		0x74, 0x09,
		0x8B, 0xC8,
		0xE8, 0x2F, 0x56, 0x00, 0x00
	};

	static const UInt8 kExtraDataTeleportAllocExpectedBytes[] =
	{
		0x74, 0x09,
		0x8B, 0xC8,
		0xE8, 0xEB, 0x56, 0x00, 0x00
	};

	static const UInt8 kExtraDataRagdollAllocExpectedBytes[] =
	{
		0x74, 0x0B,
		0x8B, 0xC8,
		0xE8, 0x82, 0x46, 0x00, 0x00
	};

	static const UInt8 kExtraDataRagdollPayloadAllocExpectedBytes[] =
	{
		0x74, 0x09,
		0x8B, 0xC8,
		0xE8, 0x63, 0x15, 0x07, 0x00
	};

	static const UInt8 kExtraDataRegionListAllocExpectedBytes[] =
	{
		0x74, 0x0F,
		0x6A, 0x00,
		0x8B, 0xC8,
		0xE8, 0xA6, 0x02, 0x08, 0x00
	};

	static const UInt8 kAnimationChunkBufferAllocExpectedBytes[] =
	{
		0xE8, 0x01, 0x96, 0xF9, 0xFF
	};

	static const UInt8 kTESCreatureNIFZBufferAllocExpectedBytes[] =
	{
		0xE8, 0xE5, 0x3E, 0xF9, 0xFF
	};

	static const UInt8 kScriptEventListOptionalDataAllocExpectedBytes[] =
	{
		0x83, 0xC4, 0x04,
		0x6A, 0x08
	};

	static const UInt8 kArchiveFolderNameAllocExpectedBytes[] =
	{
		0xE8, 0x38, 0x53, 0xFD, 0xFF
	};

	static const UInt8 kBSFileWriteSwappedAllocExpectedBytes[] =
	{
		0xE8, 0x9C, 0x1B, 0xFD, 0xFF
	};

	static const UInt8 kBSFileOpenBufferAllocExpectedBytes[] =
	{
		0x83, 0xC4, 0x04,
		0x84, 0xDB
	};

	static const UInt8 kModelWildcardPathAllocExpectedBytes[] =
	{
		0xE8, 0x64, 0x04, 0xFD, 0xFF
	};

	static const UInt8 kKFListHeadAllocExpectedBytes[] =
	{
		0xE8, 0x7D, 0xC6, 0xFC, 0xFF
	};

	static const UInt8 kKFListStringAllocExpectedBytes[] =
	{
		0xE8, 0x3A, 0xC6, 0xFC, 0xFF
	};

	static const UInt8 kKFListNodeAllocExpectedBytes[] =
	{
		0x85, 0xC0,
		0x74, 0x0E,
		0x8B, 0x4D, 0x00
	};

	static const UInt8 kTESFileUpdateGroupsAllocExpectedBytes[] =
	{
		0xE8, 0x7D, 0x1B, 0xFB, 0xFF
	};

	static const UInt8 kTESFileLoadedMastersAllocExpectedBytes[] =
	{
		0xE8, 0x3C, 0x22, 0xFB, 0xFF
	};

	static const UInt8 kArchiveMasterListAllocExpectedBytes[] =
	{
		0x8B, 0x0D, 0x58, 0x44, 0xB0, 0x00
	};

	static const UInt8 kArchiveMasterListAppendExpectedBytes[] =
	{
		0x66, 0x8B, 0x0D, 0x30, 0x61, 0xA3, 0x00
	};

	static const UInt8 kArchiveSearchHandleCloseExpectedBytes[] =
	{
		0x85, 0xC0,
		0x0F, 0x84, 0x62, 0xFF, 0xFF, 0xFF
	};

	static const UInt8 kArchivePluginsFileCloseExpectedBytes[] =
	{
		0x68, 0xFC, 0x19, 0xA3, 0x00,
		0x55
	};

	static const UInt8 kArchiveMasterListNewlineExpectedBytes[] =
	{
		0x80, 0x7C, 0x28, 0xFE, 0x0A
	};

	static const UInt8 kCellChangedRefCellLoadExpectedBytes[] =
	{
		0xE8, 0x04, 0x4C, 0xFF, 0xFF,
		0x6A, 0x01,
		0x50,
		0xE8, 0x9C, 0xEC, 0x07, 0x00,
		0x8B, 0xF0,
		0x57,
		0x56,
		0xE8, 0x83, 0xAA, 0xFE, 0xFF,
		0x83, 0xC4, 0x10
	};

	static const UInt8 kCellChangedRefWorldLoadExpectedBytes[] =
	{
		0xE8, 0x0E, 0x4B, 0xFF, 0xFF,
		0x6A, 0x01,
		0x50,
		0xE8, 0xA6, 0xEB, 0x07, 0x00,
		0x8B, 0xF0,
		0x57,
		0x56,
		0xE8, 0x8D, 0xA9, 0xFE, 0xFF,
		0x83, 0xC4, 0x10
	};

	static const UInt8 kEngineBugFixesCellChangedRefHelperPrefix[] =
	{
		0x8B, 0x5D, 0x08, 0x8B, 0x45, 0x0C, 0x8B, 0x75,
		0x10, 0x8B, 0x7D, 0x14, 0x89, 0x5D, 0xAC, 0x89,
		0x45, 0xB0, 0x85, 0xDB, 0x0F, 0x84, 0x6F, 0x01,
		0x00, 0x00, 0x85, 0xC0, 0x75, 0x28, 0xB8, 0xC0,
		0x11, 0x45, 0x00, 0x8B, 0xCB, 0xFF, 0xD0, 0x6A,
		0x01, 0x50, 0xB9, 0x60, 0xB2, 0x4D, 0x00, 0xFF,
		0xD1, 0x83, 0xC4, 0x08, 0x8B, 0xF0, 0x53, 0x56,
		0xB8, 0x50, 0x70, 0x44, 0x00, 0xFF, 0xD0, 0x8B,
		0xC6, 0xE9, 0x56, 0x01, 0x00, 0x00
	};

	static const UInt8 kEngineBugFixesCellChangedRefReuseTail[] =
	{
		0x8B, 0x5D, 0xAC, 0x8B, 0x75, 0xB0, 0x53, 0x56,
		0xB8, 0x50, 0x70, 0x44, 0x00, 0xC7, 0x45, 0xE8,
		0x0F, 0x00, 0x00, 0x00, 0xC7, 0x45, 0xE4, 0x00,
		0x00, 0x00, 0x00, 0xC6, 0x45, 0xD4, 0x00, 0xFF,
		0xD0, 0x8B, 0xC6
	};

	static const UInt8 kTESSpellListCountExpectedBytes[] =
	{
		0x66, 0x83, 0x7C, 0x24, 0x24, 0x00,
		0xC7, 0x44, 0x24, 0x18, 0x00, 0x00, 0x00, 0x00,
		0x0F, 0x86, 0xEF, 0x00, 0x00, 0x00
	};

	static const UInt8 kTESSpellListNodeAllocExpectedBytes[] =
	{
		0x85, 0xC0,
		0x74, 0x18,
		0x8B, 0x17
	};

	static const UInt8 kAVCollectionCountExpectedBytes[] =
	{
		0x33, 0xFF,
		0x66, 0x39, 0x7C, 0x24, 0x0C,
		0x0F, 0x86, 0xAD, 0x00, 0x00, 0x00
	};

	static const UInt8 kMiddleHighProcessFormIDCountExpectedBytes[] =
	{
		0x33, 0xDB,
		0x66, 0x39, 0x5C, 0x24, 0x64,
		0x76, 0x72
	};

	static const UInt8 kMiddleHighProcessFormIDNodeAllocExpectedBytes[] =
	{
		0x85, 0xC0,
		0x74, 0x11,
		0x8B, 0x8E, 0xA8, 0x00, 0x00, 0x00
	};

	static const UInt8 kKnownEffectsCountExpectedBytes[] =
	{
		0x33, 0xF6,
		0x39, 0x6C, 0x24, 0x14,
		0x7E, 0x59,
		0xBF, 0x00, 0x00, 0x20, 0x00
	};

	static const UInt8 kActorRelationshipDispositionFirstLoopExpectedBytes[] =
	{
		0x33, 0xED,
		0x66, 0x39, 0x6C, 0x24, 0x10,
		0x76, 0x73,
		0x33, 0xDB,
		0x6A, 0x08,
		0xE8, 0xC8, 0xF8, 0xDF, 0xFF,
		0x83, 0xC4, 0x04,
		0x6A, 0x04,
		0x8D, 0x4C, 0x24, 0x20,
		0x51,
		0x8B, 0xCE,
		0x8B, 0xF8,
		0xE8, 0x55, 0x86, 0xE6, 0xFF,
		0x8B, 0x54, 0x24, 0x1C,
		0x6A, 0x04,
		0x57,
		0x8B, 0xCE,
		0x89, 0x57, 0x04,
		0xE8, 0x24, 0x86, 0xE6, 0xFF,
		0x39, 0x9E, 0xA4, 0x00, 0x00, 0x00,
		0x74, 0x2C,
		0x6A, 0x08,
		0xE8, 0x95, 0xF8, 0xDF, 0xFF,
		0x83, 0xC4, 0x04,
		0x3B, 0xC3,
		0x74, 0x0D,
		0x8B, 0x8E, 0xA4, 0x00, 0x00, 0x00,
		0x89, 0x08,
		0x89, 0x58, 0x04,
		0xEB, 0x02,
		0x33, 0xC0,
		0x8B, 0x96, 0xA8, 0x00, 0x00, 0x00,
		0x89, 0x50, 0x04,
		0x89, 0x86, 0xA8, 0x00, 0x00, 0x00,
		0x0F, 0xB7, 0x44, 0x24, 0x10,
		0x83, 0xC5, 0x01,
		0x3B, 0xE8,
		0x89, 0xBE, 0xA4, 0x00, 0x00, 0x00,
		0x72, 0x8F
	};

	static const UInt8 kActorRelationshipDispositionSecondLoopExpectedBytes[] =
	{
		0x33, 0xDB,
		0x66, 0x39, 0x5C, 0x24, 0x28,
		0x76, 0x78,
		0x6A, 0x08,
		0xE8, 0xE9, 0xF7, 0xDF, 0xFF,
		0x83, 0xC4, 0x04,
		0x8B, 0xF8,
		0x6A, 0x04,
		0x8D, 0x44, 0x24, 0x30,
		0x50,
		0x8B, 0xCE,
		0xE8, 0x76, 0x85, 0xE6, 0xFF,
		0x8B, 0x4C, 0x24, 0x2C,
		0x6A, 0x04,
		0x8D, 0x57, 0x04,
		0x89, 0x0F,
		0x52,
		0x8B, 0xCE,
		0xE8, 0x43, 0x85, 0xE6, 0xFF,
		0x83, 0xBE, 0x9C, 0x00, 0x00, 0x00, 0x00,
		0x74, 0x30,
		0x6A, 0x08,
		0xE8, 0xB3, 0xF7, 0xDF, 0xFF,
		0x83, 0xC4, 0x04,
		0x85, 0xC0,
		0x74, 0x11,
		0x8B, 0x8E, 0x9C, 0x00, 0x00, 0x00,
		0x89, 0x08,
		0xC7, 0x40, 0x04, 0x00, 0x00, 0x00, 0x00,
		0xEB, 0x02,
		0x33, 0xC0,
		0x8B, 0x96, 0xA0, 0x00, 0x00, 0x00,
		0x89, 0x50, 0x04,
		0x89, 0x86, 0xA0, 0x00, 0x00, 0x00,
		0x0F, 0xB7, 0x44, 0x24, 0x28,
		0x83, 0xC3, 0x01,
		0x3B, 0xD8,
		0x89, 0xBE, 0x9C, 0x00, 0x00, 0x00,
		0x72, 0x88
	};

	static const UInt8 kTESFormLoadDataFromCurrentSaveGameExpectedBytes[] =
	{
		0x8B, 0x0D, 0x00, 0x3B, 0xB3, 0x00,
		0xE9, 0x45, 0x88, 0xFE, 0xFF
	};

	static const UInt8 kTESFormLoadFormIDFromCurrentSaveGameExpectedBytes[] =
	{
		0x8B, 0x0D, 0x00, 0x3B, 0xB3, 0x00,
		0xE9, 0x55, 0x0D, 0xFF, 0xFF
	};

	static const UInt8 kGlobalAnimTimerUpdateExpectedBytes[] =
	{
		0xD9, 0x05, 0x30, 0x3A, 0xB3, 0x00,
		0x83, 0xC4, 0x08,
		0x85, 0xFF,
		0xD8, 0x44, 0x24, 0x14,
		0x51,
		0xD9, 0x1D, 0x30, 0x3A, 0xB3, 0x00,
		0xD9, 0x05, 0x30, 0x3A, 0xB3, 0x00,
		0xD9, 0x1C, 0x24,
		0x74
	};

	static const UInt8 kGlobalAnimTimerSceneUpdateExpectedBytes[] =
	{
		0xD9, 0x05, 0x30, 0x3A, 0xB3, 0x00,
		0x6A, 0x01,
		0x51,
		0x8B, 0x4E, 0x14,
		0xD9, 0x1C, 0x24,
		0xE8, 0xB4, 0x4D, 0x2C, 0x00
	};

	static const UInt8 kActorAnimClockPatchExpectedBytes[] =
	{
		0x8B, 0xCB,
		0x83, 0xE9, 0x05
	};

	static const UInt8 kActorAnimPreSamplePatchExpectedBytes[] =
	{
		0x33, 0xFF,
		0xEB, 0x06,
		0x8D, 0x9B, 0x00, 0x00, 0x00, 0x00
	};

	static const UInt8 kActorAnimRestoreClockWriteExpectedBytes[] =
	{
		0x66, 0x89, 0x6C, 0x5E, 0x3C,
		0x5F,
		0xD9, 0x9E, 0x94, 0x00, 0x00, 0x00
	};

	static const UInt8 kActorAnimClockWriteExpectedBytes[] =
	{
		0xD9, 0x86, 0x94, 0x00, 0x00, 0x00,
		0xD8, 0x45, 0x0C,
		0xD9, 0x9E, 0x94, 0x00, 0x00, 0x00
	};

	static const UInt8 kBSAnimGroupSequenceSampleUpdateExpectedBytes[] =
	{
		0x8B, 0x41, 0x44,
		0x83, 0xC0, 0xFF,
		0x83, 0xF8, 0x02,
		0x77, 0x1D,
		0xD9, 0x41, 0x48,
		0x6A, 0x01
	};

	static const UInt8 kBSAnimGroupSequenceSaveStateExpectedBytes[] =
	{
		0x56,
		0x8B, 0xF1,
		0xD9, 0x46, 0x48,
		0x8B, 0x0D, 0x00, 0x3B, 0xB3, 0x00,
		0xD8, 0x44, 0x24, 0x08
	};

	static const UInt8 kBSAnimGroupSequenceLoadStateExpectedBytes[] =
	{
		0x51,
		0x56,
		0x57,
		0x6A, 0x04,
		0x8D, 0x44, 0x24, 0x0C,
		0x8B, 0xF1,
		0x8B, 0x0D, 0x00, 0x3B, 0xB3
	};

	static const UInt8 kNiControllerSequenceUpdateExpectedBytes[] =
	{
		0x83, 0xEC, 0x0C,
		0x56,
		0x8B, 0xF1,
		0xD9, 0x46, 0x38,
		0xD9, 0x5C, 0x24, 0x08,
		0xD9, 0x46, 0x34
	};

	static const UInt8 kBinkOpenThreadHandleUseExpectedBytes[] =
	{
		0x74, 0x27,
		0x8B, 0x78, 0x10,
		0xFF, 0x15, 0x8C, 0x80, 0xA2, 0x00,
		0x3B, 0xC7,
		0x74, 0x1A,
		0x8B, 0x15, 0x98, 0x33, 0xB3, 0x00,
		0x8B, 0x42, 0x14,
		0x50,
		0x88, 0x5C, 0x24, 0x17,
		0xFF, 0x15, 0xF4, 0x80, 0xA2
	};

	static const UInt8 kBinkOpenResumeThreadUseExpectedBytes[] =
	{
		0x74, 0x0F,
		0xA1, 0x98, 0x33, 0xB3, 0x00,
		0x8B, 0x48, 0x14,
		0x51,
		0xFF, 0x15, 0xF0, 0x80, 0xA2
	};

	static const UInt8 kRendererInitFailureExpectedBytes[] =
	{
		0x83, 0xCD, 0xFF,
		0x33, 0xDB
	};

	static const UInt8 kActorGetAttackedExpectedBytes[] =
	{
		0x8B, 0x49, 0x58,
		0x8B, 0x01
	};

	static const UInt8 kActorAdjacentProcessGuardExpectedBytes[] =
	{
		0x8B, 0x49, 0x58,
		0x85, 0xC9,
		0x74, 0x0A,
		0x8B, 0x01,
		0x8B, 0x80, 0x9C, 0x03, 0x00, 0x00,
		0xFF, 0xE0
	};

	static const UInt8 kActorIsTalkingExpectedBytes[] =
	{
		0x8B, 0x48, 0x58,
		0x8B, 0x11
	};

	static const UInt8 kActorIsTalkingAdjacentGuardExpectedBytes[] =
	{
		0x83, 0x79, 0x58, 0x00,
		0x74, 0x0D,
		0x8B, 0x49, 0x58,
		0x8B, 0x01,
		0x8B, 0x90, 0x88, 0x03, 0x00, 0x00,
		0xFF, 0xE2,
		0x32, 0xC0,
		0xC3
	};

	static const UInt8 kActorGetFurnitureMarkerIDExpectedBytes[] =
	{
		0x8B, 0x4E, 0x58,
		0x8B, 0x01
	};

	static const UInt8 kActorGetLineOfSightExpectedBytes[] =
	{
		0xD9, 0x40, 0x10,
		0x83, 0xC7, 0xFB
	};

	static const UInt8 kActorGetWalkSpeedExpectedBytes[] =
	{
		0x8B, 0x4E, 0x58,
		0x8B, 0x01
	};

	static const UInt8 kActorUsingTorchExpectedBytes[] =
	{
		0x8B, 0x4E, 0x58,
		0x8B, 0x01
	};

	static const UInt8 kActorCurrentFurnitureObjectExpectedBytes[] =
	{
		0x8B, 0x4E, 0x58,
		0x8B, 0x01
	};

	static const UInt8 kActorCurrentFurnitureReferenceExpectedBytes[] =
	{
		0x8B, 0x4E, 0x58,
		0x8B, 0x01
	};

	static const UInt8 kActorIsRunningExpectedBytes[] =
	{
		0x8B, 0x4E, 0x58,
		0x8B, 0x01
	};

	static const UInt8 kCanHaveFlamesExpectedBytes[] =
	{
		0xE8, 0x49, 0x6F, 0x20, 0x00
	};

	static const UInt8 kGetAlarmedExpectedBytes[] =
	{
		0xE8, 0x42, 0xF4, 0x0E, 0x00
	};

	static const UInt8 kSpellPurchaseTileExpectedBytes[] =
	{
		0xD9, 0x05, 0x98, 0x00, 0xA4, 0x00
	};

	static const UInt8 kDropItemNullExtraListExpectedBytes[] =
	{
		0x85, 0xED,
		0x8B, 0x7C, 0x24, 0x14,
		0x74, 0x49,
		0x8B, 0xCD,
		0xE8, 0xA2, 0x22, 0xE2, 0xFF,
		0x85, 0xC0,
		0x74, 0x25,
		0x8B, 0xCD,
		0xE8, 0x97, 0x22, 0xE2, 0xFF,
		0x85, 0xC0,
		0x0F, 0x84, 0x96, 0x00, 0x00, 0x00
	};

	static const UInt8 kDropItemNullExtraListFixedBytes[] =
	{
		0x85, 0xED,
		0x8B, 0x7C, 0x24, 0x14,
		0x74, 0x14,
		0x8B, 0xCD,
		0xE8, 0xA2, 0x22, 0xE2, 0xFF,
		0x85, 0xC0,
		0x74, 0x25,
		0x8B, 0xCD,
		0xE8, 0x97, 0x22, 0xE2, 0xFF,
		0x85, 0xC0,
		0x0F, 0x84, 0x96, 0x00, 0x00, 0x00
	};

	static const UInt8 kDropItemNullExtraListReplacementBytes[] =
	{
		0x74, 0x14
	};

	static const UInt8 kEngineBugFixesActorESIProcessGuardBody[] =
	{
		0x8B, 0x4E, 0x58,
		0x85, 0xC9
	};

	static const UInt8 kEngineBugFixesActorLineOfSightGuardBody[] =
	{
		0x85, 0xC0,
		0x74, 0x0C,
		0xD9
	};

	static const UInt8 kEngineBugFixesCanHaveFlamesHelperPrefix[] =
	{
		0x55, 0x8B, 0xEC, 0x8B, 0x4D, 0x08, 0x56, 0x33,
		0xF6, 0x85, 0xC9, 0x74, 0x12, 0x8B, 0x45, 0x0C,
		0x85, 0xC0, 0x74, 0x3F, 0x50, 0xB8, 0xC0, 0xF9,
		0x6F, 0x00, 0xFF, 0xD0, 0x5E, 0x5D, 0xC3
	};

	static const UInt8 kEngineBugFixesGetAlarmedHelperPrefix[] =
	{
		0x55, 0x8B, 0xEC, 0x8B, 0x4D, 0x08, 0x85, 0xC9,
		0x74, 0x0B, 0xB8, 0x80, 0x40, 0x5E, 0x00, 0xFF,
		0xD0, 0x85, 0xC0, 0x75, 0x1E
	};

	struct OBSEInterface
	{
		UInt32 obseVersion;
		UInt32 oblivionVersion;
		UInt32 editorVersion;
		UInt32 isEditor;
		void* RegisterCommand;
		void* SetOpcodeBase;
		void* QueryInterface;
		void* GetPluginHandle;
	};

	struct PluginInfo
	{
		UInt32 infoVersion;
		const char* name;
		UInt32 version;
	};

	typedef DWORD (WINAPI* ModuleFileNameFn)(HMODULE, LPSTR, DWORD);

	static bool GetModuleSiblingPath(const char* extension, char* path, UInt32 pathSize,
		ModuleFileNameFn moduleFileName = GetModuleFileNameA)
	{
		if (!path || !pathSize)
			return false;

		path[0] = 0;
		if (!extension || !moduleFileName)
			return false;

		const DWORD length = moduleFileName(s_module, path, pathSize);
		// A return equal to capacity is a truncated filename, even when Windows
		// terminates the partial string. Never derive a log path from that prefix.
		if (!length || length >= pathSize)
		{
			path[0] = 0;
			return false;
		}
		path[length] = 0;

		const char* slash = std::strrchr(path, '\\');
		const char* forwardSlash = std::strrchr(path, '/');
		if (!slash || (forwardSlash && forwardSlash > slash))
			slash = forwardSlash;
		char* dot = std::strrchr(path, '.');
		if (dot && slash && dot < slash)
			dot = NULL;
		const size_t prefixLength = dot ? (size_t)(dot - path) : (size_t)length;
		const size_t extensionLength = std::strlen(extension);
		if (extensionLength >= pathSize - prefixLength)
		{
			path[0] = 0;
			return false;
		}
		std::memcpy(path + prefixLength, extension, extensionLength + 1);

		return true;
	}

	static void OpenLog()
	{
		if (s_log != INVALID_HANDLE_VALUE)
			return;

		char logPath[MAX_PATH] = { 0 };

		if (!GetModuleSiblingPath(".log", logPath, sizeof(logPath)))
		{
			strncpy_s(logPath, sizeof(logPath), "Modern Engine Fixes.log", _TRUNCATE);
		}

		s_log = CreateFileA(logPath, GENERIC_WRITE, FILE_SHARE_READ, NULL, CREATE_ALWAYS, FILE_ATTRIBUTE_NORMAL, NULL);
	}

	static void Log(const char* format, ...)
	{
		OpenLog();
		if (s_log == INVALID_HANDLE_VALUE)
			return;

		char buffer[1024];
		va_list args;
		va_start(args, format);
		int length = _vsnprintf_s(buffer, sizeof(buffer), _TRUNCATE, format, args);
		va_end(args);

		if (length < 0)
			length = (int)std::strlen(buffer);

		DWORD written = 0;
		WriteFile(s_log, buffer, (DWORD)length, &written, NULL);
		WriteFile(s_log, "\r\n", 2, &written, NULL);
		FlushFileBuffers(s_log);
	}

	static bool BytesMatch(UInt32 address, const UInt8* expected, UInt32 length)
	{
		const UInt8* actual = (const UInt8*)address;
		for (UInt32 i = 0; i < length; i++)
		{
			if (actual[i] != expected[i])
				return false;
		}

		return true;
	}

	static bool CanReadMemory(UInt32 address, UInt32 length)
	{
		if (!length)
			return true;

		UInt32 end = address + length;
		if (end < address)
			return false;

		UInt32 current = address;
		while (current < end)
		{
			MEMORY_BASIC_INFORMATION info = { 0 };
			if (!VirtualQuery((const void*)current, &info, sizeof(info)))
				return false;

			if (info.State != MEM_COMMIT)
				return false;

			if (info.Protect & (PAGE_NOACCESS | PAGE_GUARD))
				return false;

			UInt32 regionEnd = (UInt32)info.BaseAddress + (UInt32)info.RegionSize;
			if (regionEnd <= current)
				return false;

			current = regionEnd < end ? regionEnd : end;
		}

		return true;
	}

	static void FormatBytes(const UInt8* bytes, UInt32 length, char* buffer, UInt32 bufferSize)
	{
		if (!bufferSize)
			return;

		buffer[0] = 0;
		UInt32 used = 0;
		for (UInt32 i = 0; i < length && used + 4 < bufferSize; i++)
		{
			int written = _snprintf_s(buffer + used,
				bufferSize - used,
				_TRUNCATE,
				i + 1 < length ? "%02X " : "%02X",
				bytes[i]);

			if (written < 0)
				break;

			used += (UInt32)written;
		}
	}

	class ScopedPatchTransaction
	{
	public:
		mef::PatchTransaction transaction;
		ScopedPatchTransaction() { s_patchTransaction = &transaction; }
		~ScopedPatchTransaction() { s_patchTransaction = NULL; }
	};

	static bool WriteRelCall(UInt32 source, UInt32 destination)
	{
		UInt8 replacement[5] = { 0xE8 };
		UInt32 displacement = destination - source - 5;
		std::memcpy(replacement + 1, &displacement, sizeof(displacement));
		return s_patchTransaction && s_patchTransaction->Queue(source, replacement, sizeof(replacement));
	}

	static bool WriteNop(UInt32 address, UInt32 length)
	{
		if (!length)
			return true;

		if (length > mef::PatchTransaction::MaxBytes)
			return false;
		UInt8 replacement[mef::PatchTransaction::MaxBytes];
		std::memset(replacement, 0x90, length);
		return s_patchTransaction && s_patchTransaction->Queue(address, replacement, length);
	}

	static bool WriteRelJump(UInt32 source, UInt32 destination, UInt32 length)
	{
		if (length < 5 || length > mef::PatchTransaction::MaxBytes)
			return false;
		UInt8 replacement[mef::PatchTransaction::MaxBytes];
		std::memset(replacement, 0x90, length);
		replacement[0] = 0xE9;
		UInt32 displacement = destination - source - 5;
		std::memcpy(replacement + 1, &displacement, sizeof(displacement));
		return s_patchTransaction && s_patchTransaction->Queue(source, replacement, length);
	}

	static bool ValidateDecodeBytes(const char* name, UInt32 address, const UInt8* expected, UInt32 length)
	{
		if (BytesMatch(address, expected, length))
			return true;

		char expectedText[512];
		char actualText[512];
		FormatBytes(expected, length, expectedText, sizeof(expectedText));
		FormatBytes((const UInt8*)address, length, actualText, sizeof(actualText));

		Log("refusing to patch: unexpected %s bytes at %08X; expected [%s], actual [%s]",
			name,
			address,
			expectedText,
			actualText);
		return false;
	}

	static void ClearSaveBufferRange(UInt32 owner, UInt32 base)
	{
		for (UInt32 i = 0; i < kSaveBufferRangeTrackingCapacity; i++)
		{
			if (s_saveBufferRanges[i].owner == owner &&
				(!base || s_saveBufferRanges[i].base == base))
			{
				if (s_saveBufferRanges[i].scopeOverflowDepth)
					continue;
				if (!s_saveBufferRanges[i].scopeTop && !s_saveBufferRanges[i].scopeOverflowDepth)
					s_saveBufferRanges[i].owner = 0;
				s_saveBufferRanges[i].base = 0;
				s_saveBufferRanges[i].end = 0;
				s_saveBufferRanges[i].size = 0;
			}
		}
	}

	static SaveBufferRangeTrackingEntry* FindActiveSaveBufferRange(UInt32 owner)
	{
		if (!owner)
			return NULL;
		for (UInt32 i = 0; i < kSaveBufferRangeTrackingCapacity; i++)
			if (s_saveBufferRanges[i].owner == owner)
				return &s_saveBufferRanges[i];
		return NULL;
	}

	static SaveBufferRangeTrackingEntry* GetSaveBufferOwnerSlot(UInt32 owner)
	{
		SaveBufferRangeTrackingEntry* entry = FindActiveSaveBufferRange(owner);
		if (entry || !owner)
			return entry;
		for (UInt32 i = 0; i < kSaveBufferRangeTrackingCapacity; i++)
		{
			if (!s_saveBufferRanges[i].owner)
			{
				s_saveBufferRanges[i].owner = owner;
				return &s_saveBufferRanges[i];
			}
		}
		return NULL;
	}

	static void TrackSaveBufferRange(UInt32 owner, UInt32 base, UInt32 size)
	{
		SaveBufferRangeTrackingEntry* entry = GetSaveBufferOwnerSlot(owner);
		if (!entry)
		{
			++s_saveBufferTrackingFailures;
			return;
		}
		if (entry->scopeOverflowDepth)
			return;
		entry->base = 0;
		entry->end = 0;
		entry->size = 0;
		if (!base)
			return;

		UInt32 end = base + size;
		if (end < base)
		{
			s_saveBufferTrackingFailures++;
			Log("refusing wrapped save buffer range owner=%08X base=%08X size=%u",
				owner,
				base,
				size);
			return;
		}

		entry->base = base;
		entry->end = end;
		entry->size = size;
		++s_trackedSaveBuffers;
	}

	static UInt32 GetSaveBufferRangeRemaining(const SaveBufferRangeTrackingEntry* range, UInt32 cursor)
	{
		if (!range || !range->base || range->scopeOverflowDepth ||
			cursor < range->base || cursor > range->end)
			return 0;
		return range->end - cursor;
	}

	static void __stdcall ActivateDeferredSaveBuffer(UInt8* owner, UInt8* buffer)
	{
		// Both engine producers allocate payloadLength+4 and write this header
		// before publishing the owned buffer into the deferred form map.
		const UInt32 size = buffer ? (UInt32)*(UInt16*)buffer + 4 : 0;
		TrackSaveBufferRange((UInt32)owner, (UInt32)buffer, size);
		*(UInt32*)(owner + 0x14) = (UInt32)buffer;
	}

	static void __stdcall BeginRawSaveBufferScope(UInt8* owner, UInt8* buffer)
	{
		SaveBufferRangeTrackingEntry* entry = GetSaveBufferOwnerSlot((UInt32)owner);
		*(UInt32*)(owner + 0x14) = (UInt32)buffer;
		if (!entry)
			return;
		if (entry->scopeOverflowDepth)
		{
			++entry->scopeOverflowDepth;
			return;
		}
		for (UInt32 i = 0; i < kSaveBufferRangeTrackingCapacity; ++i)
		{
			SaveBufferScopeTrackingEntry& scope = s_saveBufferScopes[i];
			if (scope.used)
				continue;
			scope.used = true;
			scope.parent = entry->scopeTop;
			scope.base = entry->base;
			scope.end = entry->end;
			scope.size = entry->size;
			entry->scopeTop = i + 1;
			// The raw-map producer owns a UInt16 length followed by that payload.
			TrackSaveBufferRange((UInt32)owner, (UInt32)buffer,
				buffer ? (UInt32)*(UInt16*)buffer + 2 : 0);
			return;
		}
		// Keep the suspended parent intact. All guarded reads return zero until
		// the matching overflowed scopes have unwound to that parent.
		entry->scopeOverflowDepth = 1;
		++s_saveBufferTrackingFailures;
	}

	static void __stdcall EndRawSaveBufferScope(UInt8* owner, UInt32 restoredCursor)
	{
		*(UInt32*)(owner + 0x14) = restoredCursor;
		SaveBufferRangeTrackingEntry* entry = FindActiveSaveBufferRange((UInt32)owner);
		if (!entry)
			return;
		if (entry->scopeOverflowDepth)
		{
			--entry->scopeOverflowDepth;
			return;
		}
		if (!entry->scopeTop)
			return;
		SaveBufferScopeTrackingEntry& scope = s_saveBufferScopes[entry->scopeTop - 1];
		entry->base = scope.base;
		entry->end = scope.end;
		entry->size = scope.size;
		entry->scopeTop = scope.parent;
		scope.used = false;
		if (!entry->base && !entry->scopeTop)
			entry->owner = 0;
	}

	static void* __cdecl CreateTrackedSaveBuffer(UInt8* owner, UInt32 size)
	{
		void* buffer = ((FormHeapAllocFn)kFormHeapAllocAddr)(size);
		if (owner)
			*(UInt32*)(owner + 0x14) = (UInt32)buffer;

		if (buffer)
		{
			TrackSaveBufferRange((UInt32)owner, (UInt32)buffer, size);
		}
		else
		{
			ClearSaveBufferRange((UInt32)owner, 0);
			((PrintErrorFn)kPrintErrorAddr)("Could not create save buffer, out of memory.");
		}

		return buffer;
	}

	static void __cdecl FreeTrackedSaveBuffer(UInt8* owner, void* buffer)
	{
		ClearSaveBufferRange((UInt32)owner, (UInt32)buffer);
		((FormHeapFreeFn)kFormHeapFreeAddr)(buffer);
		if (owner)
			*(UInt32*)(owner + 0x14) = 0;
	}

	static UInt32 GetSaveCursor(UInt8* owner)
	{
		return owner ? *(UInt32*)(owner + 0x14) : 0;
	}

	static void SetSaveCursor(UInt8* owner, UInt32 cursor)
	{
		if (owner)
			*(UInt32*)(owner + 0x14) = cursor;
	}

	static bool GetTrackedSaveBufferRemaining(UInt8* owner, UInt32* remainingOut)
	{
		if (!owner || !remainingOut)
			return false;

		UInt32 cursor = GetSaveCursor(owner);
		SaveBufferRangeTrackingEntry* range = FindActiveSaveBufferRange((UInt32)owner);
		if (!range)
			return false;

		*remainingOut = GetSaveBufferRangeRemaining(range, cursor);
		return true;
	}

	static void* __cdecl LoadSaveDataBounded(UInt8* owner, void* destination, UInt32 requested)
	{
		const UInt32 cursor = GetSaveCursor(owner);
		SaveBufferRangeTrackingEntry* range = FindActiveSaveBufferRange((UInt32)owner);
		if (!range)
		{
			// SaveLoad_LoadData also serves unrelated callers with private buffers.
			// Preserve their vanilla contract; raw-blob and count helpers separately
			// reject unknown ranges. Engine-owned form/blob buffers activate above.
			std::memcpy(destination, (const void*)cursor, requested);
			SetSaveCursor(owner, cursor + requested);
			return destination;
		}
		const UInt32 remaining = GetSaveBufferRangeRemaining(range, cursor);
		const UInt32 copied = requested < remaining ? requested : remaining;
		if (destination)
		{
			if (copied)
				std::memcpy(destination, (const void*)cursor, copied);
			if (copied < requested)
				std::memset((UInt8*)destination + copied, 0, requested - copied);
		}
		UInt32 next = cursor + copied;
		if (cursor < range->base || cursor > range->end)
			next = range->end;
		SetSaveCursor(owner, next);
		return destination;
	}

	static bool WriteBytes(UInt32 address, const UInt8* replacement, UInt32 length)
	{
		return s_patchTransaction && s_patchTransaction->Queue(address, replacement, length);
	}

	static void DiscardRawSaveBlobPayload(UInt8* owner, UInt32 length, const char* label)
	{
		if (!owner || !length)
			return;

		UInt32 cursor = GetSaveCursor(owner);
		if (!cursor)
			return;

		UInt32 bytesToAdvance = length;
		SaveBufferRangeTrackingEntry* range = FindActiveSaveBufferRange((UInt32)owner);
		if (range)
		{
			UInt32 remaining = GetSaveBufferRangeRemaining(range, cursor);
			if (bytesToAdvance > remaining)
			{
				bytesToAdvance = remaining;
				s_clampedSaveRawBlobCopies++;
				if (s_clampedSaveRawBlobCopies <= 16)
				{
					Log("discarded truncated %s raw save blob from %u to %u bytes at cursor=%08X range=[%08X,%08X)",
						label,
						length,
						bytesToAdvance,
						cursor,
						range->base,
						range->end);
				}
			}
		}
		else
		{
			s_untrackedSaveRawBlobCopies++;
			if (s_untrackedSaveRawBlobCopies <= 16)
			{
				Log("skipping %s raw save blob without an active range; cursor unchanged owner=%08X cursor=%08X length=%u",
					label,
					(UInt32)owner,
					cursor,
					length);
			}
			return;
		}

		UInt32 next = cursor + bytesToAdvance;
		if (cursor < range->base || cursor > range->end)
			next = range->end;

		SetSaveCursor(owner, next);
	}

	static void ClampUInt16SaveCountForOwner(UInt8* owner, UInt16* count,
		UInt32 minEntryBytes, const char* label)
	{
		if (!count || !minEntryBytes)
			return;

		UInt32 remaining = 0;
		if (!GetTrackedSaveBufferRemaining(owner, &remaining))
		{
			s_untrackedSaveRawBlobCopies++;
			if (s_untrackedSaveRawBlobCopies <= 16)
			{
				Log("clearing %s save count because no active range exists owner=%08X",
					label,
					(UInt32)owner);
			}
			*count = 0;
			return;
		}

		UInt32 maxCount = remaining / minEntryBytes;
		if (*count > maxCount)
		{
			UInt32 original = *count;
			*count = (UInt16)maxCount;
			s_clampedSaveCountLoops++;
			if (s_clampedSaveCountLoops <= 16)
			{
				Log("clamped %s save count from %u to %u using remaining=%u entryBytes=%u",
					label,
					original,
					maxCount,
					remaining,
					minEntryBytes);
			}
		}
	}

	static void ClampUInt16SaveCount(UInt16* count, UInt32 minEntryBytes, const char* label)
	{
		ClampUInt16SaveCountForOwner(*(UInt8**)0x00B33B00, count, minEntryBytes, label);
	}

	static void __cdecl ClampTESSpellListSaveCount(UInt16* count)
	{
		ClampUInt16SaveCount(count, 4, "TESSpellList");
	}

	static void __cdecl ClampAVCollectionSaveCount(UInt16* count)
	{
		UInt8* owner = *(UInt8**)0x00B33B00;
		UInt32 minEntryBytes = owner && owner[0x7C] >= 0x34 ? 5 : 8;
		ClampUInt16SaveCount(count, minEntryBytes, "AVCollection");
	}

	static void __cdecl ClampMiddleHighProcessFormIDSaveCount(UInt16* count)
	{
		ClampUInt16SaveCount(count, 4, "MiddleHighProcess FormID list");
	}

	static void ClampKnownEffectsSaveCountForOwner(UInt8* owner, SInt32* count)
	{
		if (!count || *count <= 0)
			return;

		UInt32 remaining = 0;
		if (!GetTrackedSaveBufferRemaining(owner, &remaining))
		{
			s_untrackedSaveRawBlobCopies++;
			if (s_untrackedSaveRawBlobCopies <= 16)
			{
				Log("clearing KnownEffects save count because no active range exists owner=%08X",
					(UInt32)owner);
			}
			*count = 0;
			return;
		}

		UInt32 maxCount = remaining / 4;
		if ((UInt32)*count > maxCount)
		{
			SInt32 original = *count;
			*count = (SInt32)maxCount;
			s_clampedSaveCountLoops++;
			if (s_clampedSaveCountLoops <= 16)
			{
				Log("clamped KnownEffects save count from %d to %u using remaining=%u entryBytes=4",
					original,
					maxCount,
					remaining);
			}
		}
	}

	static void __cdecl ClampKnownEffectsSaveCount(SInt32* count)
	{
		ClampKnownEffectsSaveCountForOwner(*(UInt8**)0x00B33B00, count);
	}

	static void __cdecl LoadActorRelationshipDispositionLoop(
		UInt8* actor,
		UInt16* count,
		UInt32 currentEntryOffset,
		UInt32 historyEntryOffset,
		UInt32 layout)
	{
		if (!actor || !count)
			return;

		const char* label = layout == kActorRelationshipValueThenForm ?
			"Actor relationship/disposition first list" :
			"Actor relationship/disposition second list";
		ClampUInt16SaveCount(count, 8, label);

		const UInt32 entryCount = *count;
		TESFormLoadCurrentSaveGameFn loadFormID =
			(TESFormLoadCurrentSaveGameFn)kTESFormLoadFormIDFromCurrentSaveGameAddr;
		TESFormLoadCurrentSaveGameFn loadData =
			(TESFormLoadCurrentSaveGameFn)kTESFormLoadDataFromCurrentSaveGameAddr;
		FormHeapAllocFn alloc = (FormHeapAllocFn)kFormHeapAllocAddr;
		FormHeapFreeFn freeEntry = (FormHeapFreeFn)kFormHeapFreeAddr;

		UInt32* currentField = (UInt32*)(actor + currentEntryOffset);
		UInt32* historyField = (UInt32*)(actor + historyEntryOffset);

		for (UInt32 i = 0; i < entryCount; i++)
		{
			UInt32 formID = 0;
			UInt32 value = 0;
			loadFormID(actor, &formID, sizeof(formID));
			loadData(actor, &value, sizeof(value));

			UInt32 oldCurrent = *currentField;
			UInt32 oldHistory = *historyField;
			UInt32* entry = (UInt32*)alloc(8);
			if (!entry)
			{
				++s_skippedActorRelationshipDispositionEntries;
				if (s_skippedActorRelationshipDispositionEntries <= 16)
				{
					Log("skipped %s entry after allocation failure actor=%08X index=%u count=%u",
						label,
						(UInt32)actor,
						i,
						entryCount);
				}
				continue;
			}

			UInt32* history = NULL;
			if (oldCurrent)
			{
				history = (UInt32*)alloc(8);
				if (!history)
				{
					freeEntry(entry);
					++s_skippedActorRelationshipDispositionHistoryNodes;
					if (s_skippedActorRelationshipDispositionHistoryNodes <= 16)
					{
						Log("skipped %s entry after history allocation failure actor=%08X index=%u count=%u",
							label,
							(UInt32)actor,
							i,
							entryCount);
					}
					continue;
				}
			}

			if (layout == kActorRelationshipValueThenForm)
			{
				entry[0] = value;
				entry[1] = formID;
			}
			else
			{
				entry[0] = formID;
				entry[1] = value;
			}

			if (history)
			{
				history[0] = oldCurrent;
				history[1] = oldHistory;
				*historyField = (UInt32)history;
			}

			*currentField = (UInt32)entry;
		}
	}

	struct RawSaveBlobMapNode
	{
		RawSaveBlobMapNode* next;
		UInt32 key;
		void* value;
	};

	struct RawSaveBlobMap
	{
		void** vtable;
		UInt32 bucketCount;
		RawSaveBlobMapNode** buckets;
		UInt32 count;
	};

	typedef UInt32 (__thiscall* SaveBlobMapHashFn)(RawSaveBlobMap*, UInt32);
	typedef char (__thiscall* SaveBlobMapEqualFn)(RawSaveBlobMap*, UInt32, UInt32);
	typedef void (__thiscall* SaveBlobMapSetFn)(RawSaveBlobMap*, RawSaveBlobMapNode*, UInt32, void*);
	typedef void (__thiscall* SaveBlobMapClearFn)(RawSaveBlobMap*, RawSaveBlobMapNode*);
	typedef RawSaveBlobMapNode* (__thiscall* SaveBlobMapAllocateFn)(RawSaveBlobMap*);

	#include "perf_actor_maps.h"

	static bool TryStoreRawSaveBlobMap(RawSaveBlobMap* map, UInt32 key,
		bool zeroKeyWhenExisting, void* blob)
	{
		bool indexedResult;
		if (PerfTryStoreSaveMap(map, key, zeroKeyWhenExisting, blob, &indexedResult)) return indexedResult;
		if (!map || !map->vtable || !map->bucketCount || !map->buckets)
			return false;
		SaveBlobMapHashFn hash = (SaveBlobMapHashFn)map->vtable[1];
		SaveBlobMapEqualFn equal = (SaveBlobMapEqualFn)map->vtable[2];
		SaveBlobMapSetFn set = (SaveBlobMapSetFn)map->vtable[3];
		SaveBlobMapClearFn clear = (SaveBlobMapClearFn)map->vtable[4];
		SaveBlobMapAllocateFn allocate = (SaveBlobMapAllocateFn)map->vtable[5];
		UInt32 bucket = hash(map, key);
		if (bucket >= map->bucketCount)
			return false;
		RawSaveBlobMapNode* entry = map->buckets[bucket];
		while (entry && !equal(map, key, entry->key))
			entry = entry->next;
		if (entry && zeroKeyWhenExisting)
		{
			key = 0;
			bucket = hash(map, key);
			if (bucket >= map->bucketCount)
				return false;
			entry = map->buckets[bucket];
			while (entry && !equal(map, key, entry->key))
				entry = entry->next;
		}
		if (entry)
		{
			// Replay the engine's virtual cleanup/assignment policy on replacement.
			clear(map, entry);
			set(map, entry, key, blob);
			return true;
		}
		entry = allocate(map);
		if (!entry)
			return false;
		// No map mutation or ownership transfer occurs until a node exists.
		set(map, entry, key, blob);
		entry->next = map->buckets[bucket];
		map->buckets[bucket] = entry;
		++map->count;
		return true;
	}

	static int __cdecl StoreBoundedRawSaveBlob(UInt8* owner,
		UInt32 keyObject,
		UInt32 length,
		UInt32 mapOffset,
		UInt32 zeroKeyWhenExisting,
		const char* label,
		FormHeapAllocFn allocate = (FormHeapAllocFn)kFormHeapAllocAddr,
		FormHeapFreeFn release = (FormHeapFreeFn)kFormHeapFreeAddr)
	{
		if (!owner)
			return 0;

		if (!keyObject)
		{
			DiscardRawSaveBlobPayload(owner, length, label);
			return 0;
		}

		RawSaveBlobMap* map = *(RawSaveBlobMap**)(owner + mapOffset);
		if (!map)
		{
			DiscardRawSaveBlobPayload(owner, length, label);
			return 0;
		}

		UInt32 key = *(UInt32*)(keyObject + 0x0C);

		UInt32 cursor = GetSaveCursor(owner);
		UInt32 bytesToCopy = length;
		UInt32 bytesToAdvance = length;
		SaveBufferRangeTrackingEntry* range = FindActiveSaveBufferRange((UInt32)owner);
		if (range)
		{
			UInt32 remaining = GetSaveBufferRangeRemaining(range, cursor);
			if (bytesToCopy > remaining)
			{
				bytesToCopy = remaining;
				bytesToAdvance = remaining;
				s_clampedSaveRawBlobCopies++;
				if (s_clampedSaveRawBlobCopies <= 16)
				{
					Log("clamped %s raw save blob from %u to %u bytes at cursor=%08X range=[%08X,%08X)",
						label,
						length,
						bytesToCopy,
						cursor,
						range->base,
						range->end);
				}
			}
		}
		else
		{
			s_untrackedSaveRawBlobCopies++;
			if (s_untrackedSaveRawBlobCopies <= 16)
			{
				Log("skipping unsupported %s raw save blob without an active range; cursor unchanged owner=%08X cursor=%08X length=%u",
					label,
					(UInt32)owner,
					cursor,
					length);
			}
			return 0;
		}

		if (bytesToCopy && !CanReadMemory(cursor, bytesToCopy))
		{
			bytesToAdvance = GetSaveBufferRangeRemaining(range, cursor);
			bytesToCopy = 0;
			s_clampedSaveRawBlobCopies++;
			if (s_clampedSaveRawBlobCopies <= 16)
			{
				Log("zero-filled %s raw save blob because cursor is unreadable owner=%08X cursor=%08X length=%u",
					label,
					(UInt32)owner,
					cursor,
					length);
			}
		}

		// The four naked entries zero-extend a UInt16. Keep this contract explicit
		// here so helpers cannot accidentally wrap allocationSize if reused.
		if (length > 0xFFFF)
			return 0;
		UInt32 nextCursor = cursor + bytesToAdvance;
		if (cursor < range->base || cursor > range->end)
			nextCursor = range->end;
		UInt32 allocationSize = length + 2;
		UInt8* blob = (UInt8*)allocate(allocationSize);
		if (!blob)
		{
			SetSaveCursor(owner, nextCursor);
			s_failedSaveRawBlobAllocations++;
			if (s_failedSaveRawBlobAllocations <= 16)
			{
				Log("raw save blob allocation failed for %s length=%u; skipped map insert",
					label,
					length);
			}
			return 0;
		}

		*(UInt16*)blob = (UInt16)length;
		if (bytesToCopy)
			std::memcpy(blob + 2, (const void*)cursor, bytesToCopy);
		if (bytesToCopy < length)
			std::memset(blob + 2 + bytesToCopy, 0, length - bytesToCopy);

		SetSaveCursor(owner, nextCursor);
		if (!TryStoreRawSaveBlobMap(map, key, zeroKeyWhenExisting != 0, blob))
		{
			release(blob);
			++s_failedSaveRawBlobAllocations;
			if (s_failedSaveRawBlobAllocations <= 16)
				Log("raw save blob map insertion failed for %s; released unowned payload", label);
			return 0;
		}
		return 1;
	}

	static int __cdecl StoreRawSaveBlobMap54(UInt8* owner, UInt32 keyObject, UInt32 length)
	{
		return StoreBoundedRawSaveBlob(owner, keyObject, length, 0x54, 1, "SaveLoad +0x54");
	}

	static int __cdecl StoreRawSaveBlobMap58(UInt8* owner, UInt32 keyObject, UInt32 length)
	{
		return StoreBoundedRawSaveBlob(owner, keyObject, length, 0x58, 0, "SaveLoad +0x58");
	}

	static int __cdecl StoreRawSaveBlobMap5C(UInt8* owner, UInt32 keyObject, UInt32 length)
	{
		return StoreBoundedRawSaveBlob(owner, keyObject, length, 0x5C, 0, "SaveLoad +0x5C");
	}

	static int __cdecl StoreRawSaveBlobMap60(UInt8* owner, UInt32 keyObject, UInt32 length)
	{
		return StoreBoundedRawSaveBlob(owner, keyObject, length, 0x60, 0, "SaveLoad +0x60");
	}

	static __declspec(naked) void SaveLoadCreateBufferPatch()
	{
		__asm
		{
			push	dword ptr [esp + 4]
			push	ecx
			call	CreateTrackedSaveBuffer
			add		esp, 8
			ret		4
		}
	}

	static __declspec(naked) void SaveLoadFreeBufferPatch()
	{
		__asm
		{
			push	dword ptr [esp + 4]
			push	ecx
			call	FreeTrackedSaveBuffer
			add		esp, 8
			ret		4
		}
	}

	static __declspec(naked) void SaveLoadBoundedLoadDataPatch()
	{
		__asm
		{
			push dword ptr [esp + 8]
			push dword ptr [esp + 8]
			push ecx
			call LoadSaveDataBounded
			add esp, 0Ch
			ret 8
		}
	}

	static __declspec(naked) void SaveLoadActivateDeferredBufferPatch()
	{
		__asm
		{
			pushfd
			pushad
			push ebx
			push esi
			call ActivateDeferredSaveBuffer
			popad
			popfd
			mov ecx, dword ptr ds:[00B33B00h]
			push 00463876h
			ret
		}
	}

	static __declspec(naked) void SaveLoadAnimationBufferBeginPatch()
	{
		__asm
		{
			pushfd
			pushad
			push ebp
			push edi
			call BeginRawSaveBufferScope
			popad
			popfd
			mov ecx, dword ptr ds:[00B33B00h]
			push 00458F8Ch
			ret
		}
	}

	static __declspec(naked) void SaveLoadAnimationBufferEndPatch()
	{
		__asm
		{
			mov ecx, [esp + 18h]
			pushfd
			pushad
			push ecx
			push edi
			call EndRawSaveBufferScope
			popad
			popfd
			// ZF from the original test esi,esi selects the animation tail.
			push 00458FD5h
			ret
		}
	}

	static __declspec(naked) void SaveLoadAttachedAnimationBufferBeginPatch()
	{
		__asm
		{
			pushfd
			pushad
			push edi
			push esi
			call BeginRawSaveBufferScope
			popad
			popfd
			mov ecx, dword ptr ds:[00B33B00h]
			push 00459096h
			ret
		}
	}

	static __declspec(naked) void SaveLoadAttachedAnimationBufferEndPatch()
	{
		__asm
		{
			pushfd
			pushad
			push ebp
			push esi
			call EndRawSaveBufferScope
			popad
			popfd
			pop esi
			pop ebp
			push 004590D1h
			ret
		}
	}

	static __declspec(naked) void SaveLoadCharacterBufferBeginPatch()
	{
		__asm
		{
			mov [esp + 28h], ecx
			pushfd
			pushad
			push edx
			push edi
			call BeginRawSaveBufferScope
			popad
			popfd
			push 004591FAh
			ret
		}
	}

	static __declspec(naked) void SaveLoadCharacterBufferEndPatch()
	{
		__asm
		{
			mov ecx, [esp + 28h]
			pushfd
			pushad
			push ecx
			push edi
			call EndRawSaveBufferScope
			popad
			popfd
			// Other paths enter 4592C1 directly; do not overwrite that target.
			push 004592C1h
			ret
		}
	}

	static __declspec(naked) void SaveLoadHavokBufferBeginPatch()
	{
		__asm
		{
			pushfd
			pushad
			push edi
			push esi
			call BeginRawSaveBufferScope
			popad
			popfd
			mov ecx, dword ptr ds:[00B33B00h]
			push 00459386h
			ret
		}
	}

	static __declspec(naked) void SaveLoadHavokBufferEndPatch()
	{
		__asm
		{
			pushfd
			pushad
			push ebp
			push esi
			call EndRawSaveBufferScope
			popad
			popfd
			pop esi
			pop ebp
			push 004593C9h
			ret
		}
	}

	static __declspec(naked) void SaveLoadRawBlobMap54Patch()
	{
		__asm
		{
			movzx	eax, word ptr [esp + 8]
			push	eax
			push	dword ptr [esp + 8]
			push	ecx
			call	StoreRawSaveBlobMap54
			add		esp, 0Ch
			ret		8
		}
	}

	static __declspec(naked) void SaveLoadRawBlobMap58Patch()
	{
		__asm
		{
			movzx	eax, word ptr [esp + 8]
			push	eax
			push	dword ptr [esp + 8]
			push	ecx
			call	StoreRawSaveBlobMap58
			add		esp, 0Ch
			ret		8
		}
	}

	static __declspec(naked) void SaveLoadRawBlobMap5CPatch()
	{
		__asm
		{
			movzx	eax, word ptr [esp + 8]
			push	eax
			push	dword ptr [esp + 8]
			push	ecx
			call	StoreRawSaveBlobMap5C
			add		esp, 0Ch
			ret		8
		}
	}

	static __declspec(naked) void SaveLoadRawBlobMap60Patch()
	{
		__asm
		{
			movzx	eax, word ptr [esp + 8]
			push	eax
			push	dword ptr [esp + 8]
			push	ecx
			call	StoreRawSaveBlobMap60
			add		esp, 0Ch
			ret		8
		}
	}

	static __declspec(naked) void EffectSettingFilteredListHeadAllocPatch()
	{
		__asm
		{
			push	dword ptr [esp + 4]
			mov		eax, 00401F00h
			call	eax
			add		esp, 4
			test	eax, eax
			jnz		allocationSucceeded

			// The head has not been published and EDI has not yet been saved.
			// Discard the pending size, restore ESI/EBP through the clean epilogue,
			// and return a null list head through EBP.
			xor		ebp, ebp
			mov		dword ptr [esp], 004171C5h
			ret		4

		allocationSucceeded:
			ret
		}
	}

	static __declspec(naked) void SaveLoadExpiredCellEntryAllocPatch()
	{
		__asm
		{
			push	dword ptr [esp + 4]
			mov		eax, 00401F00h
			call	eax
			add		esp, 4
			test	eax, eax
			jnz		allocationSucceeded

			mov		dword ptr [esp], 00461A0Dh
			ret		4

		allocationSucceeded:
			ret
		}
	}

	static __declspec(naked) void SaveLoadExpiredCellListAllocPatch()
	{
		__asm
		{
			push	dword ptr [esp + 4]
			mov		eax, 00401F00h
			call	eax
			add		esp, 4
			test	eax, eax
			jnz		allocationSucceeded

			// At replacement-CALL entry the already allocated coordinate pair is
			// the vanilla local [ESP+2Ch], shifted by return+size to [ESP+34h].
			push	dword ptr [esp + 34h]
			mov		eax, 00401F20h
			call	eax
			add		esp, 4
			mov		dword ptr [esp], 00461A0Dh
			ret		4

		allocationSucceeded:
			ret
		}
	}

	static __declspec(naked) void ContainerExtraDataListNodeAllocPatch()
	{
		__asm
		{
			cmp		eax, ebp
			jz		allocationFailed

			mov		ecx, [esi]
			push	0049390Eh
			ret

		allocationFailed:
			push	0049392Fh
			ret
		}
	}

	static __declspec(naked) void ExtraDataRegionListBufferAllocPatch()
	{
		__asm
		{
			push	dword ptr [esp + 4]
			mov		eax, 00401F00h
			call	eax
			add		esp, 4
			test	eax, eax
			jnz		allocationSucceeded

			// The XCLR region-list object was constructed with mode 0 and is still
			// empty here, so direct FormHeapFree is its complete failure cleanup.
			push	dword ptr [esp + 44h]
			mov		eax, 00401F20h
			call	eax
			add		esp, 4
			mov		dword ptr [esp], 004260C1h
			xor		eax, eax
			ret		4

		allocationSucceeded:
			ret
		}
	}

	static __declspec(naked) void ExtraDataLockDataAllocPatch()
	{
		__asm
		{
			test	eax, eax
			jz		allocationFailed
			mov		[eax + 4], esi
			push	00425AABh
			ret

		allocationFailed:
			push	00426251h
			ret
		}
	}

	static __declspec(naked) void ExtraDataLockWrapperAllocPatch()
	{
		__asm
		{
			test	eax, eax
			jz		allocationFailed
			mov		dword ptr [esp + 34h], 0
			push	00425ACCh
			ret

		allocationFailed:
			push	esi
			mov		eax, 00401F20h
			call	eax
			add		esp, 4
			push	00426251h
			ret
		}
	}

	static __declspec(naked) void ExtraDataMapMarkerAllocPatch()
	{
		__asm
		{
			test	eax, eax
			jz		allocationFailed
			mov		ecx, eax
			mov		eax, 0042B3F0h
			call	eax
			push	00425DC1h
			ret

		allocationFailed:
			mov		dword ptr [esp + 34h], 0FFFFFFFFh
			push	00426251h
			ret
		}
	}

	static __declspec(naked) void ExtraDataTeleportAllocPatch()
	{
		__asm
		{
			test	eax, eax
			jz		allocationFailed
			mov		ecx, eax
			mov		eax, 0042B590h
			call	eax
			push	00425EA5h
			ret

		allocationFailed:
			mov		dword ptr [esp + 34h], 0FFFFFFFFh
			push	00426251h
			ret
		}
	}

	static __declspec(naked) void ExtraDataRagdollAllocPatch()
	{
		__asm
		{
			test	eax, eax
			jz		allocationFailed
			mov		ecx, eax
			mov		eax, 0042A300h
			call	eax
			push	00425C7Eh
			ret

		allocationFailed:
			mov		dword ptr [esp + 34h], 0FFFFFFFFh
			push	00426251h
			ret
		}
	}

	static __declspec(naked) void ExtraDataRagdollPayloadAllocPatch()
	{
		__asm
		{
			test	eax, eax
			jz		allocationFailed
			mov		ecx, eax
			mov		eax, 00497210h
			call	eax
			push	00425CADh
			ret

		allocationFailed:
			push	esi
			mov		eax, 00401F20h
			call	eax
			add		esp, 4
			mov		dword ptr [esp + 34h], 0FFFFFFFFh
			push	00426251h
			ret
		}
	}

	static __declspec(naked) void ExtraDataRegionListAllocPatch()
	{
		__asm
		{
			test	eax, eax
			jz		allocationFailed
			push	0
			mov		ecx, eax
			mov		eax, 004A62D0h
			call	eax
			push	0042602Ah
			ret

		allocationFailed:
			mov		dword ptr [esp + 34h], 0FFFFFFFFh
			push	00426251h
			ret
		}
	}

	static UInt8* __cdecl AllocateSentinelBuffer(UInt32 size)
	{
		if (size == 0xFFFFFFFF)
			return NULL;

		UInt8* const buffer = (UInt8*)((FormHeapAllocFn)kFormHeapAllocAddr)(size + 1);
		if (buffer)
			buffer[size] = 0;
		return buffer;
	}

	static UInt8* __cdecl AllocateDoubleSentinelBuffer(UInt32 size)
	{
		if (size >= 0xFFFFFFFE)
			return NULL;

		UInt8* const buffer = (UInt8*)((FormHeapAllocFn)kFormHeapAllocAddr)(size + 2);
		if (buffer)
		{
			buffer[size] = 0;
			buffer[size + 1] = 0;
		}
		return buffer;
	}

	static __declspec(naked) void AnimationChunkBufferAllocPatch()
	{
		__asm
		{
			push	dword ptr [esp + 4]
			call	AllocateDoubleSentinelBuffer
			add		esp, 4
			test	eax, eax
			jnz		allocationSucceeded

			mov		dword ptr [esp], 00468940h
			ret		4

		allocationSucceeded:
			ret
		}
	}

	static __declspec(naked) void TESCreatureNIFZBufferAllocPatch()
	{
		__asm
		{
			push	dword ptr [esp + 4]
			call	AllocateDoubleSentinelBuffer
			add		esp, 4
			test	eax, eax
			jnz		allocationSucceeded

			// Leave the saved EBX at the top of the creature-loader frame and
			// enter the register-restoring epilogue after its buffer-free call.
			mov		dword ptr [esp], 0046E05Eh
			ret		4

		allocationSucceeded:
			ret
		}
	}

	static __declspec(naked) void ScriptEventListOptionalDataAllocPatch()
	{
		__asm
		{
			add		esp, 4
			test	eax, eax
			jz		allocationFailed

			push	8
			mov		[edi + 10h], eax
			push	004FB91Ch
			ret

		allocationFailed:
			mov		dword ptr [edi + 10h], 0
			sub		esp, 8
			push	8
			lea		eax, [esp + 4]
			push	eax
			mov		ecx, dword ptr ds:[00B33B00h]
			mov		eax, 004534D0h
			call	eax
			add		esp, 8
			push	004FB928h
			ret
		}
	}

	#include "performance_fixes.h"
	#include "perf_archive_model.h"
	#include "perf_array_sort.h"
	#include "perf_light_lists.h"
	#include "perf_property_order.h"
	#include "perf_light_count.h"
	#include "save_read_preflight.h"
	#include "save_read_runtime.h"
	#include "perf_save_queue.h"
	#include "perf_save_exterior.h"
	#include "perf_runtime.h"


	typedef UInt32 (__thiscall* ArchiveReadBytesFn)(UInt8*, void*, UInt32);

	// The constructor is still private. Earlier folder/file metadata must already
	// be usable; this helper does not validate or repair those preceding stages.
	static bool TryBuildCachedArchiveNames(UInt8* archive,
		FormHeapAllocFn allocate = (FormHeapAllocFn)kFormHeapAllocAddr,
		FormHeapFreeFn release = (FormHeapFreeFn)kFormHeapFreeAddr,
		ArchiveReadBytesFn read = (ArchiveReadBytesFn)kArchiveReadBytesAddr)
	{
		if (!archive || *(void**)(archive + 0x1A0) || *(void**)(archive + 0x1A4) ||
			(archive[0x194] & 0x24))
			return false;
		const UInt32 folderCount = *(UInt32*)(archive + 0x164);
		const UInt32 byteCount = *(UInt32*)(archive + 0x170);
		const UInt8* folders = *(UInt8**)(archive + 0x178);
		if (folderCount > 0xFFFFFFFFu / 16 || (folderCount && !folders))
			return false;
		for (UInt32 i = 0; i < folderCount; ++i)
			if (*(const UInt32*)(folders + i * 16 + 8) > 0xFFFFFFFFu / sizeof(UInt32))
				return false;

		UInt8* buffer = NULL;
		UInt32** offsets = NULL;
		UInt32 builtFolders = 0;
		bool complete = false;
		do
		{
			if (byteCount)
			{
				buffer = (UInt8*)allocate(byteCount);
				if (!buffer || read(archive, buffer, byteCount) != byteCount)
					break;
			}
			if (folderCount)
			{
				offsets = (UInt32**)allocate(folderCount * sizeof(UInt32*));
				if (!offsets)
					break;
			}
			UInt32 cursor = 0;
			bool scanComplete = true;
			for (; builtFolders < folderCount; ++builtFolders)
			{
				const UInt32 count = *(const UInt32*)(folders + builtFolders * 16 + 8);
				// Each entry requires at least its terminator. Check before allocation.
				if (count > byteCount - cursor)
					break;
				UInt32* table = count ? (UInt32*)allocate(count * sizeof(UInt32)) : NULL;
				if (count && !table)
					break;
				offsets[builtFolders] = table;
				UInt32 entry = 0;
				for (; entry < count; ++entry)
				{
					const UInt8* terminator = (const UInt8*)std::memchr(buffer + cursor, 0, byteCount - cursor);
					if (!terminator)
						break;
					table[entry] = cursor;
					cursor = (UInt32)(terminator - buffer) + 1;
				}
				if (entry != count)
				{
					scanComplete = false;
					// Include this allocated table in the initialized cleanup prefix.
					++builtFolders;
					break;
				}
			}
			// builtFolders alone is not a success result: the final folder can fail
			// after its allocation, so validate the completed scan independently.
			if (builtFolders != folderCount || !scanComplete)
				break;
			complete = true;
		} while (false);
		if (!complete)
		{
			for (UInt32 i = 0; i < builtFolders; ++i)
				if (offsets[i]) release(offsets[i]);
			if (offsets) release(offsets);
			if (buffer) release(buffer);
			return false;
		}
		*(UInt8**)(archive + 0x1A0) = buffer;
		*(UInt32***)(archive + 0x1A4) = offsets;
		archive[0x194] |= 0x20;
		return true;
	}

	struct ArchiveRegistrationNode
	{
		UInt8* archive;
		ArchiveRegistrationNode* next;
	};
	static_assert(sizeof(ArchiveRegistrationNode) == 8, "engine list node ABI");

	static ArchiveRegistrationNode* ArchiveRegistrationTail(ArchiveRegistrationNode* node)
	{
		while (node && node->next) node = node->next;
		return node;
	}

	static bool TryRegisterArchive(UInt8* archive, ArchiveRegistrationNode** list,
		FormHeapAllocFn allocate = (FormHeapAllocFn)kFormHeapAllocAddr,
		FormHeapFreeFn release = (FormHeapFreeFn)kFormHeapFreeAddr)
	{
		if (!archive || !list) return false;
		ArchiveRegistrationNode* tail = ArchiveRegistrationTail(*list);
		if (tail && !tail->archive)
		{
			tail->archive = archive;
			return true;
		}
		ArchiveRegistrationNode* prepared = (ArchiveRegistrationNode*)allocate(sizeof(ArchiveRegistrationNode));
		// Allocation recovery can mutate the global list. Never reuse the old tail.
		tail = ArchiveRegistrationTail(*list);
		if (tail && !tail->archive)
		{
			tail->archive = archive;
			if (prepared) release(prepared);
			return true;
		}
		if (!prepared) return false;
		prepared->archive = archive;
		prepared->next = NULL;
		if (tail) tail->next = prepared;
		else *list = prepared;
		return true;
	}

	static bool __stdcall BuildCachedArchiveNames(UInt8* archive)
	{
		return TryBuildCachedArchiveNames(archive);
	}
	static bool __stdcall RegisterArchive(UInt8* archive)
	{
		return TryRegisterArchive(archive, (ArchiveRegistrationNode**)kArchiveRegistrationListAddr);
	}
	static __declspec(naked) void ArchiveCachedNamesBuildPatch()
	{
		__asm {
			pushad
			push esi
			call BuildCachedArchiveNames
			test al, al
			popad
			jz rejected
			push kArchiveCachedNamesBuildContinueSite
			ret
		rejected:
			push kArchiveCachedNamesInvalidSite
			ret
		}
	}
	static __declspec(naked) void ArchiveRegistrationPatch()
	{
		__asm {
			pushad
			push esi
			call RegisterArchive
			test al, al
			popad
			jz rejected
			push kArchiveRegistrationContinueSite
			ret
		rejected:
			push kArchiveRegistrationFailureSite
			ret
		}
	}

	static char s_emptyArchiveFolderName[] = "";

	static __declspec(naked) void ArchiveFolderNameAllocPatch()
	{
		__asm
		{
			push	dword ptr [esp + 4]
			call	AllocateSentinelBuffer
			add		esp, 4
			test	eax, eax
			jnz		allocationSucceeded

			mov		eax, offset s_emptyArchiveFolderName
			mov		dword ptr [esp], 0042CBEEh
			ret		4

		allocationSucceeded:
			ret
		}
	}

	static __declspec(naked) void BSFileWriteSwappedAllocPatch()
	{
		__asm
		{
			push	dword ptr [esp + 4]
			mov		eax, 00401F00h
			call	eax
			add		esp, 4
			test	eax, eax
			jnz		allocationSucceeded

			pop		ecx
			add		esp, 4
			pop		esi
			xor		eax, eax
			pop		edi
			ret

		allocationSucceeded:
			ret
		}
	}

	static __declspec(naked) void BSFileOpenBufferAllocPatch()
	{
		__asm
		{
			add		esp, 4
			test	eax, eax
			jz		allocationFailed

			test	bl, bl
			push	0042FF54h
			ret

		allocationFailed:
			mov		[esi + 18h], eax
			mov		byte ptr [esi + 24h], 0
			push	0042FF74h
			ret
		}
	}

	static __declspec(naked) void ModelWildcardPathAllocPatch()
	{
		__asm
		{
			mov		ecx, [esp + 4]
			cmp		ecx, edi
			jbe		allocationFailed

			push	ecx
			mov		eax, 00401F00h
			call	eax
			add		esp, 4
			test	eax, eax
			jz		allocationFailed
			ret

		allocationFailed:
			mov		dword ptr [esp], 00431AD8h
			ret		4
		}
	}

	static __declspec(naked) void KFListHeadAllocPatch()
	{
		__asm
		{
			push	dword ptr [esp + 4]
			mov		eax, 00401F00h
			call	eax
			add		esp, 4
			test	eax, eax
			jnz		allocationSucceeded

			xor		ebp, ebp
			mov		dword ptr [esp], 00435920h
			ret		4

		allocationSucceeded:
			ret
		}
	}

	static __declspec(naked) void KFListStringAllocPatch()
	{
		__asm
		{
			push	dword ptr [esp + 4]
			mov		eax, 00401F00h
			call	eax
			add		esp, 4
			test	eax, eax
			jnz		allocationSucceeded

			mov		dword ptr [esp], 00435911h
			ret		4

		allocationSucceeded:
			ret
		}
	}

	static __declspec(naked) void KFListNodeAllocPatch()
	{
		__asm
		{
			test	eax, eax
			jz		allocationFailed
			mov		ecx, [ebp]
			push	004358F8h
			ret

		allocationFailed:
			push	edi
			mov		eax, 00401F20h
			call	eax
			add		esp, 4
			push	00435911h
			ret
		}
	}

	static __declspec(naked) void TESFileUpdateGroupsAllocPatch()
	{
		__asm
		{
			push	dword ptr [esp + 4]
			mov		eax, 00401F00h
			call	eax
			add		esp, 4
			test	eax, eax
			jnz		allocationSucceeded

			mov		dword ptr [esp], 00450427h
			ret		4

		allocationSucceeded:
			ret
		}
	}

	static __declspec(naked) void TESFileLoadedMastersAllocPatch()
	{
		__asm
		{
			push	dword ptr [esp + 4]
			mov		eax, 00401F00h
			call	eax
			add		esp, 4
			test	eax, eax
			jnz		allocationSucceeded

			pop		ecx
			add		esp, 4
			pop		edi
			pop		esi
			pop		ebp
			add		esp, 4
			xor		eax, eax
			ret		8

		allocationSucceeded:
			ret
		}
	}

	static __declspec(naked) void ArchiveMasterListAllocPatch()
	{
		__asm
		{
			test	eax, eax
			jz		allocationFailed

			mov		ecx, dword ptr ds:[00B04458h]
			push	0042F73Ah
			ret

		allocationFailed:
			mov		byte ptr [esp + 13h], 0
			push	0042F9BEh
			ret
		}
	}

	static bool __cdecl AppendArchiveNameBounded(char* destination, const char* name)
	{
		if (!destination || !name)
			return false;

		UInt32 destinationLength = 0;
		while (destinationLength < 0x8000 && destination[destinationLength])
			++destinationLength;
		if (destinationLength == 0x8000)
			return false;

		UInt32 nameLength = 0;
		while (nameLength < 0x104 && name[nameLength])
			++nameLength;
		if (nameLength == 0x104)
			return false;

		if (destinationLength > 0x8000 - 3 - nameLength)
			return false;

		destination[destinationLength++] = ',';
		destination[destinationLength++] = ' ';
		for (UInt32 i = 0; i <= nameLength; ++i)
			destination[destinationLength + i] = name[i];
		return true;
	}

	static __declspec(naked) void ArchiveMasterListAppendPatch()
	{
		__asm
		{
			lea		eax, [esp + 4Ch]
			push	eax
			push	ebp
			call	AppendArchiveNameBounded
			add		esp, 8
			test	al, al
			jnz		appendComplete
			mov		byte ptr [esp + 13h], 0

		appendComplete:
			lea		eax, [esp + 28h]
			push	eax
			push	ebx
			mov		eax, 0042F90Eh
			jmp		eax
		}
	}

	static __declspec(naked) void ArchivePluginsFileClosePatch()
	{
		__asm
		{
			test	esi, esi
			jz		fileClosed
			push	esi
			mov		eax, 00982179h
			call	eax
			add		esp, 4

		fileClosed:
			push	00A319FCh
			push	ebp
			push	0042F939h
			ret
		}
	}

	static __declspec(naked) void ArchiveSearchHandleClosePatch()
	{
		__asm
		{
			test	eax, eax
			jz		haveNextEntry

			push	ebx
			call	FindClose
			push	0042F91Eh
			ret

		haveNextEntry:
			push	0042F880h
			ret
		}
	}

	static __declspec(naked) void ArchiveMasterListNewlinePatch()
	{
		__asm
		{
			cmp		eax, 2
			jb		listTooShort

			cmp		byte ptr [eax + ebp - 2], 0Ah
			push	0042F895h
			ret

		listTooShort:
			push	0042F8AFh
			ret
		}
	}

	static __declspec(naked) void CellChangedRefCellLoadPatch()
	{
		__asm
		{
			test	esi, esi
			jnz		haveForm

			mov		ecx, edi
			mov		eax, 004511C0h
			call	eax
			push	1
			push	eax
			mov		eax, 004DB260h
			call	eax
			add		esp, 8
			mov		esi, eax
			test	esi, esi
			jz		done

		haveForm:
			push	edi
			push	esi
			mov		eax, 00447050h
			call	eax
			add		esp, 8

		done:
			push	0045C5D0h
			ret
		}
	}

	static __declspec(naked) void CellChangedRefWorldLoadPatch()
	{
		__asm
		{
			test	esi, esi
			jnz		haveForm

			mov		ecx, edi
			mov		eax, 004511C0h
			call	eax
			push	1
			push	eax
			mov		eax, 004DB260h
			call	eax
			add		esp, 8
			mov		esi, eax
			test	esi, esi
			jz		done

		haveForm:
			push	edi
			push	esi
			mov		eax, 00447050h
			call	eax
			add		esp, 8

		done:
			push	0045C6C6h
			ret
		}
	}

	static __declspec(naked) void TESSpellListCountPatch()
	{
		__asm
		{
			lea		eax, [esp + 24h]
			push	eax
			call	ClampTESSpellListSaveCount
			add		esp, 4
			mov		dword ptr [esp + 18h], 0
			cmp		word ptr [esp + 24h], 0
			jbe		done
			mov		eax, 0046F9E0h
			jmp		eax

		done:
			mov		eax, 0046FACFh
			jmp		eax
		}
	}

	static __declspec(naked) void TESSpellListNodeAllocPatch()
	{
		__asm
		{
			test	eax, eax
			jz		failed
			mov		edx, [edi]
			mov		ecx, 0046FA55h
			jmp		ecx

		failed:
			inc		s_skippedTESSpellListNodeAllocations
			mov		ecx, 0046FAB7h
			jmp		ecx
		}
	}

	static __declspec(naked) void AVCollectionCountPatch()
	{
		__asm
		{
			lea		eax, [esp + 0Ch]
			push	eax
			call	ClampAVCollectionSaveCount
			add		esp, 4
			xor		edi, edi
			cmp		word ptr [esp + 0Ch], di
			jbe		done
			mov		eax, 0065CBD6h
			jmp		eax

		done:
			mov		eax, 0065CC83h
			jmp		eax
		}
	}

	static __declspec(naked) void MiddleHighProcessFormIDCountPatch()
	{
		__asm
		{
			lea		eax, [esp + 64h]
			push	eax
			call	ClampMiddleHighProcessFormIDSaveCount
			add		esp, 4
			xor		ebx, ebx
			cmp		word ptr [esp + 64h], bx
			jbe		done
			mov		eax, 00656AB0h
			jmp		eax

		done:
			mov		eax, 00656B1Fh
			jmp		eax
		}
	}

	static __declspec(naked) void MiddleHighProcessFormIDNodeAllocPatch()
	{
		__asm
		{
			test	eax, eax
			jz		failed
			mov		ecx, [esi + 0A8h]
			mov		edx, 00656AE9h
			jmp		edx

		failed:
			inc		s_skippedMiddleHighProcessFormIDNodes
			mov		edx, 00656B13h
			jmp		edx
		}
	}

	static __declspec(naked) void KnownEffectsCountPatch()
	{
		__asm
		{
			lea		eax, [esp + 14h]
			push	eax
			call	ClampKnownEffectsSaveCount
			add		esp, 4
			xor		esi, esi
			cmp		dword ptr [esp + 14h], ebp
			jle		done
			mov		edi, 00200000h
			mov		eax, 00416EC0h
			jmp		eax

		done:
			mov		eax, 00416F12h
			jmp		eax
		}
	}

	static __declspec(naked) void ActorRelationshipDispositionFirstLoopPatch()
	{
		__asm
		{
			lea		eax, [esp + 10h]
			push	0
			push	0A8h
			push	0A4h
			push	eax
			push	esi
			call	LoadActorRelationshipDispositionLoop
			add		esp, 14h
			mov		eax, 006026A2h
			jmp		eax
		}
	}

	static __declspec(naked) void ActorRelationshipDispositionSecondLoopPatch()
	{
		__asm
		{
			lea		eax, [esp + 28h]
			push	1
			push	0A0h
			push	09Ch
			push	eax
			push	esi
			call	LoadActorRelationshipDispositionLoop
			add		esp, 14h
			mov		eax, 00602788h
			jmp		eax
		}
	}

	static TexturePalettePatchState GetTexturePalettePatchState()
	{
		if (BytesMatch(kTexturePaletteUnderscorePatchSite,
				kTexturePaletteExpectedBytes,
				sizeof(kTexturePaletteExpectedBytes)))
		{
			return kTexturePalettePatchNeedsInstall;
		}

		const UInt8* site = (const UInt8*)kTexturePaletteUnderscorePatchSite;
		if (site[0] == 0xE9)
		{
			UInt32 target = kTexturePaletteUnderscorePatchSite + 5 + *(const SInt32*)(site + 1);
			if (CanReadMemory(target, sizeof(kTexturePaletteGuardThunkExpectedBytes)) &&
				BytesMatch(target,
					kTexturePaletteGuardThunkExpectedBytes,
					sizeof(kTexturePaletteGuardThunkExpectedBytes)))
			{
				Log("BSTexturePalette strrchr null-result guard already present at %08X via jump target %08X",
					kTexturePaletteUnderscorePatchSite,
					target);
				return kTexturePalettePatchAlreadyGuarded;
			}
		}

		char expectedText[128];
		char actualText[128];
		FormatBytes(kTexturePaletteExpectedBytes,
			sizeof(kTexturePaletteExpectedBytes),
			expectedText,
			sizeof(expectedText));
		FormatBytes(site,
			sizeof(kTexturePaletteExpectedBytes),
			actualText,
			sizeof(actualText));

		Log("refusing to patch: unexpected BSTexturePalette strrchr guard bytes at %08X; expected [%s], actual [%s]",
			kTexturePaletteUnderscorePatchSite,
			expectedText,
			actualText);
		return kTexturePalettePatchMismatch;
	}

	static bool GetEngineBugFixesV222ModuleBase(UInt32* moduleBaseOut);

	template <size_t CodeLength, size_t RelocationCount>
	static bool MatchesEngineBugFixesCode(UInt32 moduleBase, UInt32 rva,
		const UInt8 (&expected)[CodeLength], const UInt32 (&relocations)[RelocationCount])
	{
		if (rva > kEngineBugFixesV222SizeOfImage ||
			CodeLength > kEngineBugFixesV222SizeOfImage - rva ||
			moduleBase + rva < moduleBase ||
			!CanReadMemory(moduleBase + rva, (UInt32)CodeLength))
			return false;

		const UInt32 address = moduleBase + rva;
		UInt32 offset = 0;
		for (size_t i = 0; i < RelocationCount; ++i)
		{
			const UInt32 relocation = relocations[i];
			if (relocation < offset || relocation > CodeLength ||
				sizeof(UInt32) > CodeLength - relocation ||
				!BytesMatch(address + offset, expected + offset, relocation - offset))
				return false;

			UInt32 expectedAddress = 0;
			memcpy(&expectedAddress, expected + relocation, sizeof(expectedAddress));
			expectedAddress += moduleBase - kEngineBugFixesPreferredImageBase;
			if (*(const UInt32*)(address + relocation) != expectedAddress)
				return false;
			offset = relocation + sizeof(UInt32);
		}

		return BytesMatch(address + offset, expected + offset, (UInt32)CodeLength - offset);
	}

	static bool MatchesEngineBugFixesPointer(UInt32 moduleBase, UInt32 rva, UInt32 expected)
	{
		return rva <= kEngineBugFixesV222SizeOfImage - sizeof(UInt32) &&
			moduleBase + rva >= moduleBase &&
			CanReadMemory(moduleBase + rva, sizeof(UInt32)) &&
			*(const UInt32*)(moduleBase + rva) == expected;
	}

	static bool MatchesEngineBugFixesActorCommand(UInt32 moduleBase, UInt32 hookRVA)
	{
		switch (hookRVA)
		{
		case 0x00009B10:
			return MatchesEngineBugFixesCode(moduleBase, hookRVA,
				kEngineBugFixesActorFurnitureBytes, kEngineBugFixesActorFurnitureRelocations) &&
				MatchesEngineBugFixesPointer(moduleBase, 0x00049E78, 0x004F65F8) &&
				MatchesEngineBugFixesPointer(moduleBase, 0x00049E7C, 0x004F65DA);
		case 0x00009B40:
			return MatchesEngineBugFixesCode(moduleBase, hookRVA,
				kEngineBugFixesActorLineOfSightBytes, kEngineBugFixesActorLineOfSightRelocations) &&
				MatchesEngineBugFixesPointer(moduleBase, 0x00049E80, 0x005F2E48) &&
				MatchesEngineBugFixesPointer(moduleBase, 0x00049E84, 0x005F28DA);
		case 0x00009B70:
			return MatchesEngineBugFixesCode(moduleBase, hookRVA,
				kEngineBugFixesActorWalkSpeedBytes, kEngineBugFixesActorWalkSpeedRelocations) &&
				MatchesEngineBugFixesPointer(moduleBase, 0x00049E88, 0x005E35EE) &&
				MatchesEngineBugFixesPointer(moduleBase, 0x00049E8C, 0x005E35E6);
		case 0x00009BA0:
			return MatchesEngineBugFixesCode(moduleBase, hookRVA,
				kEngineBugFixesActorTorchBytes, kEngineBugFixesActorTorchRelocations) &&
				MatchesEngineBugFixesPointer(moduleBase, 0x00049E90, 0x004F84B9) &&
				MatchesEngineBugFixesPointer(moduleBase, 0x00049E94, 0x004F84AF);
		case 0x00009BD0:
			return MatchesEngineBugFixesCode(moduleBase, hookRVA,
				kEngineBugFixesActorFurnitureObjectBytes, kEngineBugFixesActorFurnitureObjectRelocations) &&
				MatchesEngineBugFixesPointer(moduleBase, 0x00049E98, 0x004F66E9) &&
				MatchesEngineBugFixesPointer(moduleBase, 0x00049E9C, 0x004F66C7);
		case 0x00009C00:
			return MatchesEngineBugFixesCode(moduleBase, hookRVA,
				kEngineBugFixesActorFurnitureReferenceBytes, kEngineBugFixesActorFurnitureReferenceRelocations) &&
				MatchesEngineBugFixesPointer(moduleBase, 0x00049EA0, 0x004F6679) &&
				MatchesEngineBugFixesPointer(moduleBase, 0x00049EA4, 0x004F6667);
		case 0x00009C30:
			return MatchesEngineBugFixesCode(moduleBase, hookRVA,
				kEngineBugFixesActorRunningBytes, kEngineBugFixesActorRunningRelocations) &&
				MatchesEngineBugFixesPointer(moduleBase, 0x00049EA8, 0x004F8DE4) &&
				MatchesEngineBugFixesPointer(moduleBase, 0x00049EAC, 0x004F8DDC);
		default:
			return false;
		}
	}

	static bool MatchesEngineBugFixesGlobalAnimTimer(UInt32 moduleBase, UInt32 hook)
	{
		return hook == moduleBase + kEngineBugFixesGlobalAnimTimerHookRVA &&
			MatchesEngineBugFixesCode(moduleBase, kEngineBugFixesGlobalAnimTimerHookRVA,
				kEngineBugFixesGlobalAnimTimerHookBytes, kEngineBugFixesGlobalAnimTimerHookRelocations) &&
			MatchesEngineBugFixesCode(moduleBase, kEngineBugFixesGlobalAnimTimerHelperRVA,
				kEngineBugFixesGlobalAnimTimerHelperBytes, kEngineBugFixesGlobalAnimTimerHelperRelocations) &&
			MatchesEngineBugFixesPointer(moduleBase, 0x0004AD1C, kSaveLoadLoadDataAddr) &&
			MatchesEngineBugFixesPointer(moduleBase, 0x0004AD18, kGlobalAnimTimerLoadContinueSite) &&
			MatchesEngineBugFixesPointer(moduleBase, 0x0004C94C, kGlobalAnimTimerAddr);
	}

	static bool MatchesEngineBugFixesRendererInit(UInt32 moduleBase, UInt32 hook)
	{
		return hook == moduleBase + kEngineBugFixesRendererInitHookRVA &&
			MatchesEngineBugFixesCode(moduleBase, kEngineBugFixesRendererInitHookRVA,
				kEngineBugFixesRendererInitHookBytes, kEngineBugFixesRendererInitHookRelocations) &&
			MatchesEngineBugFixesPointer(moduleBase, 0x0004B128, kRendererInitFailureReturnSite) &&
			MatchesEngineBugFixesPointer(moduleBase, 0x0004B124, kRendererInitFailureContinueSite);
	}

	static bool MatchesEngineBugFixesGetAttacked(UInt32 moduleBase, UInt32 hook)
	{
		return hook == moduleBase + kEngineBugFixesGetAttackedHookRVA &&
			MatchesEngineBugFixesCode(moduleBase, kEngineBugFixesGetAttackedHookRVA,
				kEngineBugFixesGetAttackedHookBytes, kEngineBugFixesGetAttackedHookRelocations) &&
			MatchesEngineBugFixesPointer(moduleBase, 0x00049E74, kActorGetAttackedContinueSite);
	}

	static bool MatchesEngineBugFixesIsTalking(UInt32 moduleBase, UInt32 hook)
	{
		return hook == moduleBase + kEngineBugFixesIsTalkingHookRVA &&
			MatchesEngineBugFixesCode(moduleBase, kEngineBugFixesIsTalkingHookRVA,
				kEngineBugFixesIsTalkingHookBytes, kEngineBugFixesIsTalkingHookRelocations) &&
			MatchesEngineBugFixesPointer(moduleBase, 0x00049EB4, kActorIsTalkingContinueSite) &&
			MatchesEngineBugFixesPointer(moduleBase, 0x00049EB0, kActorIsTalkingReturnSite);
	}

	static GlobalAnimTimerLoadPatchState GetGlobalAnimTimerLoadPatchState()
	{
		if (BytesMatch(kGlobalAnimTimerLoadPatchSite,
				kGlobalAnimTimerLoadExpectedBytes,
				sizeof(kGlobalAnimTimerLoadExpectedBytes)))
		{
			return kGlobalAnimTimerLoadPatchNeedsInstall;
		}

		const UInt8* site = (const UInt8*)kGlobalAnimTimerLoadPatchSite;
		if (site[0] == 0xE9)
		{
			UInt32 target = kGlobalAnimTimerLoadPatchSite + 5 + *(const SInt32*)(site + 1);
			UInt32 moduleBase = 0;
			if (GetEngineBugFixesV222ModuleBase(&moduleBase) &&
				MatchesEngineBugFixesGlobalAnimTimer(moduleBase, target))
			{
				Log("accepted EngineBugFixes v2.22 global animation timer load guard at %08X",
					kGlobalAnimTimerLoadPatchSite);
				return kGlobalAnimTimerLoadPatchAlreadyGuarded;
			}
		}

		char expectedText[128];
		char actualText[128];
		FormatBytes(kGlobalAnimTimerLoadExpectedBytes,
			sizeof(kGlobalAnimTimerLoadExpectedBytes),
			expectedText,
			sizeof(expectedText));
		FormatBytes(site,
			sizeof(kGlobalAnimTimerLoadExpectedBytes),
			actualText,
			sizeof(actualText));

		Log("refusing to patch: unexpected global animation timer load bytes at %08X; expected [%s], actual [%s]",
			kGlobalAnimTimerLoadPatchSite,
			expectedText,
			actualText);
		return kGlobalAnimTimerLoadPatchMismatch;
	}

	static bool IsExistingRendererInitFailureHook(UInt32 hook)
	{
		UInt32 moduleBase = 0;
		return GetEngineBugFixesV222ModuleBase(&moduleBase) &&
			MatchesEngineBugFixesRendererInit(moduleBase, hook);
	}

	static RendererInitFailurePatchState GetRendererInitFailurePatchState()
	{
		if (BytesMatch(kRendererInitFailurePatchSite,
				kRendererInitFailureExpectedBytes,
				sizeof(kRendererInitFailureExpectedBytes)))
		{
			return kRendererInitFailurePatchNeedsInstall;
		}

		const UInt8* site = (const UInt8*)kRendererInitFailurePatchSite;
		if (site[0] == 0xE9)
		{
			UInt32 target = kRendererInitFailurePatchSite + 5 + *(const SInt32*)(site + 1);
			if (IsExistingRendererInitFailureHook(target))
			{
				Log("renderer initialization failure guard already present at %08X via jump target %08X",
					kRendererInitFailurePatchSite,
					target);
				return kRendererInitFailurePatchAlreadyGuarded;
			}
		}

		char expectedText[128];
		char actualText[128];
		FormatBytes(kRendererInitFailureExpectedBytes,
			sizeof(kRendererInitFailureExpectedBytes),
			expectedText,
			sizeof(expectedText));
		FormatBytes(site,
			sizeof(kRendererInitFailureExpectedBytes),
			actualText,
			sizeof(actualText));

		Log("refusing to patch: unexpected renderer initialization failure guard bytes at %08X; expected [%s], actual [%s]",
			kRendererInitFailurePatchSite,
			expectedText,
			actualText);
		return kRendererInitFailurePatchMismatch;
	}

	static bool IsExistingActorGetAttackedProcessGuard(UInt32 hook)
	{
		UInt32 moduleBase = 0;
		return GetEngineBugFixesV222ModuleBase(&moduleBase) &&
			MatchesEngineBugFixesGetAttacked(moduleBase, hook);
	}

	static ActorGetAttackedPatchState GetActorGetAttackedPatchState()
	{
		if (BytesMatch(kActorGetAttackedPatchSite,
				kActorGetAttackedExpectedBytes,
				sizeof(kActorGetAttackedExpectedBytes)))
		{
			return kActorGetAttackedPatchNeedsInstall;
		}

		const UInt8* site = (const UInt8*)kActorGetAttackedPatchSite;
		if (site[0] == 0xE9)
		{
			UInt32 target = kActorGetAttackedPatchSite + 5 + *(const SInt32*)(site + 1);
			if (IsExistingActorGetAttackedProcessGuard(target))
			{
				Log("Actor::GetAttacked process null guard already present at %08X via jump target %08X",
					kActorGetAttackedPatchSite,
					target);
				return kActorGetAttackedPatchAlreadyGuarded;
			}
		}

		char expectedText[128];
		char actualText[128];
		FormatBytes(kActorGetAttackedExpectedBytes,
			sizeof(kActorGetAttackedExpectedBytes),
			expectedText,
			sizeof(expectedText));
		FormatBytes(site,
			sizeof(kActorGetAttackedExpectedBytes),
			actualText,
			sizeof(actualText));

		Log("refusing to patch: unexpected Actor::GetAttacked process guard bytes at %08X; expected [%s], actual [%s]",
			kActorGetAttackedPatchSite,
			expectedText,
			actualText);
		return kActorGetAttackedPatchMismatch;
	}

	static bool IsExistingActorIsTalkingProcessGuard(UInt32 hook)
	{
		UInt32 moduleBase = 0;
		return GetEngineBugFixesV222ModuleBase(&moduleBase) &&
			MatchesEngineBugFixesIsTalking(moduleBase, hook);
	}

	static ActorAnimPreSamplePatchState GetActorAnimPreSamplePatchState()
	{
		if (BytesMatch(kActorAnimUpdatePreSamplePatchSite,
				kActorAnimPreSamplePatchExpectedBytes,
				sizeof(kActorAnimPreSamplePatchExpectedBytes)))
		{
			return kActorAnimPreSamplePatchNeedsInstall;
		}

		const UInt8* site = (const UInt8*)kActorAnimUpdatePreSamplePatchSite;

		char expectedText[128];
		char actualText[128];
		FormatBytes(kActorAnimPreSamplePatchExpectedBytes,
			sizeof(kActorAnimPreSamplePatchExpectedBytes),
			expectedText,
			sizeof(expectedText));
		FormatBytes(site,
			sizeof(kActorAnimPreSamplePatchExpectedBytes),
			actualText,
			sizeof(actualText));

		Log("refusing to patch: unexpected ActorAnimData pre-sample loop bytes at %08X; expected [%s], actual [%s]",
			kActorAnimUpdatePreSamplePatchSite,
			expectedText,
			actualText);
		return kActorAnimPreSamplePatchMismatch;
	}

	static ActorAnimClockPatchState GetActorAnimClockPatchState()
	{
		if (BytesMatch(kActorAnimUpdateClockPatchSite,
				kActorAnimClockPatchExpectedBytes,
				sizeof(kActorAnimClockPatchExpectedBytes)))
		{
			return kActorAnimClockPatchNeedsInstall;
		}

		const UInt8* site = (const UInt8*)kActorAnimUpdateClockPatchSite;

		char expectedText[128];
		char actualText[128];
		FormatBytes(kActorAnimClockPatchExpectedBytes,
			sizeof(kActorAnimClockPatchExpectedBytes),
			expectedText,
			sizeof(expectedText));
		FormatBytes(site,
			sizeof(kActorAnimClockPatchExpectedBytes),
			actualText,
			sizeof(actualText));

		Log("refusing to patch: unexpected ActorAnimData post-clock loop bytes at %08X; expected [%s], actual [%s]",
			kActorAnimUpdateClockPatchSite,
			expectedText,
			actualText);
		return kActorAnimClockPatchMismatch;
	}

	static ActorIsTalkingPatchState GetActorIsTalkingPatchState()
	{
		if (BytesMatch(kActorIsTalkingPatchSite,
				kActorIsTalkingExpectedBytes,
				sizeof(kActorIsTalkingExpectedBytes)))
		{
			return kActorIsTalkingPatchNeedsInstall;
		}

		const UInt8* site = (const UInt8*)kActorIsTalkingPatchSite;
		if (site[0] == 0xE9)
		{
			UInt32 target = kActorIsTalkingPatchSite + 5 + *(const SInt32*)(site + 1);
			if (IsExistingActorIsTalkingProcessGuard(target))
			{
				Log("Actor::IsTalking process null guard already present at %08X via jump target %08X",
					kActorIsTalkingPatchSite,
					target);
				return kActorIsTalkingPatchAlreadyGuarded;
			}
		}

		char expectedText[128];
		char actualText[128];
		FormatBytes(kActorIsTalkingExpectedBytes,
			sizeof(kActorIsTalkingExpectedBytes),
			expectedText,
			sizeof(expectedText));
		FormatBytes(site,
			sizeof(kActorIsTalkingExpectedBytes),
			actualText,
			sizeof(actualText));

		Log("refusing to patch: unexpected Actor::IsTalking process guard bytes at %08X; expected [%s], actual [%s]",
			kActorIsTalkingPatchSite,
			expectedText,
			actualText);
		return kActorIsTalkingPatchMismatch;
	}

	static bool GetEngineBugFixesV222ModuleBase(UInt32* moduleBaseOut)
	{
		HMODULE module = GetModuleHandleA("EngineBugFixes.dll");
		if (!module)
			return false;

		const UInt32 moduleBase = (UInt32)module;
		if (!CanReadMemory(moduleBase, sizeof(IMAGE_DOS_HEADER)))
			return false;

		const IMAGE_DOS_HEADER* dos = (const IMAGE_DOS_HEADER*)moduleBase;
		if (dos->e_magic != IMAGE_DOS_SIGNATURE || dos->e_lfanew <= 0)
			return false;

		const UInt32 ntAddress = moduleBase + (UInt32)dos->e_lfanew;
		if (ntAddress < moduleBase || !CanReadMemory(ntAddress, sizeof(IMAGE_NT_HEADERS32)))
			return false;

		const IMAGE_NT_HEADERS32* nt = (const IMAGE_NT_HEADERS32*)ntAddress;
		if (nt->Signature != IMAGE_NT_SIGNATURE ||
			nt->FileHeader.Machine != IMAGE_FILE_MACHINE_I386 ||
			nt->FileHeader.TimeDateStamp != kEngineBugFixesV222TimeDateStamp ||
			nt->OptionalHeader.Magic != IMAGE_NT_OPTIONAL_HDR32_MAGIC ||
			nt->OptionalHeader.SizeOfImage != kEngineBugFixesV222SizeOfImage ||
			nt->OptionalHeader.CheckSum != kEngineBugFixesV222Checksum)
		{
			return false;
		}

		if (moduleBaseOut)
			*moduleBaseOut = moduleBase;
		return true;
	}

	static bool IsEngineBugFixesV222ActorGuard(UInt32 patchSite,
		UInt32 expectedHookRVA,
		UInt32 guardIndex,
		const UInt8* expectedGuardBody,
		UInt32 expectedGuardBodyLength)
	{
		UInt32 moduleBase = 0;
		if (!GetEngineBugFixesV222ModuleBase(&moduleBase))
			return false;

		const UInt8* site = (const UInt8*)patchSite;
		if (site[0] != 0xE9)
			return false;

		const UInt32 target = patchSite + 5 + *(const SInt32*)(site + 1);
		if (target != moduleBase + expectedHookRVA ||
			!CanReadMemory(target, 10 + expectedGuardBodyLength))
		{
			return false;
		}

		const UInt8* hook = (const UInt8*)target;
		if (hook[0] != 0xC7 || hook[1] != 0x05 ||
			*(const UInt32*)(hook + 6) != guardIndex)
		{
			return false;
		}

		const UInt32 counterAddress = *(const UInt32*)(hook + 2);
		if (counterAddress < moduleBase ||
			counterAddress >= moduleBase + kEngineBugFixesV222SizeOfImage)
		{
			return false;
		}

		return BytesMatch(target + 10, expectedGuardBody, expectedGuardBodyLength) &&
			MatchesEngineBugFixesActorCommand(moduleBase, expectedHookRVA);
	}

	static bool IsEngineBugFixesV222CommandNullGuard(UInt32 patchSite,
		UInt32 expectedHookRVA,
		UInt8 expectedSavedRegisterOpcode,
		UInt8 expectedStackCleanup,
		UInt32 expectedHelperRVA,
		UInt32 continuePointerRVA,
		UInt32 expectedContinueSite,
		const UInt8* expectedHelperPrefix,
		UInt32 expectedHelperPrefixLength)
	{
		UInt32 moduleBase = 0;
		if (!GetEngineBugFixesV222ModuleBase(&moduleBase))
			return false;

		const UInt8* site = (const UInt8*)patchSite;
		if (site[0] != 0xE9)
			return false;

		const UInt32 hookAddress = patchSite + 5 + *(const SInt32*)(site + 1);
		if (hookAddress != moduleBase + expectedHookRVA ||
			!CanReadMemory(hookAddress, 15))
		{
			return false;
		}

		const UInt8* hook = (const UInt8*)hookAddress;
		if (hook[0] != expectedSavedRegisterOpcode ||
			hook[1] != 0xE8 ||
			hookAddress + 6 + *(const SInt32*)(hook + 2) != moduleBase + expectedHelperRVA ||
			hook[6] != 0x83 || hook[7] != 0xC4 || hook[8] != expectedStackCleanup ||
			hook[9] != 0xFF || hook[10] != 0x25 ||
			*(const UInt32*)(hook + 11) != moduleBase + continuePointerRVA)
		{
			return false;
		}

		const UInt32 continuePointerAddress = moduleBase + continuePointerRVA;
		if (!CanReadMemory(continuePointerAddress, sizeof(UInt32)) ||
			*(const UInt32*)continuePointerAddress != expectedContinueSite)
		{
			return false;
		}

		const UInt32 helperAddress = moduleBase + expectedHelperRVA;
		if (!CanReadMemory(helperAddress, expectedHelperPrefixLength) ||
			!BytesMatch(helperAddress, expectedHelperPrefix, expectedHelperPrefixLength))
			return false;

		if (expectedHelperRVA == kEngineBugFixesCanHaveFlamesHelperRVA)
			return MatchesEngineBugFixesCode(moduleBase, expectedHelperRVA,
				kEngineBugFixesCanHaveFlamesHelperBytes, kEngineBugFixesCanHaveFlamesHelperRelocations);
		if (expectedHelperRVA == kEngineBugFixesGetAlarmedHelperRVA)
			return MatchesEngineBugFixesCode(moduleBase, expectedHelperRVA,
				kEngineBugFixesGetAlarmedHelperBytes, kEngineBugFixesGetAlarmedHelperRelocations);
		return false;
	}

	static bool IsEngineBugFixesV222CanHaveFlamesGuard()
	{
		return IsEngineBugFixesV222CommandNullGuard(kCanHaveFlamesPatchSite,
			kEngineBugFixesCanHaveFlamesHookRVA,
			0x50,
			0x08,
			kEngineBugFixesCanHaveFlamesHelperRVA,
			kEngineBugFixesCanHaveFlamesContinuePointerRVA,
			kCanHaveFlamesPatchSite + sizeof(kCanHaveFlamesExpectedBytes),
			kEngineBugFixesCanHaveFlamesHelperPrefix,
			sizeof(kEngineBugFixesCanHaveFlamesHelperPrefix));
	}

	static bool IsEngineBugFixesV222GetAlarmedGuard()
	{
		UInt32 moduleBase = 0;
		if (!GetEngineBugFixesV222ModuleBase(&moduleBase) ||
			!IsEngineBugFixesV222CommandNullGuard(kGetAlarmedPatchSite,
				kEngineBugFixesGetAlarmedHookRVA,
				0x51,
				0x04,
				kEngineBugFixesGetAlarmedHelperRVA,
				kEngineBugFixesGetAlarmedContinuePointerRVA,
				kGetAlarmedPatchSite + sizeof(kGetAlarmedExpectedBytes),
				kEngineBugFixesGetAlarmedHelperPrefix,
				sizeof(kEngineBugFixesGetAlarmedHelperPrefix)))
		{
			return false;
		}

		const UInt32 helperAddress = moduleBase + kEngineBugFixesGetAlarmedHelperRVA;
		const UInt32 emptyStringAddress = moduleBase + kEngineBugFixesEmptyStringRVA;
		return CanReadMemory(helperAddress + 0x1D, 5) &&
			((const UInt8*)helperAddress)[0x1D] == 0xBE &&
			*(const UInt32*)(helperAddress + 0x1E) == emptyStringAddress &&
			CanReadMemory(emptyStringAddress, 1) &&
			*(const char*)emptyStringAddress == 0;
	}

	static bool IsEngineBugFixesV222SpellPurchaseGuard()
	{
		UInt32 moduleBase = 0;
		if (!GetEngineBugFixesV222ModuleBase(&moduleBase))
			return false;

		const UInt8* site = (const UInt8*)kSpellPurchaseTilePatchSite;
		if (site[0] != 0xE9 || site[5] != 0x90)
			return false;

		const UInt32 hookAddress = kSpellPurchaseTilePatchSite + 5 + *(const SInt32*)(site + 1);
		if (hookAddress != moduleBase + kEngineBugFixesSpellPurchaseHookRVA ||
			!CanReadMemory(hookAddress, 31))
		{
			return false;
		}

		const UInt8* hook = (const UInt8*)hookAddress;
		if (hook[0] != 0x8B || hook[1] != 0x4C || hook[2] != 0x24 || hook[3] != 0x0C ||
			hook[4] != 0x85 || hook[5] != 0xC9 || hook[6] != 0x74 || hook[7] != 0x0C ||
			hook[8] != 0xD9 || hook[9] != 0x05 ||
			*(const UInt32*)(hook + 10) != moduleBase + kEngineBugFixesSpellPurchaseFloatRVA ||
			hook[14] != 0xFF || hook[15] != 0x25 ||
			*(const UInt32*)(hook + 16) != moduleBase + kEngineBugFixesSpellPurchaseContinuePointerRVA ||
			hook[20] != 0xE8 ||
			hookAddress + 25 + *(const SInt32*)(hook + 21) != moduleBase + kEngineBugFixesSpellPurchaseLogHelperRVA ||
			hook[25] != 0xFF || hook[26] != 0x25 ||
			*(const UInt32*)(hook + 27) != moduleBase + kEngineBugFixesSpellPurchaseNullContinuePointerRVA)
		{
			return false;
		}

		const UInt32 continuePointer = moduleBase + kEngineBugFixesSpellPurchaseContinuePointerRVA;
		const UInt32 nullContinuePointer = moduleBase + kEngineBugFixesSpellPurchaseNullContinuePointerRVA;
		return CanReadMemory(continuePointer, sizeof(UInt32)) &&
			CanReadMemory(nullContinuePointer, sizeof(UInt32)) &&
			*(const UInt32*)continuePointer == kSpellPurchaseTileContinueSite &&
			*(const UInt32*)nullContinuePointer == kSpellPurchaseTileNullSite;
	}

	static bool IsEngineBugFixesV222DropItemFix()
	{
		UInt32 moduleBase = 0;
		if (!GetEngineBugFixesV222ModuleBase(&moduleBase) ||
			!BytesMatch(kDropItemNullExtraListContextAddr,
				kDropItemNullExtraListFixedBytes,
				sizeof(kDropItemNullExtraListFixedBytes)))
		{
			return false;
		}

		const UInt32 installerAddress = moduleBase + kEngineBugFixesDropItemInstallerRVA;
		if (!CanReadMemory(installerAddress, 18))
			return false;

		const UInt8* installer = (const UInt8*)installerAddress;
		return installer[0] == 0x6A && installer[1] == 0x14 &&
			installer[2] == 0x68 &&
			*(const UInt32*)(installer + 3) == kDropItemNullExtraListPatchSite + 1 &&
			installer[7] == 0xE8 &&
			installerAddress + 12 + *(const SInt32*)(installer + 8) == moduleBase + kEngineBugFixesWriteByteRVA &&
			installer[12] == 0x83 && installer[13] == 0xC4 && installer[14] == 0x08 &&
			installer[15] == 0xB0 && installer[16] == 0x01 && installer[17] == 0xC3;
	}

	static DropItemPatchState GetDropItemPatchState()
	{
		const UInt32 replacementTarget = kDropItemNullExtraListPatchSite + 2 +
			(SInt32)(signed char)kDropItemNullExtraListReplacementBytes[1];
		const UInt32 intermediateTarget = kDropItemNullExtraListContextAddr +
			sizeof(kDropItemNullExtraListExpectedBytes) +
			*(const SInt32*)(kDropItemNullExtraListExpectedBytes + 30);
		if (replacementTarget != kDropItemNullExtraListIntermediateSite ||
			intermediateTarget != kDropItemNullExtraListContinueSite)
		{
			Log("refusing to patch: invalid compiled DropItem branch contract");
			return kDropItemPatchMismatch;
		}

		if (BytesMatch(kDropItemNullExtraListContextAddr,
				kDropItemNullExtraListExpectedBytes,
				sizeof(kDropItemNullExtraListExpectedBytes)))
		{
			return kDropItemPatchNeedsInstall;
		}

		if (IsEngineBugFixesV222DropItemFix())
		{
			Log("accepted EngineBugFixes v2.22 DropItem null-extra-list branch at %08X",
				kDropItemNullExtraListPatchSite);
			return kDropItemPatchAlreadyFixed;
		}

		char expectedText[192];
		char actualText[192];
		FormatBytes(kDropItemNullExtraListExpectedBytes,
			sizeof(kDropItemNullExtraListExpectedBytes),
			expectedText,
			sizeof(expectedText));
		FormatBytes((const UInt8*)kDropItemNullExtraListContextAddr,
			sizeof(kDropItemNullExtraListExpectedBytes),
			actualText,
			sizeof(actualText));
		Log("refusing to patch: unexpected DropItem null-extra-list context at %08X; expected [%s], actual [%s]",
			kDropItemNullExtraListContextAddr,
			expectedText,
			actualText);
		return kDropItemPatchMismatch;
	}

	static bool IsEngineBugFixesV222CellChangedRefHook(UInt32 patchSite,
		UInt32 expectedHookRVA,
		UInt32 continuePointerRVA,
		UInt32 expectedContinueSite)
	{
		UInt32 moduleBase = 0;
		if (!GetEngineBugFixesV222ModuleBase(&moduleBase))
			return false;

		const UInt8* site = (const UInt8*)patchSite;
		if (site[0] != 0xE9)
			return false;

		const UInt32 hookAddress = patchSite + 5 + *(const SInt32*)(site + 1);
		if (hookAddress != moduleBase + expectedHookRVA ||
			!CanReadMemory(hookAddress, 26))
		{
			return false;
		}

		const UInt8* hook = (const UInt8*)hookAddress;
		if (hook[0] != 0xFF || hook[1] != 0x74 || hook[2] != 0x24 || hook[3] != 0x1C ||
			hook[4] != 0xFF || hook[5] != 0x74 || hook[6] != 0x24 || hook[7] != 0x1C ||
			hook[8] != 0x56 || hook[9] != 0x57 || hook[10] != 0xE8 ||
			hookAddress + 15 + *(const SInt32*)(hook + 11) !=
				moduleBase + kEngineBugFixesCellChangedRefHelperRVA ||
			hook[15] != 0x83 || hook[16] != 0xC4 || hook[17] != 0x10 ||
			hook[18] != 0x8B || hook[19] != 0xF0 ||
			hook[20] != 0xFF || hook[21] != 0x25 ||
			*(const UInt32*)(hook + 22) != moduleBase + continuePointerRVA)
		{
			return false;
		}

		const UInt32 continuePointerAddress = moduleBase + continuePointerRVA;
		return CanReadMemory(continuePointerAddress, sizeof(UInt32)) &&
			*(const UInt32*)continuePointerAddress == expectedContinueSite;
	}

	static bool IsEngineBugFixesV222CellChangedRefFix()
	{
		UInt32 moduleBase = 0;
		if (!GetEngineBugFixesV222ModuleBase(&moduleBase) ||
			!IsEngineBugFixesV222CellChangedRefHook(kCellChangedRefCellLoadPatchSite,
				kEngineBugFixesCellChangedRefCellHookRVA,
				kEngineBugFixesCellChangedRefCellContinuePointerRVA,
				kCellChangedRefCellLoadContinueSite) ||
			!IsEngineBugFixesV222CellChangedRefHook(kCellChangedRefWorldLoadPatchSite,
				kEngineBugFixesCellChangedRefWorldHookRVA,
				kEngineBugFixesCellChangedRefWorldContinuePointerRVA,
				kCellChangedRefWorldLoadContinueSite))
		{
			return false;
		}

		return MatchesEngineBugFixesCode(moduleBase, kEngineBugFixesCellChangedRefHelperRVA,
			kEngineBugFixesCellChangedRefHelperBytes, kEngineBugFixesCellChangedRefHelperRelocations);
	}

	static CellChangedRefPatchState GetCellChangedRefPatchState()
	{
		const bool cellVanilla = BytesMatch(kCellChangedRefCellLoadPatchSite,
			kCellChangedRefCellLoadExpectedBytes,
			sizeof(kCellChangedRefCellLoadExpectedBytes));
		const bool worldVanilla = BytesMatch(kCellChangedRefWorldLoadPatchSite,
			kCellChangedRefWorldLoadExpectedBytes,
			sizeof(kCellChangedRefWorldLoadExpectedBytes));
		if (cellVanilla && worldVanilla)
			return kCellChangedRefPatchNeedsInstall;

		if (IsEngineBugFixesV222CellChangedRefFix())
		{
			Log("accepted EngineBugFixes v2.22 changed-reference reuse hooks at %08X/%08X",
				kCellChangedRefCellLoadPatchSite,
				kCellChangedRefWorldLoadPatchSite);
			return kCellChangedRefPatchAlreadyFixed;
		}

		char cellExpected[192];
		char cellActual[192];
		char worldExpected[192];
		char worldActual[192];
		FormatBytes(kCellChangedRefCellLoadExpectedBytes,
			sizeof(kCellChangedRefCellLoadExpectedBytes),
			cellExpected,
			sizeof(cellExpected));
		FormatBytes((const UInt8*)kCellChangedRefCellLoadPatchSite,
			sizeof(kCellChangedRefCellLoadExpectedBytes),
			cellActual,
			sizeof(cellActual));
		FormatBytes(kCellChangedRefWorldLoadExpectedBytes,
			sizeof(kCellChangedRefWorldLoadExpectedBytes),
			worldExpected,
			sizeof(worldExpected));
		FormatBytes((const UInt8*)kCellChangedRefWorldLoadPatchSite,
			sizeof(kCellChangedRefWorldLoadExpectedBytes),
			worldActual,
			sizeof(worldActual));
		Log("refusing to patch: unexpected changed-reference load bytes; cell %08X expected [%s], actual [%s]; world %08X expected [%s], actual [%s]",
			kCellChangedRefCellLoadPatchSite,
			cellExpected,
			cellActual,
			kCellChangedRefWorldLoadPatchSite,
			worldExpected,
			worldActual);
		return kCellChangedRefPatchMismatch;
	}

	static CommandNullGuardPatchState GetCommandNullGuardPatchState(const char* name,
		UInt32 patchSite,
		const UInt8* expectedBytes,
		UInt32 expectedLength,
		bool engineBugFixesGuardPresent)
	{
		if (BytesMatch(patchSite, expectedBytes, expectedLength))
			return kCommandNullGuardPatchNeedsInstall;

		if (engineBugFixesGuardPresent)
		{
			Log("accepted EngineBugFixes v2.22 %s null guard at %08X", name, patchSite);
			return kCommandNullGuardPatchAlreadyGuarded;
		}

		char expectedText[128];
		char actualText[128];
		FormatBytes(expectedBytes, expectedLength, expectedText, sizeof(expectedText));
		FormatBytes((const UInt8*)patchSite, expectedLength, actualText, sizeof(actualText));
		Log("refusing to patch: unexpected %s null-guard bytes at %08X; expected [%s], actual [%s]",
			name,
			patchSite,
			expectedText,
			actualText);
		return kCommandNullGuardPatchMismatch;
	}

	static ActorProcessCommandPatchState GetActorProcessCommandPatchState(
		const char* name,
		UInt32 patchSite,
		const UInt8* expectedBytes,
		UInt32 expectedLength,
		UInt32 engineBugFixesHookRVA,
		UInt32 engineBugFixesGuardIndex,
		const UInt8* engineBugFixesGuardBody,
		UInt32 engineBugFixesGuardBodyLength)
	{
		if (BytesMatch(patchSite, expectedBytes, expectedLength))
			return kActorProcessCommandPatchNeedsInstall;

		if (IsEngineBugFixesV222ActorGuard(patchSite,
				engineBugFixesHookRVA,
				engineBugFixesGuardIndex,
				engineBugFixesGuardBody,
				engineBugFixesGuardBodyLength))
		{
			Log("accepted EngineBugFixes v2.22 %s process guard at %08X",
				name,
				patchSite);
			return kActorProcessCommandPatchAlreadyGuarded;
		}

		char expectedText[128];
		char actualText[128];
		FormatBytes(expectedBytes, expectedLength, expectedText, sizeof(expectedText));
		FormatBytes((const UInt8*)patchSite, expectedLength, actualText, sizeof(actualText));
		Log("refusing to patch: unexpected %s process guard bytes at %08X; expected [%s], actual [%s]",
			name,
			patchSite,
			expectedText,
			actualText);
		return kActorProcessCommandPatchMismatch;
	}

	static TESWorldSpaceOFSTPatchState GetTESWorldSpaceOFSTPatchState()
	{
		if (BytesMatch(kTESWorldSpaceLoadOFSTPatchSite,
				kTESWorldSpaceLoadOFSTExpectedBytes,
				sizeof(kTESWorldSpaceLoadOFSTExpectedBytes)))
		{
			return kTESWorldSpaceOFSTPatchNeedsInstall;
		}

		const UInt8* site = (const UInt8*)kTESWorldSpaceLoadOFSTPatchSite;
		if (site[0] == 0xE9)
		{
			UInt32 target = kTESWorldSpaceLoadOFSTPatchSite + 5 + *(const SInt32*)(site + 1);
			if (target == kTESWorldSpaceLoadOFSTContinueSite &&
				BytesMatch(kTESWorldSpaceLoadOFSTPatchSite + 5,
					kTESWorldSpaceLoadOFSTExpectedBytes + 5,
					sizeof(kTESWorldSpaceLoadOFSTExpectedBytes) - 5))
			{
				Log("TESWorldSpace WRLD OFST load already skipped at %08X; treating WRLD/OFST offset policy as externally owned",
					kTESWorldSpaceLoadOFSTPatchSite);
				return kTESWorldSpaceOFSTPatchExternallySkipped;
			}
		}

		char expectedText[512];
		char actualText[512];
		FormatBytes(kTESWorldSpaceLoadOFSTExpectedBytes,
			sizeof(kTESWorldSpaceLoadOFSTExpectedBytes),
			expectedText,
			sizeof(expectedText));
		FormatBytes(site,
			sizeof(kTESWorldSpaceLoadOFSTExpectedBytes),
			actualText,
			sizeof(actualText));

		Log("refusing to patch: unexpected TESWorldSpace WRLD OFST load bytes at %08X; expected [%s], actual [%s]",
			kTESWorldSpaceLoadOFSTPatchSite,
			expectedText,
			actualText);
		return kTESWorldSpaceOFSTPatchMismatch;
	}

	static __declspec(naked) void RendererInitFailurePatch()
	{
		__asm
		{
			test	al, al
			jnz		rendererModeOk

			push	00498E7Dh
			ret

		rendererModeOk:
			or		ebp, 0FFFFFFFFh
			xor		ebx, ebx
			push	004983C5h
			ret
		}
	}

	static __declspec(naked) void ActorGetAttackedProcessGuardPatch()
	{
		__asm
		{
			mov		ecx, [ecx + 58h]
			test	ecx, ecx
			jz		noProcess

			mov		eax, [ecx]
			push	005E58C5h
			ret

		noProcess:
			xor		eax, eax
			ret
		}
	}

	static __declspec(naked) void ActorIsTalkingProcessGuardPatch()
	{
		__asm
		{
			mov		ecx, [eax + 58h]
			test	ecx, ecx
			jz		noProcess

			mov		edx, [ecx]
			push	005E0E67h
			ret

		noProcess:
			xor		al, al
			push	005E0E70h
			ret
		}
	}

	static __declspec(naked) void ActorGetFurnitureMarkerIDProcessGuardPatch()
	{
		__asm
		{
			mov		ecx, [esi + 58h]
			test	ecx, ecx
			jz		noProcess
			mov		eax, [ecx]
			push	004F65DAh
			ret

		noProcess:
			push	004F65F8h
			ret
		}
	}

	static __declspec(naked) void ActorGetLineOfSightProcessGuardPatch()
	{
		__asm
		{
			test	eax, eax
			jz		noProcess
			fld		dword ptr [eax + 10h]
			add		edi, 0FFFFFFFBh
			push	005F28DAh
			ret

		noProcess:
			push	005F2E48h
			ret
		}
	}

	static __declspec(naked) void ActorGetWalkSpeedProcessGuardPatch()
	{
		__asm
		{
			mov		ecx, [esi + 58h]
			test	ecx, ecx
			jz		noProcess
			mov		eax, [ecx]
			push	005E35E6h
			ret

		noProcess:
			xor		al, al
			push	005E35EEh
			ret
		}
	}

	static __declspec(naked) void ActorUsingTorchProcessGuardPatch()
	{
		__asm
		{
			mov		ecx, [esi + 58h]
			test	ecx, ecx
			jz		noProcess
			mov		eax, [ecx]
			push	004F84AFh
			ret

		noProcess:
			xor		eax, eax
			push	004F84B9h
			ret
		}
	}

	static __declspec(naked) void ActorCurrentFurnitureObjectProcessGuardPatch()
	{
		__asm
		{
			mov		ecx, [esi + 58h]
			test	ecx, ecx
			jz		noProcess
			mov		eax, [ecx]
			push	004F66C7h
			ret

		noProcess:
			push	004F66E9h
			ret
		}
	}

	static __declspec(naked) void ActorCurrentFurnitureReferenceProcessGuardPatch()
	{
		__asm
		{
			mov		ecx, [esi + 58h]
			test	ecx, ecx
			jz		noProcess
			mov		eax, [ecx]
			push	004F6667h
			ret

		noProcess:
			push	004F6679h
			ret
		}
	}

	static __declspec(naked) void ActorIsRunningProcessGuardPatch()
	{
		__asm
		{
			mov		ecx, [esi + 58h]
			test	ecx, ecx
			jz		noProcess
			mov		eax, [ecx]
			push	004F8DDCh
			ret

		noProcess:
			xor		eax, eax
			push	004F8DE4h
			ret
		}
	}

	static __declspec(naked) void CanHaveFlamesGetExtraDataGuardPatch()
	{
		__asm
		{
			test	ecx, ecx
			jz		noObject

			push	006FF9C0h
			ret

		noObject:
			xor		eax, eax
			ret		4
		}
	}

	static __declspec(naked) void GetAlarmedStateNameGuardPatch()
	{
		__asm
		{
			test	ecx, ecx
			jz		noStateName

			mov		eax, 005E4080h
			call	eax
			test	eax, eax
			jnz		done

		noStateName:
			mov		eax, offset s_emptyString

		done:
			ret
		}
	}

	static __declspec(naked) void SpellPurchaseTileGuardPatch()
	{
		__asm
		{
			mov		ecx, [esp + 0Ch]
			test	ecx, ecx
			jz		noTile

			fld		dword ptr ds:[0A40098h]
			push	005D8D2Ch
			ret

		noTile:
			push	005D8D3Eh
			ret
		}
	}

	static __declspec(naked) void TexturePaletteUnderscorePatch()
	{
		__asm
		{
			mov		esi, eax
			sub		esi, ebx
			add		esp, 8

			test	eax, eax
			jnz		notNull

			push	004A27A1h
			ret

		notNull:
			push	004A26FEh
			ret
		}
	}

	static UInt32 HashWorldspaceOFST(UInt32 worldspace)
	{
		return ((worldspace >> 4) ^ (worldspace >> 12)) & (kWorldspaceOFSTTrackingCapacity - 1);
	}

	static bool WorldspaceFloatToCellBound(UInt8* worldspace, UInt32 offset, SInt32* out)
	{
		if (!worldspace || !out)
			return false;

		const float value = *(float*)(worldspace + offset);
		if (!_finite(value) || value < -2147483648.0f || value > 2147483520.0f)
			return false;

		*out = ((SInt32)value) >> 12;
		return true;
	}

	static bool GetRebuiltWorldspaceOFSTCount(UInt8* worldspace, UInt32* count)
	{
		if (count)
			*count = 0;

		SInt32 minX = 0;
		SInt32 minY = 0;
		SInt32 maxX = 0;
		SInt32 maxY = 0;
		if (!WorldspaceFloatToCellBound(worldspace, 0x98, &minX) ||
			!WorldspaceFloatToCellBound(worldspace, 0x9C, &minY) ||
			!WorldspaceFloatToCellBound(worldspace, 0xA0, &maxX) ||
			!WorldspaceFloatToCellBound(worldspace, 0xA4, &maxY))
		{
			return false;
		}

		const SInt32 width = maxX - minX + 1;
		const SInt32 height = maxY - minY + 1;
		if (width <= 0 || height <= 0 || width >= 0x3E8 || height >= 0x3E8)
			return false;

		if (count)
			*count = (UInt32)width * (UInt32)height;
		return true;
	}

	static UInt32 FindWorldspaceOFSTSlot(UInt8* worldspace, bool* found)
	{
		if (found)
			*found = false;

		if (!worldspace)
			return kWorldspaceOFSTTrackingCapacity;

		const UInt32 key = (UInt32)worldspace;
		UInt32 slot = HashWorldspaceOFST(key);
		for (UInt32 probe = 0; probe < kWorldspaceOFSTTrackingCapacity; probe++)
		{
			WorldspaceOFSTTrackingEntry& entry = s_worldspaceOFSTTracking[slot];
			const UInt32 entryWorldspace = entry.worldspace;
			if (entryWorldspace == key)
			{
				if (found)
					*found = true;
				return slot;
			}

			if (!entryWorldspace)
				return slot;

			slot = (slot + 1) & (kWorldspaceOFSTTrackingCapacity - 1);
		}

		return kWorldspaceOFSTTrackingCapacity;
	}

	static void TrackWorldspaceOFST(UInt8* worldspace, UInt32* table, UInt32 count, UInt32 byteLength)
	{
		bool found = false;
		UInt32 slot = FindWorldspaceOFSTSlot(worldspace, &found);
		if (slot >= kWorldspaceOFSTTrackingCapacity)
		{
			++s_worldspaceOFSTTrackingFailures;
			if (s_worldspaceOFSTTrackingFailures <= 16)
				Log("failed to track WRLD OFST table worldspace=%08X table=%08X count=%u bytes=%u",
					(UInt32)worldspace,
					(UInt32)table,
					count,
					byteLength);
			return;
		}

		WorldspaceOFSTTrackingEntry& entry = s_worldspaceOFSTTracking[slot];
		entry.table = 0;
		MemoryBarrier();
		entry.count = count;
		entry.byteLength = byteLength;
		MemoryBarrier();
		entry.table = (UInt32)table;
		MemoryBarrier();
		entry.worldspace = (UInt32)worldspace;
	}

	static void UntrackWorldspaceOFST(UInt8* worldspace, UInt32* table)
	{
		bool found = false;
		UInt32 slot = FindWorldspaceOFSTSlot(worldspace, &found);
		if (!found || slot >= kWorldspaceOFSTTrackingCapacity)
			return;

		WorldspaceOFSTTrackingEntry& entry = s_worldspaceOFSTTracking[slot];
		if (entry.table != (UInt32)table)
			return;

		entry.table = 0;
		MemoryBarrier();
		entry.count = 0;
		entry.byteLength = 0;
	}

	static bool LookupWorldspaceOFSTCount(UInt8* worldspace, UInt32* table, UInt32* count)
	{
		bool found = false;
		UInt32 slot = FindWorldspaceOFSTSlot(worldspace, &found);
		if (!found || slot >= kWorldspaceOFSTTrackingCapacity)
			return false;

		WorldspaceOFSTTrackingEntry& entry = s_worldspaceOFSTTracking[slot];
		const UInt32 trackedTable = entry.table;
		MemoryBarrier();
		if (trackedTable != (UInt32)table)
			return false;

		if (count)
			*count = entry.count;
		return true;
	}

	static void __stdcall LoadWorldspaceOFSTChunk(UInt8* worldspace, UInt8* file)
	{
		if (!worldspace || !file)
			return;

		const UInt32 byteLength = *(UInt32*)(file + 0x254);
		if (!byteLength)
			return;

		UInt32* const oldTable = *(UInt32**)(worldspace + 0xA8);
		if (oldTable)
		{
			UntrackWorldspaceOFST(worldspace, oldTable);
			((FormHeapFreeFn)kFormHeapFreeAddr)(oldTable);
			*(UInt32**)(worldspace + 0xA8) = NULL;
		}

		if (byteLength > kMaxWorldspaceOFSTBytes)
		{
			++s_rejectedWorldspaceOFSTTables;
			if (s_rejectedWorldspaceOFSTTables <= 16)
				Log("rejected oversized WRLD OFST table worldspace=%08X file=%08X bytes=%u",
					(UInt32)worldspace,
					(UInt32)file,
					byteLength);
			return;
		}

		const UInt32 entryCount = byteLength >> 2;
		const UInt32 paddedLength = (byteLength + 3) & ~3U;
		UInt32* const table = (UInt32*)((FormHeapAllocFn)kFormHeapAllocAddr)(paddedLength);
		if (!table)
		{
			++s_rejectedWorldspaceOFSTTables;
			if (s_rejectedWorldspaceOFSTTables <= 16)
				Log("failed to allocate WRLD OFST table worldspace=%08X file=%08X bytes=%u padded=%u",
					(UInt32)worldspace,
					(UInt32)file,
					byteLength,
					paddedLength);
			return;
		}

		std::memset(table, 0, paddedLength);
		if (!((TESFileGetChunkDataFn)kTESFileGetChunkDataAddr)(file, (char*)table, byteLength))
		{
			((FormHeapFreeFn)kFormHeapFreeAddr)(table);
			++s_rejectedWorldspaceOFSTTables;
			if (s_rejectedWorldspaceOFSTTables <= 16)
				Log("failed to read WRLD OFST table worldspace=%08X file=%08X bytes=%u",
					(UInt32)worldspace,
					(UInt32)file,
					byteLength);
			return;
		}

		*(UInt32**)(worldspace + 0xA8) = table;
		TrackWorldspaceOFST(worldspace, table, entryCount, byteLength);
		++s_loadedWorldspaceOFSTTables;

		if ((byteLength & 3) && s_loadedWorldspaceOFSTTables <= 16)
		{
			Log("loaded WRLD OFST table with ignored tail worldspace=%08X file=%08X bytes=%u completeEntries=%u",
				(UInt32)worldspace,
				(UInt32)file,
				byteLength,
				entryCount);
		}
	}

	static UInt32 __stdcall ResolveWorldspaceCellOffsetTarget(
		UInt8* worldspace,
		UInt8* file,
		UInt32* table,
		UInt32 index,
		UInt32* target)
	{
		if (target)
			*target = 0;

		UInt32 count = 0;
		if (!LookupWorldspaceOFSTCount(worldspace, table, &count))
		{
			++s_untrackedWorldspaceOFSTReads;
			if (s_untrackedWorldspaceOFSTReads <= 16)
				Log("falling back for untracked WRLD OFST table worldspace=%08X table=%08X index=%u",
					(UInt32)worldspace,
					(UInt32)table,
					index);
			return 0;
		}

		if (index >= count)
		{
			++s_rejectedWorldspaceOFSTIndexes;
			if (s_rejectedWorldspaceOFSTIndexes <= 16)
				Log("falling back for out-of-range WRLD OFST index worldspace=%08X table=%08X index=%u count=%u",
					(UInt32)worldspace,
					(UInt32)table,
					index,
					count);
			return 0;
		}

		const UInt32 offset = table[index];
		if (!offset)
			return 2;

		if (!file)
			return 0;

		const UInt32 baseOffset = *(UInt32*)(worldspace + 0xBC);
		const UInt32 fileSize = *(UInt32*)(file + 0x258);
		bool valid = baseOffset < fileSize;
		UInt32 resolvedTarget = 0;
		if (valid)
		{
			const UInt32 remaining = fileSize - baseOffset;
			valid = offset < remaining;
			if (valid)
				resolvedTarget = baseOffset + offset;
		}

		if (!valid)
		{
			++s_rejectedWorldspaceOFSTTargets;
			if (s_rejectedWorldspaceOFSTTargets <= 16)
				Log("falling back for invalid WRLD OFST target worldspace=%08X file=%08X base=%u offset=%u fileSize=%u",
					(UInt32)worldspace,
					(UInt32)file,
					baseOffset,
					offset,
					fileSize);
			return 0;
		}

		if (target)
			*target = resolvedTarget;
		return 1;
	}

	static void __stdcall WriteRebuiltWorldspaceOFSTOffset(
		UInt8* worldspace,
		UInt32* table,
		UInt32 index,
		UInt32 cellOffset)
	{
		UInt32 count = 0;
		if (!table || !GetRebuiltWorldspaceOFSTCount(worldspace, &count) || index >= count)
		{
			++s_rejectedRebuiltWorldspaceOFSTWrites;
			if (s_rejectedRebuiltWorldspaceOFSTWrites <= 16)
				Log("skipped rebuilt WRLD OFST write worldspace=%08X table=%08X index=%u count=%u offset=%u",
					(UInt32)worldspace,
					(UInt32)table,
					index,
					count,
					cellOffset);
			return;
		}

		table[index] = cellOffset;
	}

	static void __stdcall TrackRebuiltWorldspaceOFST(UInt8* worldspace, UInt32* table)
	{
		UInt32 count = 0;
		if (!table || !GetRebuiltWorldspaceOFSTCount(worldspace, &count))
			return;

		TrackWorldspaceOFST(worldspace, table, count, count * sizeof(UInt32));
		++s_trackedRebuiltWorldspaceOFSTTables;
	}

	static bool __stdcall ReadTrackedWorldspaceCellOffset(UInt8* worldspace, UInt32 index, UInt32* offset)
	{
		if (offset)
			*offset = 0;

		if (!worldspace)
			return false;

		UInt32* const table = *(UInt32**)(worldspace + 0xA8);
		UInt32 count = 0;
		if (!LookupWorldspaceOFSTCount(worldspace, table, &count))
			return false;

		if (index >= count)
		{
			++s_rejectedWorldspaceOFSTIndexes;
			return false;
		}

		if (offset)
			*offset = table[index];
		return true;
	}

	static __declspec(naked) void TESWorldSpaceLoadOFSTPatch()
	{
		__asm
		{
			push	edi
			push	esi
			call	LoadWorldspaceOFSTChunk
			xor		ebx, ebx
			mov		eax, 004F21B6h
			jmp		eax
		}
	}

	static __declspec(naked) void TESWorldSpaceFindCellOffsetPatch()
	{
		__asm
		{
			sub		esp, 4
			mov		dword ptr [esp], 0
			lea		ecx, [esp]
			push	ecx
			push	eax
			push	edi
			push	esi
			push	ebx
			call	ResolveWorldspaceCellOffsetTarget
			cmp		eax, 1
			jz		direct
			cmp		eax, 2
			jz		noOffset

			add		esp, 4
			mov		eax, 004EF58Bh
			jmp		eax

		direct:
			mov		edx, [esp]
			add		esp, 4
			push	edx
			mov		ecx, esi
			mov		eax, 00451460h
			call	eax
			mov		eax, 004EF575h
			jmp		eax

		noOffset:
			add		esp, 4
			mov		eax, 004EF580h
			jmp		eax
		}
	}

	static __declspec(naked) void TESWorldSpacePostFixupOffsetWritePatch()
	{
		__asm
		{
			mov		edx, [esp + 20h]
			push	ecx
			push	eax
			push	edx
			push	esi
			call	WriteRebuiltWorldspaceOFSTOffset
			mov		eax, 004F3065h
			jmp		eax
		}
	}

	static __declspec(naked) void TESWorldSpacePostFixupOffsetCommitPatch()
	{
		__asm
		{
			// Both the empty-record path and the completed enumeration arrive
			// here with EBX holding the table. The latter reloads EBX at 4F30A9.
			push	ebx
			push	esi
			call	TrackRebuiltWorldspaceOFST
			mov		[esi + 0A8h], ebx
			jmp		dword ptr [kTESWorldSpacePostFixupOffsetCommitContinueSite]
		}
	}

	static __declspec(naked) void TESWorldSpacePostFixupOffsetReadPatch()
	{
		__asm
		{
			sub		esp, 4
			mov		dword ptr [esp], 0
			lea		ecx, [esp]
			push	ecx
			push	eax
			push	esi
			call	ReadTrackedWorldspaceCellOffset
			test	al, al
			jz		skip

			mov		ecx, [esp]
			add		esp, 4
			test	ecx, ecx
			jz		skipNoLocal

			mov		eax, 004F31A6h
			jmp		eax

		skip:
			add		esp, 4

		skipNoLocal:
			mov		eax, 004F324Eh
			jmp		eax
		}
	}

	static bool __stdcall CheckedTESFileNextRecordAdvance(UInt8* file)
	{
		if (!file)
			return false;

		const UInt32 length = *(UInt32*)(file + 0x240);
		const UInt32 fileSize = *(UInt32*)(file + 0x258);
		const UInt32 currentOffset = *(UInt32*)(file + 0x25C);

		bool valid = currentOffset <= fileSize;
		UInt32 nextOffset = fileSize;
		if (valid)
		{
			const UInt32 remaining = fileSize - currentOffset;
			valid = remaining >= 0x14 && length <= remaining - 0x14;
			if (valid)
			{
				nextOffset = currentOffset + length + 0x14;
				valid = nextOffset >= currentOffset;
			}
		}

		if (!valid)
		{
			*(UInt32*)(file + 0x25C) = fileSize;
			++s_rejectedTESFileRecordAdvances;
			if (s_rejectedTESFileRecordAdvances <= 16)
			{
				Log("rejected TESFile_NextRecord advance file=%08X current=%u length=%u fileSize=%u",
					(UInt32)file,
					currentOffset,
					length,
					fileSize);
			}
			return false;
		}

		*(UInt32*)(file + 0x25C) = nextOffset;
		return true;
	}

	static bool __stdcall CheckedTESFileGetNextChunkAdvance(UInt8* file, UInt32 recordLength)
	{
		if (!file)
			return false;

		const UInt32 chunkLength = *(UInt32*)(file + 0x254);
		const UInt32 currentOffset = *(UInt32*)(file + 0x260);

		if (currentOffset == recordLength)
			return false;

		bool valid = currentOffset < recordLength;
		UInt32 nextOffset = recordLength;
		if (valid)
		{
			const UInt32 remaining = recordLength - currentOffset;
			valid = remaining >= 6 && chunkLength <= remaining - 6;
			if (valid)
			{
				nextOffset = currentOffset + chunkLength + 6;
				valid = nextOffset >= currentOffset;
			}
		}

		if (!valid)
		{
			*(UInt32*)(file + 0x260) = recordLength;
			++s_rejectedTESFileChunkAdvances;
			if (s_rejectedTESFileChunkAdvances <= 16)
			{
				Log("rejected TESFile_GetNextChunk advance file=%08X current=%u chunkLength=%u recordLength=%u",
					(UInt32)file,
					currentOffset,
					chunkLength,
					recordLength);
			}
			return false;
		}

		*(UInt32*)(file + 0x260) = nextOffset;
		return nextOffset < recordLength;
	}

	static bool __stdcall ValidateTESFileCompressedInputBounds(UInt8* file)
	{
		if (!file)
			return false;

		const UInt32 length = *(UInt32*)(file + 0x240);
		const UInt32 fileSize = *(UInt32*)(file + 0x258);
		const UInt32 recordOffset = *(UInt32*)(file + 0x25C);
		// The stream is positioned after the 20-byte record header. Subtraction
		// proves both the input span and the allocator's subsequent length + 1.
		if (length >= sizeof(UInt32) && recordOffset <= fileSize &&
			fileSize - recordOffset >= 0x14 && length <= fileSize - recordOffset - 0x14)
			return true;

		++s_rejectedTESFileCompressedRecords;
		if (s_rejectedTESFileCompressedRecords <= 16)
		{
			Log("rejected compressed TES record input file=%08X offset=%u length=%u fileSize=%u",
				(UInt32)file, recordOffset, length, fileSize);
		}
		return false;
	}

	static bool __stdcall ValidateTESFileInflatedSize(UInt8* file, UInt32 actualLength)
	{
		if (!file)
			return false;

		const UInt32 advertisedLength = *(UInt32*)(file + 0x418);
		if (*(UInt8**)(file + 0x414) && advertisedLength && actualLength == advertisedLength)
			return true;

		// A completed zlib stream can produce fewer bytes than the record's
		// advertised length. Reject it before parsers can read the unwritten tail.
		// The caller still owns both buffers and routes to its normal cleanup.
		++s_rejectedTESFileCompressedRecords;
		if (s_rejectedTESFileCompressedRecords <= 16)
		{
			Log("rejected compressed TES record output file=%08X advertised=%u actual=%u",
				(UInt32)file, advertisedLength, actualLength);
		}
		return false;
	}

	static bool __stdcall ValidateTESFileDecompressedRecordHeader(UInt8* compressedBuffer, UInt32 compressedLength)
	{
		if (!compressedBuffer || compressedLength < sizeof(UInt32))
		{
			++s_rejectedTESFileCompressedRecords;
			if (s_rejectedTESFileCompressedRecords <= 16)
			{
				Log("rejected compressed TES record header buffer=%08X length=%u",
					(UInt32)compressedBuffer,
					compressedLength);
			}
			return false;
		}

		const UInt32 decompressedLength = *(UInt32*)compressedBuffer;
		if (!decompressedLength || decompressedLength > kMaxTESFileDecompressedRecordBytes)
		{
			++s_rejectedTESFileCompressedRecords;
			if (s_rejectedTESFileCompressedRecords <= 16)
			{
				Log("rejected compressed TES record advertisedLength=%u compressedLength=%u",
					decompressedLength,
					compressedLength);
			}
			return false;
		}

		return true;
	}

	static void __stdcall SafeCopyTESFileCompressedChunkData(UInt8* file, void* dst, UInt32 requested)
	{
		if (!file)
			return;

		UInt32 copied = 0;
		UInt8* const dcBuffer = *(UInt8**)(file + 0x414);
		const UInt32 dcLength = *(UInt32*)(file + 0x418);
		const UInt32 chunkOffset = *(UInt32*)(file + 0x260);

		bool valid = dcBuffer != NULL && chunkOffset <= dcLength;
		UInt32 sourceOffset = 0;
		if (valid)
		{
			sourceOffset = chunkOffset + 6;
			valid = sourceOffset >= chunkOffset && sourceOffset <= dcLength;
		}

		if (valid)
		{
			const UInt32 available = dcLength - sourceOffset;
			copied = requested <= available ? requested : available;
			if (dst && copied)
				std::memcpy(dst, dcBuffer + sourceOffset, copied);
		}

		if (dst && copied < requested)
			std::memset((UInt8*)dst + copied, 0, requested - copied);

		*(UInt32*)(file + 0x264) = copied;

		if (copied != requested)
		{
			++s_clippedTESFileCompressedChunkCopies;
			if (s_clippedTESFileCompressedChunkCopies <= 16)
			{
				Log("clipped compressed TES chunk copy file=%08X chunkOffset=%u dcLength=%u requested=%u copied=%u",
					(UInt32)file,
					chunkOffset,
					dcLength,
					requested,
					copied);
			}
		}
	}

	static void __cdecl SkipTESFormRecordCompression(void* zlibStream, void* tempBuffer, const char* reason)
	{
		if (zlibStream)
			((ZlibStreamEndFn)kZlibStreamEndAddr)(zlibStream);

		if (tempBuffer)
			((FormHeapFreeFn)kFormHeapFreeAddr)(tempBuffer);

		++s_skippedTESFormRecordCompressions;
		if (s_skippedTESFormRecordCompressions <= 16)
		{
			Log("left TESForm record uncompressed because %s stream=%08X temp=%08X",
				reason,
				(UInt32)zlibStream,
				(UInt32)tempBuffer);
		}
	}

	static void __cdecl SkipTESFormRecordCompressionTempBuffer(void* zlibStream)
	{
		SkipTESFormRecordCompression(zlibStream, NULL, "temp compression buffer allocation failed or overflowed");
	}

	static void __cdecl SkipTESFormRecordCompressionDeflateError(void* zlibStream, void* tempBuffer)
	{
		SkipTESFormRecordCompression(zlibStream, tempBuffer, "zlib deflate failed");
	}

	static void __cdecl SkipTESFormRecordCompressionFinalBuffer(void* zlibStream, void* tempBuffer)
	{
		SkipTESFormRecordCompression(zlibStream, tempBuffer, "final compressed record allocation failed");
	}

	static char __fastcall TESFileNextGroupPatch(UInt8* file, void*)
	{
		if (!file)
			return 0;

		const UInt32 grupType = *(UInt32*)kTESRecordTypeGRUPAddr;
		if (*(UInt32*)(file + 0x23C) != grupType)
			return 0;

		UInt32* const length = (UInt32*)(file + 0x240);
		if (*length < 0x14)
		{
			const UInt32 originalLength = *length;
			*(UInt32*)(file + 0x23C) = 0;
			*length = 0;
			++s_rejectedTESFileGroupAdvances;
			if (s_rejectedTESFileGroupAdvances <= 16)
			{
				Log("rejected short TES GRUP advance file=%08X length=%u",
					(UInt32)file,
					originalLength);
			}
			return 0;
		}

		*(UInt32*)(file + 0x23C) = 0;
		*length -= 0x14;
		return ((TESFileNextRecordFn)kTESFileNextRecordAddr)(file);
	}

	static __declspec(naked) void TESFormCompressRecordTempAllocPatch()
	{
		__asm
		{
			push	ebp
			push	esi
			test	ebx, 80000000h
			jnz		failedNoSize

			lea		esi, [ebx + ebx]
			push	esi
			mov		eax, 00401F00h
			call	eax
			mov		ebp, eax
			test	ebp, ebp
			jz		failedWithSize

			mov		eax, [esp + 14h]
			mov		ecx, 0046B3F9h
			jmp		ecx

		failedWithSize:
			lea		eax, [esp + 1Ch]
			push	eax
			call	SkipTESFormRecordCompressionTempBuffer
			add		esp, 8
			mov		eax, 0046B430h
			jmp		eax

		failedNoSize:
			lea		eax, [esp + 18h]
			push	eax
			call	SkipTESFormRecordCompressionTempBuffer
			add		esp, 4
			mov		eax, 0046B430h
			jmp		eax
		}
	}

	static __declspec(naked) void TESFormCompressRecordDeflateErrorCleanupPatch()
	{
		__asm
		{
			lea		eax, [esp + 1Ch]
			push	ebp
			push	eax
			call	SkipTESFormRecordCompressionDeflateError
			add		esp, 0Ch
			mov		eax, 0046B430h
			jmp		eax
		}
	}

	static __declspec(naked) void TESFormCompressRecordFinalAllocPatch()
	{
		__asm
		{
			test	eax, eax
			jz		failed

			or		dword ptr [edi + 8], 00040000h
			mov		ecx, 0046B450h
			jmp		ecx

		failed:
			lea		ecx, [esp + 1Ch]
			push	ebp
			push	ecx
			call	SkipTESFormRecordCompressionFinalBuffer
			add		esp, 0Ch
			mov		ecx, 0046B430h
			jmp		ecx
		}
	}

	static __declspec(naked) void TESFileNextRecordAdvancePatch()
	{
		__asm
		{
			push	esi
			call	CheckedTESFileNextRecordAdvance
			test	al, al
			jz		stop

			mov		eax, 00451342h
			jmp		eax

		stop:
			mov		eax, 00451350h
			jmp		eax
		}
	}

	static __declspec(naked) void TESFileGetNextChunkAdvancePatch()
	{
		__asm
		{
			push	ecx
			push	edx
			push	edi
			push	edx
			push	esi
			call	CheckedTESFileGetNextChunkAdvance
			test	al, al
			pop		edi
			pop		edx
			pop		ecx
			jz		stop

			mov		eax, [esi + 260h]
			mov		edx, 0044FEF7h
			jmp		edx

		stop:
			mov		eax, 0044FEE4h
			jmp		eax
		}
	}

	static __declspec(naked) void TESFileCompressedInputBoundsPatch()
	{
		__asm
		{
			push	esi
			call	ValidateTESFileCompressedInputBounds
			test	al, al
			jz		invalid

			mov		eax, [esi + 240h]
			jmp		dword ptr [kTESFileCompressedInputContinueSite]

		invalid:
			// Only ESI is saved at this point; no buffer has been allocated.
			jmp		dword ptr [kTESFileCompressedInputFailSite]
		}
	}

	static __declspec(naked) void TESFileInflatedSizePatch()
	{
		__asm
		{
			// z_stream starts at original ESP+10h; total_out is field +14h.
			push	dword ptr [esp + 24h]
			push	esi
			call	ValidateTESFileInflatedSize
			test	al, al
			jz		invalid

			lea		edx, [esp + 10h]
			push	edx
			jmp		dword ptr [kTESFileInflatedSizeContinueSite]

		invalid:
			// This path calls inflateEnd, then clears output and frees input.
			jmp		dword ptr [kTESFileInflatedSizeFailSite]
		}
	}

	static __declspec(naked) void TESWorldSpaceRebuildAllocPatch()
	{
		__asm
		{
			test	eax, eax
			jz		failed

			mov		ebx, eax
			lea		eax, [ebp * 4]
			jmp		dword ptr [kTESWorldSpaceRebuildAllocContinueSite]

		failed:
			// Three PrintError arguments and one allocation size are still
			// pending. No table exists or has been published on this branch.
			add		esp, 10h
			inc		s_rejectedWorldspaceOFSTTables
			jmp		dword ptr [kTESWorldSpaceRebuildAllocFailSite]
		}
	}

	static __declspec(naked) void TESFileDecompressedRecordSizePatch()
	{
		__asm
		{
			push	ebx
			push	edi
			call	ValidateTESFileDecompressedRecordHeader
			test	al, al
			jz		invalid

			mov		ebp, [edi]
			push	ebp
			mov		byte ptr [ebx + edi], 0
			mov		eax, 004505F6h
			jmp		eax

		invalid:
			mov		ecx, esi
			mov		eax, 004506F6h
			jmp		eax
		}
	}

	static __declspec(naked) void TESFileDecompressedRecordAllocPatch()
	{
		__asm
		{
			// Replay the cdecl allocation while preserving the original pending
			// size argument for the vanilla zlib setup's add esp, 10h.
			push	dword ptr [esp + 4]
			mov		eax, 0040FD70h
			call	eax
			add		esp, 4
			test	eax, eax
			jnz		allocationSucceeded

			// No decompressed buffer has been stored yet. Discard the pending
			// allocation size and reuse the existing TESFile cleanup path.
			mov		ecx, esi
			mov		dword ptr [esp], 004506F6h
			ret		4

		allocationSucceeded:
			ret
		}
	}

	static __declspec(naked) void TESFileLoadChunkHeaderCompressedTailPatch()
	{
		__asm
		{
			mov		edx, [esi + 418h]
			mov		ecx, edi
			add		ecx, 6
			jc		invalid
			cmp		ecx, edx
			ja		invalid

			mov		ecx, [eax + edi]
			mov		[esp + 10h], ecx
			mov		dx, [eax + edi + 4]
			mov		[esp + 14h], dx
			mov		ecx, 00450FB3h
			jmp		ecx

		invalid:
			inc		s_rejectedTESFileCompressedChunkHeaders
			mov		ecx, 00450F65h
			jmp		ecx
		}
	}

	static __declspec(naked) void TESFileGetChunkDataTruncatedCopyPatch()
	{
		__asm
		{
			lea		eax, [edi - 1]
			push	eax
			push	ebp
			push	esi
			call	SafeCopyTESFileCompressedChunkData
			mov		eax, 00450D84h
			jmp		eax
		}
	}

	static __declspec(naked) void TESFileGetChunkDataFullCopyPatch()
	{
		__asm
		{
			mov		eax, [esi + 254h]
			push	eax
			push	ebp
			push	esi
			call	SafeCopyTESFileCompressedChunkData
			mov		eax, 00450EEDh
			jmp		eax
		}
	}

	static __declspec(naked) void TESFileJumpToRecordValidatePatch()
	{
		__asm
		{
			mov		eax, [esp + 0Ch]
			cmp		eax, [esi + 258h]
			jae		invalid

			mov		[esi + 25Ch], eax
			mov		ecx, 004514C0h
			jmp		ecx

		invalid:
			inc		s_rejectedTESFileJumpTargets
			xor		eax, eax
			mov		[esi + 23Ch], eax
			mov		[esi + 240h], eax
			mov		[esi + 244h], eax
			mov		[esi + 248h], eax
			mov		[esi + 24Ch], eax
			pop		edi
			xor		al, al
			pop		esi
			ret		4
		}
	}

	static __declspec(naked) void ArchiveRawReadTargetGuardPatch()
	{
		__asm
		{
			mov		edi, [esi + 158h]
			mov		edx, [esi + 148h]
			mov		ecx, [esi + 150h]
			cmp		edx, ecx
			ja		invalid

			mov		eax, ecx
			sub		eax, edx
			cmp		ebx, eax
			ja		invalid

			add		edi, edx
			jc		invalid
			add		edi, ebx
			jc		invalid
			cmp		edi, 0FFFFFFFFh
			jz		invalid

			mov		eax, [esi + 154h]
			mov		ecx, 0042C3FDh
			jmp		ecx

		invalid:
			inc		s_rejectedArchiveRawReadTargets
			pop		edi
			pop		esi
			xor		eax, eax
			pop		ebx
			ret		0Ch
		}
	}

	static __declspec(naked) void ArchiveRawReadCountClampPatch()
	{
		__asm
		{
			mov		edx, [esi + 148h]
			mov		ecx, [esp + 14h]
			mov		eax, [esi + 150h]
			push	ebp
			cmp		edx, eax
			ja		invalid

			mov		ebp, eax
			sub		ebp, edx
			cmp		ebx, ebp
			ja		invalid

			sub		ebp, ebx
			cmp		ecx, ebp
			jbe		done

			mov		ecx, ebp
			inc		s_clampedArchiveRawReads
			jmp		done

		invalid:
			xor		ecx, ecx
			inc		s_clampedArchiveRawReads

		done:
			pop		ebp
			mov		eax, 0042C45Ah
			jmp		eax
		}
	}

	static __declspec(naked) void CompressedArchiveRefillPatch()
	{
		__asm
		{
			cmp		dword ptr [ebx + 4], 0
			jnz		checkOutput

			mov		ecx, esi
			mov		eax, 00747D30h
			call	eax
			mov		ecx, [esi + 0Ch]
			mov		edx, [esi + 18h]
			push	0
			push	ecx
			push	edx
			mov		ecx, esi
			mov		eax, 0042C3E0h
			call	eax
			mov		[esi + 10h], eax
			test	eax, eax
			jnz		checkOutput

			cmp		dword ptr [ebx + 10h], 0
			jnz		refillFailed
			mov		ecx, 0042C818h
			jmp		ecx

		checkOutput:
			cmp		dword ptr [ebx + 10h], 0
			jnz		continueLoop
			mov		ecx, 0042C818h
			jmp		ecx

		continueLoop:
			mov		ecx, 0042C780h
			jmp		ecx

		refillFailed:
			inc		s_rejectedCompressedArchiveRefills
			mov		ecx, 0042C7F3h
			jmp		ecx
		}
	}

	static __declspec(naked) void LoadGameStartTickPatch()
	{
		__asm
		{
			mov		esi, ds:0A280D0h
			call	esi
			mov		ds:0B33B08h, eax
			call	esi
			mov		ecx, ds:0B33B08h
			sub		eax, ecx
			cmp		eax, 0BB8h
			pop		esi
			ja		elapsed
			ret

		elapsed:
			push	00459A63h
			ret
		}
	}

	static void __cdecl DuplicateMainThreadHandle(HANDLE* targetHandle)
	{
		if (!targetHandle)
			return;

		HANDLE duplicated = NULL;
		HANDLE currentProcess = GetCurrentProcess();
		HANDLE currentThread = GetCurrentThread();
		if (DuplicateHandle(currentProcess,
				currentThread,
				currentProcess,
				&duplicated,
				0,
				FALSE,
				DUPLICATE_SAME_ACCESS))
		{
			*targetHandle = duplicated;
		}
		else
		{
			*targetHandle = NULL;
			Log("failed to duplicate main thread handle: %lu", GetLastError());
		}
	}

	static __declspec(naked) void MainThreadHandleDuplicatePatch()
	{
		__asm
		{
			push	edi
			call	DuplicateMainThreadHandle
			add		esp, 4
			push	00404A68h
			ret
		}
	}

	typedef char (__cdecl* PumpWaitInputFn)(char pumpInput);
	typedef void (__cdecl* NoArgFn)();
	typedef void (__thiscall* InputGlobalUpdateFn)(void* inputGlobals);
	typedef void (__thiscall* SaveLoadLoadDataFn)(void* saveLoad, void* dst, UInt32 size);

	static void __cdecl LoadingTextureWaitPatch()
	{
		float seconds = *(float*)kLoadingTextureWaitSecondsAddr * kStaticLoadingScreenWaitScale;

		double milliseconds = (double)seconds * 1000.0;
		if (!(milliseconds > 0.0) || milliseconds >= 2147483647.0)
			return;

		SInt32 duration = (SInt32)milliseconds;
		DWORD start = GetTickCount();
		PumpWaitInputFn pump = (PumpWaitInputFn)kLoadingTextureWaitPumpAddr;

		while ((SInt32)(GetTickCount() - start) < duration)
		{
			if (!pump(1))
				break;
		}
	}

	static void __cdecl WorldspaceMessageDelayPatch()
	{
		NoArgFn step1 = (NoArgFn)kWorldspaceMessageDelayStep1Addr;
		NoArgFn step2 = (NoArgFn)kWorldspaceMessageDelayStep2Addr;
		InputGlobalUpdateFn updateInputGlobals = (InputGlobalUpdateFn)kWorldspaceMessageDelayInputUpdateAddr;
		DWORD start = GetTickCount();

		while ((SInt32)(GetTickCount() - start) < 1000)
		{
			step1();
			step2();
			updateInputGlobals(*(void**)kWorldspaceMessageDelayInputGlobalsAddr);
		}
	}

	static void __cdecl LoadGlobalAnimTimerAndClamp(void* saveLoad, void* dst, UInt32 size)
	{
		((SaveLoadLoadDataFn)kSaveLoadLoadDataAddr)(saveLoad, dst, size);

		if (dst != (void*)kGlobalAnimTimerAddr || size != sizeof(float))
			return;

		float& timer = *(float*)kGlobalAnimTimerAddr;
		if (timer >= kGlobalAnimTimerPrecisionLimit)
		{
			Log("reset loaded global animation timer from %.3f to 0.000", timer);
			timer = 0.0f;
		}
	}

	static __declspec(naked) void GlobalAnimTimerLoadPatch()
	{
		__asm
		{
			mov		eax, [esp + 8]
			mov		edx, [esp + 4]
			push	eax
			push	edx
			push	ecx
			call	LoadGlobalAnimTimerAndClamp
			add		esp, 0Ch
			ret		8
		}
	}

	static bool IsRebasableTime(float value)
	{
		return _finite(value) && value > -kSentinelMagnitude && value < kSentinelMagnitude;
	}

	static float& ActorAnimClock(void* animData)
	{
		return *(float*)((UInt8*)animData + kActorAnimClockOffset);
	}

	static void* ActorAnimSequence(void* animData, UInt32 index)
	{
		return *(void**)((UInt8*)animData + kActorAnimSequenceListOffset + index * sizeof(void*));
	}

	static float& SequenceOffset(void* sequence)
	{
		return *(float*)((UInt8*)sequence + kNiControllerSequenceOffsetOffset);
	}

	static void __cdecl RebaseActorAnimData(void* animData)
	{
		if (!animData)
			return;

		float& clock = ActorAnimClock(animData);
		if (!IsRebasableTime(clock) || clock < kActorAnimRebaseThreshold)
			return;

		// Stay in floating point: finite saved clocks can exceed the UInt32
		// chunk-count range. The power-of-two step keeps ordinary rebases exact.
		float shift = clock - (float)std::fmod((double)clock, (double)kActorAnimRebaseStep);
		if (shift <= 0.0f || shift > clock)
			return;

		// Active slots can refer to the same sequence. Stage one adjusted value
		// per object so aliases receive the shift only once, and so a rejected
		// sentinel crossing leaves every sequence and the actor clock unchanged.
		void* sequences[kActorAnimSequenceCount] = { 0 };
		float adjustedOffsets[kActorAnimSequenceCount] = { 0 };
		UInt32 sequenceCount = 0;
		for (UInt32 i = 0; i < kActorAnimSequenceCount; i++)
		{
			void* sequence = ActorAnimSequence(animData, i);
			if (!sequence)
				continue;
			UInt32 previous = 0;
			while (previous < sequenceCount && sequences[previous] != sequence)
				++previous;
			if (previous != sequenceCount || !IsRebasableTime(SequenceOffset(sequence)))
				continue;
			float adjusted = SequenceOffset(sequence) + shift;
			if (!IsRebasableTime(adjusted))
				return;
			sequences[sequenceCount] = sequence;
			adjustedOffsets[sequenceCount++] = adjusted;
		}
		for (UInt32 i = 0; i < sequenceCount; ++i)
			SequenceOffset(sequences[i]) = adjustedOffsets[i];

		float oldClock = clock;
		clock -= shift;

		if (s_actorAnimRebaseLogCount < 32)
		{
			Log("rebased ActorAnimData %08X clock from %.3f to %.3f, shifted active sequence offsets by %.3f",
				(UInt32)animData,
				oldClock,
				clock,
				shift);
			s_actorAnimRebaseLogCount++;
		}
	}

	static __declspec(naked) void ActorAnimClockPatch()
	{
		__asm
		{
			pushad
			push	esi
			call	RebaseActorAnimData
			add		esp, 4
			popad

			mov		ecx, ebx
			sub		ecx, 5
			ret
		}
	}

	static __declspec(naked) void ActorAnimPreSamplePatch()
	{
		__asm
		{
			pushad
			push	esi
			call	RebaseActorAnimData
			add		esp, 4
			popad

			xor		edi, edi
			ret
		}
	}

	static bool ValidateDecode(ActorAnimClockPatchState actorAnimClockPatchState,
		TESWorldSpaceOFSTPatchState worldspaceOFSTPatchState,
		CellChangedRefPatchState cellChangedRefPatchState)
	{
		return
			ValidateDecodeBytes("kSaveReadGatePatchSite", kSaveReadGatePatchSite, kSaveReadGatePatchSiteExpectedBytes, sizeof(kSaveReadGatePatchSiteExpectedBytes)) &&
			ValidateDecodeBytes("kSaveReadNativePluginsAddr", kSaveReadNativePluginsAddr, kSaveReadNativePluginsAddrExpectedBytes, sizeof(kSaveReadNativePluginsAddrExpectedBytes)) &&
			ValidateDecodeBytes("kSaveReadBSFileTableAddr", kSaveReadBSFileTableAddr, kSaveReadBSFileTableAddrExpectedBytes, sizeof(kSaveReadBSFileTableAddrExpectedBytes)) &&
			ValidateDecodeBytes("kSaveReadNativeReadAddr", kSaveReadNativeReadAddr, kSaveReadNativeReadAddrExpectedBytes, sizeof(kSaveReadNativeReadAddrExpectedBytes)) &&
			ValidateDecodeBytes("kSaveReadNativeSeekAddr", kSaveReadNativeSeekAddr, kSaveReadNativeSeekAddrExpectedBytes, sizeof(kSaveReadNativeSeekAddrExpectedBytes)) &&
			ValidateDecodeBytes("kSaveReadNativeDtorAddr", kSaveReadNativeDtorAddr, kSaveReadNativeDtorAddrExpectedBytes, sizeof(kSaveReadNativeDtorAddrExpectedBytes)) &&
			ValidateDecodeBytes("kSaveReadCachedSizeAddr", kSaveReadCachedSizeAddr, kSaveReadCachedSizeAddrExpectedBytes, sizeof(kSaveReadCachedSizeAddrExpectedBytes)) &&
			ValidateDecodeBytes("kSaveReadDirectSizeAddr", kSaveReadDirectSizeAddr, kSaveReadDirectSizeAddrExpectedBytes, sizeof(kSaveReadDirectSizeAddrExpectedBytes)) &&
			ValidateDecodeBytes("kSaveReadGlobalFrameAddr", kSaveReadGlobalFrameAddr, kSaveReadGlobalFrameAddrExpectedBytes, sizeof(kSaveReadGlobalFrameAddrExpectedBytes)) &&
			ValidateDecodeBytes("kSaveReadGlobalValuesAddr", kSaveReadGlobalValuesAddr, kSaveReadGlobalValuesAddrExpectedBytes, sizeof(kSaveReadGlobalValuesAddrExpectedBytes)) &&
			ValidateDecodeBytes("kSaveReadTempEffectsAddr", kSaveReadTempEffectsAddr, kSaveReadTempEffectsAddrExpectedBytes, sizeof(kSaveReadTempEffectsAddrExpectedBytes)) &&
			ValidateDecodeBytes("kSaveReadArraysBodyAddr", kSaveReadArraysBodyAddr, kSaveReadArraysBodyAddrExpectedBytes, sizeof(kSaveReadArraysBodyAddrExpectedBytes)) &&
			ValidateDecodeBytes("kSaveReadCreatedPrefixAddr", kSaveReadCreatedPrefixAddr, kSaveReadCreatedPrefixAddrExpectedBytes, sizeof(kSaveReadCreatedPrefixAddrExpectedBytes)) &&
			ValidateDecodeBytes("kSaveReadRecordFlowAddr", kSaveReadRecordFlowAddr, kSaveReadRecordFlowAddrExpectedBytes, sizeof(kSaveReadRecordFlowAddrExpectedBytes)) &&
			ValidateDecodeBytes("kSaveReadModeAddr", kSaveReadModeAddr, kSaveReadModeAddrExpectedBytes, sizeof(kSaveReadModeAddrExpectedBytes)) &&
			ValidateDecodeBytes("kPerfSaveQueuePatchSite", kPerfSaveQueuePatchSite, kPerfSaveQueuePatchSiteExpectedBytes, sizeof(kPerfSaveQueuePatchSiteExpectedBytes)) &&
			ValidateDecodeBytes("kPerfSaveQueueAppendBodyAddr", kPerfSaveQueueAppendBodyAddr, kPerfSaveQueueAppendBodyAddrExpectedBytes, sizeof(kPerfSaveQueueAppendBodyAddrExpectedBytes)) &&
			ValidateDecodeBytes("kPerfSaveQueueVtableAddr", kPerfSaveQueueVtableAddr, kPerfSaveQueueVtableAddrExpectedBytes, sizeof(kPerfSaveQueueVtableAddrExpectedBytes)) &&
			ValidateDecodeBytes("kPerfExteriorQueryPatchSite", kPerfExteriorQueryPatchSite, kPerfExteriorQueryPatchSiteExpectedBytes, sizeof(kPerfExteriorQueryPatchSiteExpectedBytes)) &&
			ValidateDecodeBytes("kPerfExteriorConsumerPatchSite", kPerfExteriorConsumerPatchSite, kPerfExteriorConsumerPatchSiteExpectedBytes, sizeof(kPerfExteriorConsumerPatchSiteExpectedBytes)) &&
			ValidateDecodeBytes("kPerfExteriorAddPatchSite", kPerfExteriorAddPatchSite, kPerfExteriorAddPatchSiteExpectedBytes, sizeof(kPerfExteriorAddPatchSiteExpectedBytes)) &&
			ValidateDecodeBytes("kPerfExteriorCtorPatchSite", kPerfExteriorCtorPatchSite, kPerfExteriorCtorPatchSiteExpectedBytes, sizeof(kPerfExteriorCtorPatchSiteExpectedBytes)) &&
			ValidateDecodeBytes("kPerfExteriorDtorPatchSite", kPerfExteriorDtorPatchSite, kPerfExteriorDtorPatchSiteExpectedBytes, sizeof(kPerfExteriorDtorPatchSiteExpectedBytes)) &&
			ValidateDecodeBytes("kPerfExteriorConsumerBodyAddr", kPerfExteriorConsumerBodyAddr, kPerfExteriorConsumerBodyAddrExpectedBytes, sizeof(kPerfExteriorConsumerBodyAddrExpectedBytes)) &&
			ValidateDecodeBytes("kPerfExteriorAddBodyAddr", kPerfExteriorAddBodyAddr, kPerfExteriorAddBodyAddrExpectedBytes, sizeof(kPerfExteriorAddBodyAddrExpectedBytes)) &&
			ValidateDecodeBytes("kPerfExteriorCtorBodyAddr", kPerfExteriorCtorBodyAddr, kPerfExteriorCtorBodyAddrExpectedBytes, sizeof(kPerfExteriorCtorBodyAddrExpectedBytes)) &&
			ValidateDecodeBytes("kPerfExteriorDtorBodyAddr", kPerfExteriorDtorBodyAddr, kPerfExteriorDtorBodyAddrExpectedBytes, sizeof(kPerfExteriorDtorBodyAddrExpectedBytes)) &&
			ValidateDecodeBytes("kPerfExteriorMapVtableAddr", kPerfExteriorMapVtableAddr, kPerfExteriorMapVtableAddrExpectedBytes, sizeof(kPerfExteriorMapVtableAddrExpectedBytes)) &&
			ValidateDecodeBytes("OSGlobals main thread handle duplicate",
				kMainThreadHandlePatchSite,
				kMainThreadHandleExpectedBytes,
				sizeof(kMainThreadHandleExpectedBytes)) &&
			ValidateDecodeBytes("BinkOpen main thread suspend use",
				kBinkOpenThreadHandleUseDecodeAddr,
				kBinkOpenThreadHandleUseExpectedBytes,
				sizeof(kBinkOpenThreadHandleUseExpectedBytes)) &&
			ValidateDecodeBytes("BinkOpen main thread resume use",
				kBinkOpenResumeThreadUseDecodeAddr,
				kBinkOpenResumeThreadUseExpectedBytes,
				sizeof(kBinkOpenResumeThreadUseExpectedBytes)) &&
			ValidateDecodeBytes("BSSimpleList InsertSorted allocation-failure branch",
				kBSSimpleListInsertSortedAllocFailureBranchSite,
				kBSSimpleListInsertSortedAllocFailureExpectedBytes,
				sizeof(kBSSimpleListInsertSortedAllocFailureExpectedBytes)) &&
			ValidateDecodeBytes("BSSimpleList PushFront allocation-failure branch",
				kBSSimpleListPushFrontAllocFailureBranchSite,
				kBSSimpleListPushFrontAllocFailureExpectedBytes,
				sizeof(kBSSimpleListPushFrontAllocFailureExpectedBytes)) &&
			ValidateDecodeBytes("EffectSetting filtered-list head allocation",
				kEffectSettingFilteredListHeadAllocPatchSite,
				kEffectSettingFilteredListHeadAllocExpectedBytes,
				sizeof(kEffectSettingFilteredListHeadAllocExpectedBytes)) &&
			ValidateDecodeBytes("EffectSetting filtered-list node allocation-failure branch",
				kEffectSettingFilteredListNodeAllocFailureBranchSite,
				kEffectSettingFilteredListNodeAllocFailureExpectedBytes,
				sizeof(kEffectSettingFilteredListNodeAllocFailureExpectedBytes)) &&
			ValidateDecodeBytes("SaveLoad create-buffer tracker",
				kSaveLoadCreateBufferPatchSite,
				kSaveLoadCreateBufferExpectedBytes,
				sizeof(kSaveLoadCreateBufferExpectedBytes)) &&
			ValidateDecodeBytes("SaveLoad free-buffer tracker",
				kSaveLoadFreeBufferPatchSite,
				kSaveLoadFreeBufferExpectedBytes,
				sizeof(kSaveLoadFreeBufferExpectedBytes)) &&
			ValidateDecodeBytes("SaveLoad bounded active-buffer read",
				kSaveLoadBoundedLoadDataPatchSite,
				kSaveLoadBoundedLoadDataExpectedBytes,
				sizeof(kSaveLoadBoundedLoadDataExpectedBytes)) &&
			ValidateDecodeBytes("SaveLoad ActivateDeferredBuffer lifetime",
				kSaveLoadActivateDeferredBufferPatchSite,
				kSaveLoadActivateDeferredBufferExpectedBytes,
				sizeof(kSaveLoadActivateDeferredBufferExpectedBytes)) &&
			ValidateDecodeBytes("SaveLoad AnimationBufferBegin lifetime",
				kSaveLoadAnimationBufferBeginPatchSite,
				kSaveLoadAnimationBufferBeginExpectedBytes,
				sizeof(kSaveLoadAnimationBufferBeginExpectedBytes)) &&
			ValidateDecodeBytes("SaveLoad AnimationBufferEnd lifetime",
				kSaveLoadAnimationBufferEndPatchSite,
				kSaveLoadAnimationBufferEndExpectedBytes,
				sizeof(kSaveLoadAnimationBufferEndExpectedBytes)) &&
			ValidateDecodeBytes("SaveLoad AttachedAnimationBufferBegin lifetime",
				kSaveLoadAttachedAnimationBufferBeginPatchSite,
				kSaveLoadAttachedAnimationBufferBeginExpectedBytes,
				sizeof(kSaveLoadAttachedAnimationBufferBeginExpectedBytes)) &&
			ValidateDecodeBytes("SaveLoad AttachedAnimationBufferEnd lifetime",
				kSaveLoadAttachedAnimationBufferEndPatchSite,
				kSaveLoadAttachedAnimationBufferEndExpectedBytes,
				sizeof(kSaveLoadAttachedAnimationBufferEndExpectedBytes)) &&
			ValidateDecodeBytes("SaveLoad CharacterBufferBegin lifetime",
				kSaveLoadCharacterBufferBeginPatchSite,
				kSaveLoadCharacterBufferBeginExpectedBytes,
				sizeof(kSaveLoadCharacterBufferBeginExpectedBytes)) &&
			ValidateDecodeBytes("SaveLoad CharacterBufferEnd lifetime",
				kSaveLoadCharacterBufferEndPatchSite,
				kSaveLoadCharacterBufferEndExpectedBytes,
				sizeof(kSaveLoadCharacterBufferEndExpectedBytes)) &&
			ValidateDecodeBytes("SaveLoad HavokBufferBegin lifetime",
				kSaveLoadHavokBufferBeginPatchSite,
				kSaveLoadHavokBufferBeginExpectedBytes,
				sizeof(kSaveLoadHavokBufferBeginExpectedBytes)) &&
			ValidateDecodeBytes("SaveLoad HavokBufferEnd lifetime",
				kSaveLoadHavokBufferEndPatchSite,
				kSaveLoadHavokBufferEndExpectedBytes,
				sizeof(kSaveLoadHavokBufferEndExpectedBytes)) &&
			ValidateDecodeBytes("SaveLoad +0x54 raw blob helper",
				kSaveLoadRawBlobMap54PatchSite,
				kSaveLoadRawBlobMap54ExpectedBytes,
				sizeof(kSaveLoadRawBlobMap54ExpectedBytes)) &&
			ValidateDecodeBytes("SaveLoad +0x58 raw blob helper",
				kSaveLoadRawBlobMap58PatchSite,
				kSaveLoadRawBlobMap58ExpectedBytes,
				sizeof(kSaveLoadRawBlobMap58ExpectedBytes)) &&
			ValidateDecodeBytes("SaveLoad +0x5C raw blob helper",
				kSaveLoadRawBlobMap5CPatchSite,
				kSaveLoadRawBlobMap5CExpectedBytes,
				sizeof(kSaveLoadRawBlobMap5CExpectedBytes)) &&
			ValidateDecodeBytes("SaveLoad +0x60 raw blob helper",
				kSaveLoadRawBlobMap60PatchSite,
				kSaveLoadRawBlobMap60ExpectedBytes,
				sizeof(kSaveLoadRawBlobMap60ExpectedBytes)) &&
			ValidateDecodeBytes("SaveLoad expired-cell coordinate allocation",
				kSaveLoadExpiredCellEntryAllocPatchSite,
				kSaveLoadExpiredCellEntryAllocExpectedBytes,
				sizeof(kSaveLoadExpiredCellEntryAllocExpectedBytes)) &&
			ValidateDecodeBytes("SaveLoad expired-cell list allocation",
				kSaveLoadExpiredCellListAllocPatchSite,
				kSaveLoadExpiredCellListAllocExpectedBytes,
				sizeof(kSaveLoadExpiredCellListAllocExpectedBytes)) &&
			ValidateDecodeBytes("ContainerExtraData list-node allocation",
				kContainerExtraDataListNodePatchSite,
				kContainerExtraDataListNodeExpectedBytes,
				sizeof(kContainerExtraDataListNodeExpectedBytes)) &&
			ValidateDecodeBytes("ExtraData XCLR region-list buffer allocation",
				kExtraDataRegionListBufferAllocPatchSite,
				kExtraDataRegionListBufferAllocExpectedBytes,
				sizeof(kExtraDataRegionListBufferAllocExpectedBytes)) &&
			ValidateDecodeBytes("ExtraData XLOC lock-data allocation",
				kExtraDataLockDataAllocPatchSite,
				kExtraDataLockDataAllocExpectedBytes,
				sizeof(kExtraDataLockDataAllocExpectedBytes)) &&
			ValidateDecodeBytes("ExtraData XLOC wrapper allocation",
				kExtraDataLockWrapperAllocPatchSite,
				kExtraDataLockWrapperAllocExpectedBytes,
				sizeof(kExtraDataLockWrapperAllocExpectedBytes)) &&
			ValidateDecodeBytes("ExtraData XMRK map-marker allocation",
				kExtraDataMapMarkerAllocPatchSite,
				kExtraDataMapMarkerAllocExpectedBytes,
				sizeof(kExtraDataMapMarkerAllocExpectedBytes)) &&
			ValidateDecodeBytes("ExtraData XTEL teleport allocation",
				kExtraDataTeleportAllocPatchSite,
				kExtraDataTeleportAllocExpectedBytes,
				sizeof(kExtraDataTeleportAllocExpectedBytes)) &&
			ValidateDecodeBytes("ExtraData XRGD wrapper allocation",
				kExtraDataRagdollAllocPatchSite,
				kExtraDataRagdollAllocExpectedBytes,
				sizeof(kExtraDataRagdollAllocExpectedBytes)) &&
			ValidateDecodeBytes("ExtraData XRGD payload allocation",
				kExtraDataRagdollPayloadAllocPatchSite,
				kExtraDataRagdollPayloadAllocExpectedBytes,
				sizeof(kExtraDataRagdollPayloadAllocExpectedBytes)) &&
			ValidateDecodeBytes("ExtraData XCLR region-list object allocation",
				kExtraDataRegionListAllocPatchSite,
				kExtraDataRegionListAllocExpectedBytes,
				sizeof(kExtraDataRegionListAllocExpectedBytes)) &&
			ValidateDecodeBytes("TESAnimation KFFZ chunk buffer allocation",
				kAnimationChunkBufferAllocPatchSite,
				kAnimationChunkBufferAllocExpectedBytes,
				sizeof(kAnimationChunkBufferAllocExpectedBytes)) &&
			ValidateDecodeBytes("TESCreature NIFZ chunk buffer allocation",
				kTESCreatureNIFZBufferAllocPatchSite,
				kTESCreatureNIFZBufferAllocExpectedBytes,
				sizeof(kTESCreatureNIFZBufferAllocExpectedBytes)) &&
			ValidateDecodeBytes("ScriptEventList optional data allocation",
				kScriptEventListOptionalDataAllocPatchSite,
				kScriptEventListOptionalDataAllocExpectedBytes,
				sizeof(kScriptEventListOptionalDataAllocExpectedBytes)) &&
			ValidateDecodeBytes("IndexedLight native main-thread identity", kIndexedLightMainThreadIdentityDecodeAddr,
				kIndexedLightMainThreadIdentityDecodeAddrExpectedBytes, sizeof(kIndexedLightMainThreadIdentityDecodeAddrExpectedBytes)) &&
			ValidateDecodeBytes("kPerfAMArchiveEnumerateSite", kPerfAMArchiveEnumerateSite, kPerfAMArchiveEnumerateSiteExpectedBytes, sizeof(kPerfAMArchiveEnumerateSiteExpectedBytes)) &&
			ValidateDecodeBytes("kPerfAMArchiveEmitSite", kPerfAMArchiveEmitSite, kPerfAMArchiveEmitSiteExpectedBytes, sizeof(kPerfAMArchiveEmitSiteExpectedBytes)) &&
			ValidateDecodeBytes("kPerfAMAddModelSite", kPerfAMAddModelSite, kPerfAMAddModelSiteExpectedBytes, sizeof(kPerfAMAddModelSiteExpectedBytes)) &&
			ValidateDecodeBytes("kPerfAMCopySite", kPerfAMCopySite, kPerfAMCopySiteExpectedBytes, sizeof(kPerfAMCopySiteExpectedBytes)) &&
			ValidateDecodeBytes("kPerfAMClearModelSite", kPerfAMClearModelSite, kPerfAMClearModelSiteExpectedBytes, sizeof(kPerfAMClearModelSiteExpectedBytes)) &&
			ValidateDecodeBytes("kPerfAMNifzReadSite", kPerfAMNifzReadSite, kPerfAMNifzReadSiteExpectedBytes, sizeof(kPerfAMNifzReadSiteExpectedBytes)) &&
			ValidateDecodeBytes("kPerfAMNifzBatchSite", kPerfAMNifzBatchSite, kPerfAMNifzBatchSiteExpectedBytes, sizeof(kPerfAMNifzBatchSiteExpectedBytes)) &&
			ValidateDecodeBytes("kPerfAMArchiveEnumerateSiteBody", kPerfAMArchiveEnumerateSiteBody, kPerfAMArchiveEnumerateSiteBodyExpectedBytes, sizeof(kPerfAMArchiveEnumerateSiteBodyExpectedBytes)) &&
			ValidateDecodeBytes("kPerfAMArchiveGetterAddrBody", kPerfAMArchiveGetterAddrBody, kPerfAMArchiveGetterAddrBodyExpectedBytes, sizeof(kPerfAMArchiveGetterAddrBodyExpectedBytes)) &&
			ValidateDecodeBytes("kPerfAMAddModelSiteBody", kPerfAMAddModelSiteBody, kPerfAMAddModelSiteBodyExpectedBytes, sizeof(kPerfAMAddModelSiteBodyExpectedBytes)) &&
			ValidateDecodeBytes("kPerfAMCopySiteBody", kPerfAMCopySiteBody, kPerfAMCopySiteBodyExpectedBytes, sizeof(kPerfAMCopySiteBodyExpectedBytes)) &&
			ValidateDecodeBytes("kPerfAMClearModelSiteBody", kPerfAMClearModelSiteBody, kPerfAMClearModelSiteBodyExpectedBytes, sizeof(kPerfAMClearModelSiteBodyExpectedBytes)) &&
			ValidateDecodeBytes("kPerfAMNifzBodyAddrBody", kPerfAMNifzBodyAddrBody, kPerfAMNifzBodyAddrBodyExpectedBytes, sizeof(kPerfAMNifzBodyAddrBodyExpectedBytes)) &&
			ValidateDecodeBytes("kPerfAMContainsBodyAddrBody", kPerfAMContainsBodyAddrBody, kPerfAMContainsBodyAddrBodyExpectedBytes, sizeof(kPerfAMContainsBodyAddrBodyExpectedBytes)) &&
			ValidateDecodeBytes("kPerfAMClearTexturesAddrBody", kPerfAMClearTexturesAddrBody, kPerfAMClearTexturesAddrBodyExpectedBytes, sizeof(kPerfAMClearTexturesAddrBodyExpectedBytes)) &&
			ValidateDecodeBytes("kPerfAMSeekAddrBody", kPerfAMSeekAddrBody, kPerfAMSeekAddrBodyExpectedBytes, sizeof(kPerfAMSeekAddrBodyExpectedBytes)) &&
			ValidateDecodeBytes("kPerfAMArchiveVtableAddrBody", kPerfAMArchiveVtableAddrBody, kPerfAMArchiveVtableAddrBodyExpectedBytes, sizeof(kPerfAMArchiveVtableAddrBodyExpectedBytes)) &&
			ValidateDecodeBytes("kPerfAMChunkDataBodyAddrBody", kPerfAMChunkDataBodyAddrBody, kPerfAMChunkDataBodyAddrBodyExpectedBytes, sizeof(kPerfAMChunkDataBodyAddrBodyExpectedBytes)) &&
			ValidateDecodeBytes("kPerfAMEnterCSBodyAddrBody", kPerfAMEnterCSBodyAddrBody, kPerfAMEnterCSBodyAddrBodyExpectedBytes, sizeof(kPerfAMEnterCSBodyAddrBodyExpectedBytes)) &&
			ValidateDecodeBytes("kPerfAMLeaveCSBodyAddrBody", kPerfAMLeaveCSBodyAddrBody, kPerfAMLeaveCSBodyAddrBodyExpectedBytes, sizeof(kPerfAMLeaveCSBodyAddrBodyExpectedBytes)) &&
			ValidateDecodeBytes("kPerfAMPushFrontAddrBody", kPerfAMPushFrontAddrBody, kPerfAMPushFrontAddrBodyExpectedBytes, sizeof(kPerfAMPushFrontAddrBodyExpectedBytes)) &&
			ValidateDecodeBytes("kPerfLC1Site", kPerfLC1Site, kPerfLC1SiteExpectedBytes, sizeof(kPerfLC1SiteExpectedBytes)) &&
			ValidateDecodeBytes("kPerfLC1CountFillBodyAddr", kPerfLC1CountFillBodyAddr, kPerfLC1CountFillBodyAddrExpectedBytes, sizeof(kPerfLC1CountFillBodyAddrExpectedBytes)) &&
			ValidateDecodeBytes("kPerfLC1RequestKeyBodyAddr", kPerfLC1RequestKeyBodyAddr, kPerfLC1RequestKeyBodyAddrExpectedBytes, sizeof(kPerfLC1RequestKeyBodyAddrExpectedBytes)) &&
			ValidateDecodeBytes("kPerfLC1EpilogueBodyAddr", kPerfLC1EpilogueBodyAddr, kPerfLC1EpilogueBodyAddrExpectedBytes, sizeof(kPerfLC1EpilogueBodyAddrExpectedBytes)) &&
			ValidateDecodeBytes("kPerfLC1ContinuationBodyAddr", kPerfLC1ContinuationBodyAddr, kPerfLC1ContinuationBodyAddrExpectedBytes, sizeof(kPerfLC1ContinuationBodyAddrExpectedBytes)) &&
			ValidateDecodeBytes("kPerfLC1PublicationBodyAddr", kPerfLC1PublicationBodyAddr, kPerfLC1PublicationBodyAddrExpectedBytes, sizeof(kPerfLC1PublicationBodyAddrExpectedBytes)) &&
			ValidateDecodeBytes("kPerfLC1FirstAddr", kPerfLC1FirstAddr, kPerfLC1FirstAddrExpectedBytes, sizeof(kPerfLC1FirstAddrExpectedBytes)) &&
			ValidateDecodeBytes("kPerfLC1NextAddr", kPerfLC1NextAddr, kPerfLC1NextAddrExpectedBytes, sizeof(kPerfLC1NextAddrExpectedBytes)) &&
			ValidateDecodeBytes("kPerfLC1ConstructorAddr", kPerfLC1ConstructorAddr, kPerfLC1ConstructorAddrExpectedBytes, sizeof(kPerfLC1ConstructorAddrExpectedBytes)) &&
			ValidateDecodeBytes("kPerfLC1FlagsBodyAddr", kPerfLC1FlagsBodyAddr, kPerfLC1FlagsBodyAddrExpectedBytes, sizeof(kPerfLC1FlagsBodyAddrExpectedBytes)) &&
			ValidateDecodeBytes("kPerfActorRebuildPatchSite", kPerfActorRebuildPatchSite, kPerfActorRebuildPatchSiteExpectedBytes, sizeof(kPerfActorRebuildPatchSiteExpectedBytes)) &&
			ValidateDecodeBytes("kPerfSaveMapSetAtPatchSite", kPerfSaveMapSetAtPatchSite, kPerfSaveMapSetAtPatchSiteExpectedBytes, sizeof(kPerfSaveMapSetAtPatchSiteExpectedBytes)) &&
			ValidateDecodeBytes("kPerfSaveMapRemovePatchSite", kPerfSaveMapRemovePatchSite, kPerfSaveMapRemovePatchSiteExpectedBytes, sizeof(kPerfSaveMapRemovePatchSiteExpectedBytes)) &&
			ValidateDecodeBytes("kPerfSaveMapClearPatchSite", kPerfSaveMapClearPatchSite, kPerfSaveMapClearPatchSiteExpectedBytes, sizeof(kPerfSaveMapClearPatchSiteExpectedBytes)) &&
			ValidateDecodeBytes("kPerfSaveMapCtorPatchSite", kPerfSaveMapCtorPatchSite, kPerfSaveMapCtorPatchSiteExpectedBytes, sizeof(kPerfSaveMapCtorPatchSiteExpectedBytes)) &&
			ValidateDecodeBytes("kPerfSaveMapDtorPatchSite", kPerfSaveMapDtorPatchSite, kPerfSaveMapDtorPatchSiteExpectedBytes, sizeof(kPerfSaveMapDtorPatchSiteExpectedBytes)) &&
			ValidateDecodeBytes("kPerfActorMapPressurePatchSite", kPerfActorMapPressurePatchSite, kPerfActorMapPressurePatchSiteExpectedBytes, sizeof(kPerfActorMapPressurePatchSiteExpectedBytes)) &&
			ValidateDecodeBytes("kPerfActorTruePredicateAddr", kPerfActorTruePredicateAddr, kPerfActorTruePredicateAddrExpectedBytes, sizeof(kPerfActorTruePredicateAddrExpectedBytes)) &&
			ValidateDecodeBytes("kPerfActorZeroMovementAddr", kPerfActorZeroMovementAddr, kPerfActorZeroMovementAddrExpectedBytes, sizeof(kPerfActorZeroMovementAddrExpectedBytes)) &&
			ValidateDecodeBytes("kPerfActorMovementAddr", kPerfActorMovementAddr, kPerfActorMovementAddrExpectedBytes, sizeof(kPerfActorMovementAddrExpectedBytes)) &&
			ValidateDecodeBytes("kPerfActorPositionAddr", kPerfActorPositionAddr, kPerfActorPositionAddrExpectedBytes, sizeof(kPerfActorPositionAddrExpectedBytes)) &&
			ValidateDecodeBytes("kPerfActorDistanceAddr", kPerfActorDistanceAddr, kPerfActorDistanceAddrExpectedBytes, sizeof(kPerfActorDistanceAddrExpectedBytes)) &&
			ValidateDecodeBytes("kPerfActorPushFrontAddr", kPerfActorPushFrontAddr, kPerfActorPushFrontAddrExpectedBytes, sizeof(kPerfActorPushFrontAddrExpectedBytes)) &&
			ValidateDecodeBytes("kPerfActorRebuildNativeAddr", kPerfActorRebuildNativeAddr, kPerfActorRebuildNativeAddrExpectedBytes, sizeof(kPerfActorRebuildNativeAddrExpectedBytes)) &&
			ValidateDecodeBytes("kPerfSaveMapVtableAddr", kPerfSaveMapVtableAddr, kPerfSaveMapVtableAddrExpectedBytes, sizeof(kPerfSaveMapVtableAddrExpectedBytes)) &&
			ValidateDecodeBytes("kPerfSaveMapHashAddr", kPerfSaveMapHashAddr, kPerfSaveMapHashAddrExpectedBytes, sizeof(kPerfSaveMapHashAddrExpectedBytes)) &&
			ValidateDecodeBytes("kPerfSaveMapEqualAddr", kPerfSaveMapEqualAddr, kPerfSaveMapEqualAddrExpectedBytes, sizeof(kPerfSaveMapEqualAddrExpectedBytes)) &&
			ValidateDecodeBytes("kPerfSaveMapSetValueAddr", kPerfSaveMapSetValueAddr, kPerfSaveMapSetValueAddrExpectedBytes, sizeof(kPerfSaveMapSetValueAddrExpectedBytes)) &&
			ValidateDecodeBytes("kPerfSaveMapClearValueAddr", kPerfSaveMapClearValueAddr, kPerfSaveMapClearValueAddrExpectedBytes, sizeof(kPerfSaveMapClearValueAddrExpectedBytes)) &&
			ValidateDecodeBytes("kPerfSaveMapAllocateAddr", kPerfSaveMapAllocateAddr, kPerfSaveMapAllocateAddrExpectedBytes, sizeof(kPerfSaveMapAllocateAddrExpectedBytes)) &&
			ValidateDecodeBytes("kPerfOrderedSortPatchSite", kPerfOrderedSortPatchSite, kPerfOrderedSortPatchSiteExpectedBytes, sizeof(kPerfOrderedSortPatchSiteExpectedBytes)) &&
			ValidateDecodeBytes("kPerfOrderedSortContinue", kPerfOrderedSortContinue, kPerfOrderedSortContinueExpectedBytes, sizeof(kPerfOrderedSortContinueExpectedBytes)) &&
			ValidateDecodeBytes("kPerfOrderedSortDone", kPerfOrderedSortDone, kPerfOrderedSortDoneExpectedBytes, sizeof(kPerfOrderedSortDoneExpectedBytes)) &&
			ValidateDecodeBytes("kPerfOrderedSelectorCompareAddr", kPerfOrderedSelectorCompareAddr, kPerfOrderedSelectorCompareAddrExpectedBytes, sizeof(kPerfOrderedSelectorCompareAddrExpectedBytes)) &&
			ValidateDecodeBytes("kPerfOrderedGeometryCompareAddr", kPerfOrderedGeometryCompareAddr, kPerfOrderedGeometryCompareAddrExpectedBytes, sizeof(kPerfOrderedGeometryCompareAddrExpectedBytes)) &&
			ValidateDecodeBytes("kPerfDenseRefPatchSite", kPerfDenseRefPatchSite, kPerfDenseRefPatchSiteExpectedBytes, sizeof(kPerfDenseRefPatchSiteExpectedBytes)) &&
			ValidateDecodeBytes("kPerfDenseRefContinue", kPerfDenseRefContinue, kPerfDenseRefContinueExpectedBytes, sizeof(kPerfDenseRefContinueExpectedBytes)) &&
			ValidateDecodeBytes("kPerfDenseRefAppend", kPerfDenseRefAppend, kPerfDenseRefAppendExpectedBytes, sizeof(kPerfDenseRefAppendExpectedBytes)) &&
			ValidateDecodeBytes("kPerfDenseRawPatchSite", kPerfDenseRawPatchSite, kPerfDenseRawPatchSiteExpectedBytes, sizeof(kPerfDenseRawPatchSiteExpectedBytes)) &&
			ValidateDecodeBytes("kPerfDenseRawContinue", kPerfDenseRawContinue, kPerfDenseRawContinueExpectedBytes, sizeof(kPerfDenseRawContinueExpectedBytes)) &&
			ValidateDecodeBytes("kPerfDenseRawAppend", kPerfDenseRawAppend, kPerfDenseRawAppendExpectedBytes, sizeof(kPerfDenseRawAppendExpectedBytes)) &&
			ValidateDecodeBytes("kPerfFreshTransferPatchSite", kPerfFreshTransferPatchSite, kPerfFreshTransferPatchSiteExpectedBytes, sizeof(kPerfFreshTransferPatchSiteExpectedBytes)) &&
			ValidateDecodeBytes("kPerfFreshTransferContinue", kPerfFreshTransferContinue, kPerfFreshTransferContinueExpectedBytes, sizeof(kPerfFreshTransferContinueExpectedBytes)) &&
			ValidateDecodeBytes("kPerfRefArrayVtable", kPerfRefArrayVtable, kPerfRefArrayVtableExpectedBytes, sizeof(kPerfRefArrayVtableExpectedBytes)) &&
			ValidateDecodeBytes("kPerfRawArrayVtable", kPerfRawArrayVtable, kPerfRawArrayVtableExpectedBytes, sizeof(kPerfRawArrayVtableExpectedBytes)) &&
			ValidateDecodeBytes("kPerfRefCtorDecodeAddr", kPerfRefCtorDecodeAddr, kPerfRefCtorDecodeAddrExpectedBytes, sizeof(kPerfRefCtorDecodeAddrExpectedBytes)) &&
			ValidateDecodeBytes("kPerfRefSlotInitDecodeAddr", kPerfRefSlotInitDecodeAddr, kPerfRefSlotInitDecodeAddrExpectedBytes, sizeof(kPerfRefSlotInitDecodeAddrExpectedBytes)) &&
			ValidateDecodeBytes("kPerfPropertyOrderCallSite", kPerfPropertyOrderCallSite, kPerfPropertyOrderCallSiteExpectedBytes, sizeof(kPerfPropertyOrderCallSiteExpectedBytes)) &&
			ValidateDecodeBytes("kPerfPropertyPrefixPatchSite", kPerfPropertyPrefixPatchSite, kPerfPropertyPrefixPatchSiteExpectedBytes, sizeof(kPerfPropertyPrefixPatchSiteExpectedBytes)) &&
			ValidateDecodeBytes("kPerfPropertyPrefixContinue", kPerfPropertyPrefixContinue, kPerfPropertyPrefixContinueExpectedBytes, sizeof(kPerfPropertyPrefixContinueExpectedBytes)) &&
			ValidateDecodeBytes("kPerfPropertyNextOuter", kPerfPropertyNextOuter, kPerfPropertyNextOuterExpectedBytes, sizeof(kPerfPropertyNextOuterExpectedBytes)) &&
			ValidateDecodeBytes("kPerfPropertyNativeOrderAddr", kPerfPropertyNativeOrderAddr, kPerfPropertyNativeOrderAddrExpectedBytes, sizeof(kPerfPropertyNativeOrderAddrExpectedBytes)) &&
			ValidateDecodeBytes("kPerfPropertyGetSourceAddr", kPerfPropertyGetSourceAddr, kPerfPropertyGetSourceAddrExpectedBytes, sizeof(kPerfPropertyGetSourceAddrExpectedBytes)) &&
			ValidateDecodeBytes("kIndexedLightAddTailPatchSite", kIndexedLightAddTailPatchSite, kIndexedLightAddTailPatchSiteExpectedBytes, sizeof(kIndexedLightAddTailPatchSiteExpectedBytes)) &&
			ValidateDecodeBytes("kIndexedLightAddTailContinue", kIndexedLightAddTailContinue, kIndexedLightAddTailContinueExpectedBytes, sizeof(kIndexedLightAddTailContinueExpectedBytes)) &&
			ValidateDecodeBytes("kIndexedLightAddHeadPatchSite", kIndexedLightAddHeadPatchSite, kIndexedLightAddHeadPatchSiteExpectedBytes, sizeof(kIndexedLightAddHeadPatchSiteExpectedBytes)) &&
			ValidateDecodeBytes("kIndexedLightAddHeadContinue", kIndexedLightAddHeadContinue, kIndexedLightAddHeadContinueExpectedBytes, sizeof(kIndexedLightAddHeadContinueExpectedBytes)) &&
			ValidateDecodeBytes("kIndexedLightInsertBeforePatchSite", kIndexedLightInsertBeforePatchSite, kIndexedLightInsertBeforePatchSiteExpectedBytes, sizeof(kIndexedLightInsertBeforePatchSiteExpectedBytes)) &&
			ValidateDecodeBytes("kIndexedLightInsertBeforeContinue", kIndexedLightInsertBeforeContinue, kIndexedLightInsertBeforeContinueExpectedBytes, sizeof(kIndexedLightInsertBeforeContinueExpectedBytes)) &&
			ValidateDecodeBytes("kIndexedLightRemovePositionPatchSite", kIndexedLightRemovePositionPatchSite, kIndexedLightRemovePositionPatchSiteExpectedBytes, sizeof(kIndexedLightRemovePositionPatchSiteExpectedBytes)) &&
			ValidateDecodeBytes("kIndexedLightRemovePositionContinue", kIndexedLightRemovePositionContinue, kIndexedLightRemovePositionContinueExpectedBytes, sizeof(kIndexedLightRemovePositionContinueExpectedBytes)) &&
			ValidateDecodeBytes("kIndexedLightRemoveHeadPatchSite", kIndexedLightRemoveHeadPatchSite, kIndexedLightRemoveHeadPatchSiteExpectedBytes, sizeof(kIndexedLightRemoveHeadPatchSiteExpectedBytes)) &&
			ValidateDecodeBytes("kIndexedLightRemoveHeadContinue", kIndexedLightRemoveHeadContinue, kIndexedLightRemoveHeadContinueExpectedBytes, sizeof(kIndexedLightRemoveHeadContinueExpectedBytes)) &&
			ValidateDecodeBytes("kIndexedLightRemoveTailPatchSite", kIndexedLightRemoveTailPatchSite, kIndexedLightRemoveTailPatchSiteExpectedBytes, sizeof(kIndexedLightRemoveTailPatchSiteExpectedBytes)) &&
			ValidateDecodeBytes("kIndexedLightRemoveTailContinue", kIndexedLightRemoveTailContinue, kIndexedLightRemoveTailContinueExpectedBytes, sizeof(kIndexedLightRemoveTailContinueExpectedBytes)) &&
			ValidateDecodeBytes("kIndexedLightClearListPatchSite", kIndexedLightClearListPatchSite, kIndexedLightClearListPatchSiteExpectedBytes, sizeof(kIndexedLightClearListPatchSiteExpectedBytes)) &&
			ValidateDecodeBytes("kIndexedLightClearListContinue", kIndexedLightClearListContinue, kIndexedLightClearListContinueExpectedBytes, sizeof(kIndexedLightClearListContinueExpectedBytes)) &&
			ValidateDecodeBytes("kIndexedLightMoveBeforePatchSite", kIndexedLightMoveBeforePatchSite, kIndexedLightMoveBeforePatchSiteExpectedBytes, sizeof(kIndexedLightMoveBeforePatchSiteExpectedBytes)) &&
			ValidateDecodeBytes("kIndexedLightMoveBeforeContinue", kIndexedLightMoveBeforeContinue, kIndexedLightMoveBeforeContinueExpectedBytes, sizeof(kIndexedLightMoveBeforeContinueExpectedBytes)) &&
			ValidateDecodeBytes("kIndexedLightSetSourcePatchSite", kIndexedLightSetSourcePatchSite, kIndexedLightSetSourcePatchSiteExpectedBytes, sizeof(kIndexedLightSetSourcePatchSiteExpectedBytes)) &&
			ValidateDecodeBytes("kIndexedLightSetSourceContinue", kIndexedLightSetSourceContinue, kIndexedLightSetSourceContinueExpectedBytes, sizeof(kIndexedLightSetSourceContinueExpectedBytes)) &&
			ValidateDecodeBytes("kIndexedLightFindSourcePatchSite", kIndexedLightFindSourcePatchSite, kIndexedLightFindSourcePatchSiteExpectedBytes, sizeof(kIndexedLightFindSourcePatchSiteExpectedBytes)) &&
			ValidateDecodeBytes("kIndexedLightFindSourceContinue", kIndexedLightFindSourceContinue, kIndexedLightFindSourceContinueExpectedBytes, sizeof(kIndexedLightFindSourceContinueExpectedBytes)) &&
			ValidateDecodeBytes("kIndexedLightRemoveValuePatchSite", kIndexedLightRemoveValuePatchSite, kIndexedLightRemoveValuePatchSiteExpectedBytes, sizeof(kIndexedLightRemoveValuePatchSiteExpectedBytes)) &&
			ValidateDecodeBytes("kIndexedLightRemoveValueContinue", kIndexedLightRemoveValueContinue, kIndexedLightRemoveValueContinueExpectedBytes, sizeof(kIndexedLightRemoveValueContinueExpectedBytes)) &&
			ValidateDecodeBytes("kIndexedLightBeginReceiversPatchSite", kIndexedLightBeginReceiversPatchSite, kIndexedLightBeginReceiversPatchSiteExpectedBytes, sizeof(kIndexedLightBeginReceiversPatchSiteExpectedBytes)) &&
			ValidateDecodeBytes("kIndexedLightBeginReceiversContinue", kIndexedLightBeginReceiversContinue, kIndexedLightBeginReceiversContinueExpectedBytes, sizeof(kIndexedLightBeginReceiversContinueExpectedBytes)) &&
			ValidateDecodeBytes("kIndexedLightEndReceiversPatchSite", kIndexedLightEndReceiversPatchSite, kIndexedLightEndReceiversPatchSiteExpectedBytes, sizeof(kIndexedLightEndReceiversPatchSiteExpectedBytes)) &&
			ValidateDecodeBytes("kIndexedLightEndReceiversContinue", kIndexedLightEndReceiversContinue, kIndexedLightEndReceiversContinueExpectedBytes, sizeof(kIndexedLightEndReceiversContinueExpectedBytes)) &&
			ValidateDecodeBytes("kIndexedLightReceiverSearchPatchSite", kIndexedLightReceiverSearchPatchSite, kIndexedLightReceiverSearchPatchSiteExpectedBytes, sizeof(kIndexedLightReceiverSearchPatchSiteExpectedBytes)) &&
			ValidateDecodeBytes("kIndexedLightReceiverSearchContinue", kIndexedLightReceiverSearchContinue, kIndexedLightReceiverSearchContinueExpectedBytes, sizeof(kIndexedLightReceiverSearchContinueExpectedBytes)) &&
			ValidateDecodeBytes("kIndexedLightFullLightListVtable", kIndexedLightFullLightListVtable, kIndexedLightFullLightListVtableExpectedBytes, sizeof(kIndexedLightFullLightListVtableExpectedBytes)) &&
			ValidateDecodeBytes("kIndexedLightReceiverListVtable", kIndexedLightReceiverListVtable, kIndexedLightReceiverListVtableExpectedBytes, sizeof(kIndexedLightReceiverListVtableExpectedBytes)) &&
			ValidateDecodeBytes("kIndexedLightReceiverHitContinue", kIndexedLightReceiverHitContinue, kIndexedLightReceiverHitContinueExpectedBytes, sizeof(kIndexedLightReceiverHitContinueExpectedBytes)) &&
			ValidateDecodeBytes("kIndexedLightReceiverMissContinue", kIndexedLightReceiverMissContinue, kIndexedLightReceiverMissContinueExpectedBytes, sizeof(kIndexedLightReceiverMissContinueExpectedBytes)) &&
			ValidateDecodeBytes("kIndexedLightAddTailBodyAddr", kIndexedLightAddTailBodyAddr, kIndexedLightAddTailBodyAddrExpectedBytes, sizeof(kIndexedLightAddTailBodyAddrExpectedBytes)) &&
			ValidateDecodeBytes("kIndexedLightAddHeadBodyAddr", kIndexedLightAddHeadBodyAddr, kIndexedLightAddHeadBodyAddrExpectedBytes, sizeof(kIndexedLightAddHeadBodyAddrExpectedBytes)) &&
			ValidateDecodeBytes("kIndexedLightInsertBeforeBodyAddr", kIndexedLightInsertBeforeBodyAddr, kIndexedLightInsertBeforeBodyAddrExpectedBytes, sizeof(kIndexedLightInsertBeforeBodyAddrExpectedBytes)) &&
			ValidateDecodeBytes("kIndexedLightRemovePositionBodyAddr", kIndexedLightRemovePositionBodyAddr, kIndexedLightRemovePositionBodyAddrExpectedBytes, sizeof(kIndexedLightRemovePositionBodyAddrExpectedBytes)) &&
			ValidateDecodeBytes("kIndexedLightRemoveHeadBodyAddr", kIndexedLightRemoveHeadBodyAddr, kIndexedLightRemoveHeadBodyAddrExpectedBytes, sizeof(kIndexedLightRemoveHeadBodyAddrExpectedBytes)) &&
			ValidateDecodeBytes("kIndexedLightRemoveTailBodyAddr", kIndexedLightRemoveTailBodyAddr, kIndexedLightRemoveTailBodyAddrExpectedBytes, sizeof(kIndexedLightRemoveTailBodyAddrExpectedBytes)) &&
			ValidateDecodeBytes("kIndexedLightClearListBodyAddr", kIndexedLightClearListBodyAddr, kIndexedLightClearListBodyAddrExpectedBytes, sizeof(kIndexedLightClearListBodyAddrExpectedBytes)) &&
			ValidateDecodeBytes("kIndexedLightMoveBeforeBodyAddr", kIndexedLightMoveBeforeBodyAddr, kIndexedLightMoveBeforeBodyAddrExpectedBytes, sizeof(kIndexedLightMoveBeforeBodyAddrExpectedBytes)) &&
			ValidateDecodeBytes("kIndexedLightSetSourceBodyAddr", kIndexedLightSetSourceBodyAddr, kIndexedLightSetSourceBodyAddrExpectedBytes, sizeof(kIndexedLightSetSourceBodyAddrExpectedBytes)) &&
			ValidateDecodeBytes("kIndexedLightFindSourceBodyAddr", kIndexedLightFindSourceBodyAddr, kIndexedLightFindSourceBodyAddrExpectedBytes, sizeof(kIndexedLightFindSourceBodyAddrExpectedBytes)) &&
			ValidateDecodeBytes("kIndexedLightRemoveValueBodyAddr", kIndexedLightRemoveValueBodyAddr, kIndexedLightRemoveValueBodyAddrExpectedBytes, sizeof(kIndexedLightRemoveValueBodyAddrExpectedBytes)) &&
			ValidateDecodeBytes("kIndexedLightBeginReceiversBodyAddr", kIndexedLightBeginReceiversBodyAddr, kIndexedLightBeginReceiversBodyAddrExpectedBytes, sizeof(kIndexedLightBeginReceiversBodyAddrExpectedBytes)) &&
			ValidateDecodeBytes("kIndexedLightEndReceiversBodyAddr", kIndexedLightEndReceiversBodyAddr, kIndexedLightEndReceiversBodyAddrExpectedBytes, sizeof(kIndexedLightEndReceiversBodyAddrExpectedBytes)) &&
			ValidateDecodeBytes("PerfFilenoAddr", kPerfFilenoAddr, kPerfFilenoAddrExpectedBytes, sizeof(kPerfFilenoAddrExpectedBytes)) &&
			ValidateDecodeBytes("PerfOSHandleLayoutDecodeAddr", kPerfOSHandleLayoutDecodeAddr, kPerfOSHandleLayoutDecodeAddrExpectedBytes, sizeof(kPerfOSHandleLayoutDecodeAddrExpectedBytes)) &&
			ValidateDecodeBytes("PerfNativeListVtableDecodeAddr", kPerfNativeListVtableDecodeAddr, kPerfNativeListVtableDecodeAddrExpectedBytes, sizeof(kPerfNativeListVtableDecodeAddrExpectedBytes)) &&
			ValidateDecodeBytes("PerfAsciiCompareDecodeAddr", kPerfAsciiCompareDecodeAddr, kPerfAsciiCompareDecodeAddrExpectedBytes, sizeof(kPerfAsciiCompareDecodeAddrExpectedBytes)) &&
			ValidateDecodeBytes("PerfCreatedIDDecodeAddr", kPerfCreatedIDDecodeAddr, kPerfCreatedIDDecodeAddrExpectedBytes, sizeof(kPerfCreatedIDDecodeAddrExpectedBytes)) &&
			ValidateDecodeBytes("PerfListRemoveDecodeAddr", kPerfListRemoveDecodeAddr, kPerfListRemoveDecodeAddrExpectedBytes, sizeof(kPerfListRemoveDecodeAddrExpectedBytes)) &&
			ValidateDecodeBytes("Master missing-file diagnostic", kPerfMasterErrorAddr,
				kPerfMasterErrorExpectedBytes, sizeof(kPerfMasterErrorExpectedBytes)) &&
			ValidateDecodeBytes("PerfSortReusePatchSite",
				kPerfSortReusePatchSite, kPerfSortReusePatchSiteExpectedBytes, sizeof(kPerfSortReusePatchSiteExpectedBytes)) &&
			ValidateDecodeBytes("PerfSortDoneSite",
				kPerfSortDoneSite, kPerfSortDoneSiteExpectedBytes, sizeof(kPerfSortDoneSiteExpectedBytes)) &&
			ValidateDecodeBytes("PerfSortRebuildNodeSite",
				kPerfSortRebuildNodeSite, kPerfSortRebuildNodeSiteExpectedBytes, sizeof(kPerfSortRebuildNodeSiteExpectedBytes)) &&
			ValidateDecodeBytes("PerfSortRebuildHeadSite",
				kPerfSortRebuildHeadSite, kPerfSortRebuildHeadSiteExpectedBytes, sizeof(kPerfSortRebuildHeadSiteExpectedBytes)) &&
			ValidateDecodeBytes("PerfShadowTrimPatchSite",
				kPerfShadowTrimPatchSite, kPerfShadowTrimPatchSiteExpectedBytes, sizeof(kPerfShadowTrimPatchSiteExpectedBytes)) &&
			ValidateDecodeBytes("PerfPeriodicTrimPatchSite",
				kPerfPeriodicTrimPatchSite, kPerfPeriodicTrimPatchSiteExpectedBytes, sizeof(kPerfPeriodicTrimPatchSiteExpectedBytes)) &&
			ValidateDecodeBytes("PerfPeriodicTrimDoneSite",
				kPerfPeriodicTrimDoneSite, kPerfPeriodicTrimDoneSiteExpectedBytes, sizeof(kPerfPeriodicTrimDoneSiteExpectedBytes)) &&
			ValidateDecodeBytes("PerfNativeTrimAddr",
				kPerfNativeTrimAddr, kPerfNativeTrimAddrExpectedBytes, sizeof(kPerfNativeTrimAddrExpectedBytes)) &&
			ValidateDecodeBytes("PerfLightRankPatchSite",
				kPerfLightRankPatchSite, kPerfLightRankPatchSiteExpectedBytes, sizeof(kPerfLightRankPatchSiteExpectedBytes)) &&
			ValidateDecodeBytes("PerfLightScoreAddr",
				kPerfLightScoreAddr, kPerfLightScoreAddrExpectedBytes, sizeof(kPerfLightScoreAddrExpectedBytes)) &&
			ValidateDecodeBytes("PerfLightRemoveAddr",
				kPerfLightRemoveAddr, kPerfLightRemoveAddrExpectedBytes, sizeof(kPerfLightRemoveAddrExpectedBytes)) &&
			ValidateDecodeBytes("PerfLightInsertAddr",
				kPerfLightInsertAddr, kPerfLightInsertAddrExpectedBytes, sizeof(kPerfLightInsertAddrExpectedBytes)) &&
			ValidateDecodeBytes("PerfFormIDPatchSite",
				kPerfFormIDPatchSite, kPerfFormIDPatchSiteExpectedBytes, sizeof(kPerfFormIDPatchSiteExpectedBytes)) &&
			ValidateDecodeBytes("PerfWorldIDPatchSite",
				kPerfWorldIDPatchSite, kPerfWorldIDPatchSiteExpectedBytes, sizeof(kPerfWorldIDPatchSiteExpectedBytes)) &&
			ValidateDecodeBytes("PerfOwnerCtorPatchSite",
				kPerfOwnerCtorPatchSite, kPerfOwnerCtorPatchSiteExpectedBytes, sizeof(kPerfOwnerCtorPatchSiteExpectedBytes)) &&
			ValidateDecodeBytes("PerfOwnerDestroyPatchSite",
				kPerfOwnerDestroyPatchSite, kPerfOwnerDestroyPatchSiteExpectedBytes, sizeof(kPerfOwnerDestroyPatchSiteExpectedBytes)) &&
			ValidateDecodeBytes("PerfOwnerResetPatchSite",
				kPerfOwnerResetPatchSite, kPerfOwnerResetPatchSiteExpectedBytes, sizeof(kPerfOwnerResetPatchSiteExpectedBytes)) &&
			ValidateDecodeBytes("PerfIDLoadPatchSite",
				kPerfIDLoadPatchSite, kPerfIDLoadPatchSiteExpectedBytes, sizeof(kPerfIDLoadPatchSiteExpectedBytes)) &&
			ValidateDecodeBytes("PerfArraySetPatchSite",
				kPerfArraySetPatchSite, kPerfArraySetPatchSiteExpectedBytes, sizeof(kPerfArraySetPatchSiteExpectedBytes)) &&
			ValidateDecodeBytes("PerfArrayResizePatchSite",
				kPerfArrayResizePatchSite, kPerfArrayResizePatchSiteExpectedBytes, sizeof(kPerfArrayResizePatchSiteExpectedBytes)) &&
			ValidateDecodeBytes("PerfNumericPrefixPatchSite",
				kPerfNumericPrefixPatchSite, kPerfNumericPrefixPatchSiteExpectedBytes, sizeof(kPerfNumericPrefixPatchSiteExpectedBytes)) &&
			ValidateDecodeBytes("PerfWorldPrefixPatchSite",
				kPerfWorldPrefixPatchSite, kPerfWorldPrefixPatchSiteExpectedBytes, sizeof(kPerfWorldPrefixPatchSiteExpectedBytes)) &&
			ValidateDecodeBytes("PerfNumericReservePatchSite",
				kPerfNumericReservePatchSite, kPerfNumericReservePatchSiteExpectedBytes, sizeof(kPerfNumericReservePatchSiteExpectedBytes)) &&
			ValidateDecodeBytes("PerfWorldReservePatchSite",
				kPerfWorldReservePatchSite, kPerfWorldReservePatchSiteExpectedBytes, sizeof(kPerfWorldReservePatchSiteExpectedBytes)) &&
			ValidateDecodeBytes("PerfMasterPatchSite",
				kPerfMasterPatchSite, kPerfMasterPatchSiteExpectedBytes, sizeof(kPerfMasterPatchSiteExpectedBytes)) &&
			ValidateDecodeBytes("PerfMasterCompareAddr",
				kPerfMasterCompareAddr, kPerfMasterCompareAddrExpectedBytes, sizeof(kPerfMasterCompareAddrExpectedBytes)) &&
			ValidateDecodeBytes("PerfStreamSizeAddr",
				kPerfStreamSizeAddr, kPerfStreamSizeAddrExpectedBytes, sizeof(kPerfStreamSizeAddrExpectedBytes)) &&
			ValidateDecodeBytes("PerfIDLoadDecodeAddr",
				kPerfIDLoadDecodeAddr, kPerfIDLoadDecodeAddrExpectedBytes, sizeof(kPerfIDLoadDecodeAddrExpectedBytes)) &&
			ValidateDecodeBytes("PerfFormIDDecodeAddr",
				kPerfFormIDDecodeAddr, kPerfFormIDDecodeAddrExpectedBytes, sizeof(kPerfFormIDDecodeAddrExpectedBytes)) &&
			ValidateDecodeBytes("PerfWorldIDDecodeAddr",
				kPerfWorldIDDecodeAddr, kPerfWorldIDDecodeAddrExpectedBytes, sizeof(kPerfWorldIDDecodeAddrExpectedBytes)) &&
			ValidateDecodeBytes("PerfMasterDecodeAddr",
				kPerfMasterDecodeAddr, kPerfMasterDecodeAddrExpectedBytes, sizeof(kPerfMasterDecodeAddrExpectedBytes)) &&
			ValidateDecodeBytes("PerfLightRankDecodeAddr",
				kPerfLightRankDecodeAddr, kPerfLightRankDecodeAddrExpectedBytes, sizeof(kPerfLightRankDecodeAddrExpectedBytes)) &&
			ValidateDecodeBytes("PerfSortDecodeAddr",
				kPerfSortDecodeAddr, kPerfSortDecodeAddrExpectedBytes, sizeof(kPerfSortDecodeAddrExpectedBytes)) &&
			ValidateDecodeBytes("PerfOwnerCtorDecodeAddr",
				kPerfOwnerCtorDecodeAddr, kPerfOwnerCtorDecodeAddrExpectedBytes, sizeof(kPerfOwnerCtorDecodeAddrExpectedBytes)) &&
			ValidateDecodeBytes("PerfOwnerResetDecodeAddr",
				kPerfOwnerResetDecodeAddr, kPerfOwnerResetDecodeAddrExpectedBytes, sizeof(kPerfOwnerResetDecodeAddrExpectedBytes)) &&
			ValidateDecodeBytes("PerfOwnerDestroyDecodeAddr",
				kPerfOwnerDestroyDecodeAddr, kPerfOwnerDestroyDecodeAddrExpectedBytes, sizeof(kPerfOwnerDestroyDecodeAddrExpectedBytes)) &&
			ValidateDecodeBytes("PerfArraySetDecodeAddr",
				kPerfArraySetDecodeAddr, kPerfArraySetDecodeAddrExpectedBytes, sizeof(kPerfArraySetDecodeAddrExpectedBytes)) &&
			ValidateDecodeBytes("PerfArrayResizeDecodeAddr",
				kPerfArrayResizeDecodeAddr, kPerfArrayResizeDecodeAddrExpectedBytes, sizeof(kPerfArrayResizeDecodeAddrExpectedBytes)) &&
			ValidateDecodeBytes("PerfBSFileVtableAddr",
				kPerfBSFileVtableAddr, kPerfBSFileVtableAddrExpectedBytes, sizeof(kPerfBSFileVtableAddrExpectedBytes)) &&
			ValidateDecodeBytes("PerfStreamOpenDecodeAddr",
				kPerfStreamOpenDecodeAddr, kPerfStreamOpenDecodeAddrExpectedBytes, sizeof(kPerfStreamOpenDecodeAddrExpectedBytes)) &&
			ValidateDecodeBytes("Archive folder-name allocation",
				kArchiveFolderNameAllocPatchSite,
				kArchiveFolderNameAllocExpectedBytes,
				sizeof(kArchiveFolderNameAllocExpectedBytes)) &&
			ValidateDecodeBytes("ArchiveConstructorDecode",
				kArchiveConstructorDecodeAddr, kArchiveConstructorDecodeExpectedBytes, sizeof(kArchiveConstructorDecodeExpectedBytes)) &&
			ValidateDecodeBytes("ArchiveFactoryDecode",
				kArchiveFactoryDecodeAddr, kArchiveFactoryDecodeExpectedBytes, sizeof(kArchiveFactoryDecodeExpectedBytes)) &&
			ValidateDecodeBytes("ArchiveReadBytes",
				kArchiveReadBytesAddr, kArchiveReadBytesExpectedBytes, sizeof(kArchiveReadBytesExpectedBytes)) &&
			ValidateDecodeBytes("ArchiveFilenameCleanupDecode",
				kArchiveFilenameCleanupDecodeAddr, kArchiveFilenameCleanupDecodeExpectedBytes, sizeof(kArchiveFilenameCleanupDecodeExpectedBytes)) &&
			ValidateDecodeBytes("ArchiveDestructorDecode",
				kArchiveDestructorDecodeAddr, kArchiveDestructorDecodeExpectedBytes, sizeof(kArchiveDestructorDecodeExpectedBytes)) &&
			ValidateDecodeBytes("ArchiveDeletingDestructorDecode",
				kArchiveDeletingDestructorDecodeAddr, kArchiveDeletingDestructorDecodeExpectedBytes, sizeof(kArchiveDeletingDestructorDecodeExpectedBytes)) &&
			ValidateDecodeBytes("ArchiveReadCallbackDecode",
				kArchiveReadCallbackDecodeAddr, kArchiveReadCallbackDecodeExpectedBytes, sizeof(kArchiveReadCallbackDecodeExpectedBytes)) &&
			ValidateDecodeBytes("ArchiveBSFileReadDecode",
				kArchiveBSFileReadDecodeAddr, kArchiveBSFileReadDecodeExpectedBytes, sizeof(kArchiveBSFileReadDecodeExpectedBytes)) &&
			ValidateDecodeBytes("ArchiveNiFileReadDecode",
				kArchiveNiFileReadDecodeAddr, kArchiveNiFileReadDecodeExpectedBytes, sizeof(kArchiveNiFileReadDecodeExpectedBytes)) &&
			ValidateDecodeBytes("Archive cached name deferred publication",
				kArchiveCachedNamesDeferPatchSite, kArchiveCachedNamesDeferExpectedBytes, sizeof(kArchiveCachedNamesDeferExpectedBytes)) &&
			ValidateDecodeBytes("Archive cached name private construction",
				kArchiveCachedNamesBuildPatchSite, kArchiveCachedNamesBuildExpectedBytes, sizeof(kArchiveCachedNamesBuildExpectedBytes)) &&
			ValidateDecodeBytes("Archive registration",
				kArchiveRegistrationPatchSite, kArchiveRegistrationExpectedBytes, sizeof(kArchiveRegistrationExpectedBytes)) &&
			ValidateDecodeBytes("BSFile swapped-write allocation",
				kBSFileWriteSwappedAllocPatchSite,
				kBSFileWriteSwappedAllocExpectedBytes,
				sizeof(kBSFileWriteSwappedAllocExpectedBytes)) &&
			ValidateDecodeBytes("BSFile open buffer allocation",
				kBSFileOpenBufferAllocPatchSite,
				kBSFileOpenBufferAllocExpectedBytes,
				sizeof(kBSFileOpenBufferAllocExpectedBytes)) &&
			ValidateDecodeBytes("model wildcard path allocation",
				kModelWildcardPathAllocPatchSite,
				kModelWildcardPathAllocExpectedBytes,
				sizeof(kModelWildcardPathAllocExpectedBytes)) &&
			ValidateDecodeBytes("KF list head allocation",
				kKFListHeadAllocPatchSite,
				kKFListHeadAllocExpectedBytes,
				sizeof(kKFListHeadAllocExpectedBytes)) &&
			ValidateDecodeBytes("KF list string allocation",
				kKFListStringAllocPatchSite,
				kKFListStringAllocExpectedBytes,
				sizeof(kKFListStringAllocExpectedBytes)) &&
			ValidateDecodeBytes("KF list node allocation",
				kKFListNodeAllocPatchSite,
				kKFListNodeAllocExpectedBytes,
				sizeof(kKFListNodeAllocExpectedBytes)) &&
			ValidateDecodeBytes("TESFile update-open-groups allocation",
				kTESFileUpdateGroupsAllocPatchSite,
				kTESFileUpdateGroupsAllocExpectedBytes,
				sizeof(kTESFileUpdateGroupsAllocExpectedBytes)) &&
			ValidateDecodeBytes("TESFile loaded-master array allocation",
				kTESFileLoadedMastersAllocPatchSite,
				kTESFileLoadedMastersAllocExpectedBytes,
				sizeof(kTESFileLoadedMastersAllocExpectedBytes)) &&
			ValidateDecodeBytes("archive master-list buffer allocation",
				kArchiveMasterListAllocPatchSite,
				kArchiveMasterListAllocExpectedBytes,
				sizeof(kArchiveMasterListAllocExpectedBytes)) &&
			ValidateDecodeBytes("archive master-list bounded append",
				kArchiveMasterListAppendPatchSite,
				kArchiveMasterListAppendExpectedBytes,
				sizeof(kArchiveMasterListAppendExpectedBytes)) &&
			ValidateDecodeBytes("archive search-handle close",
				kArchiveSearchHandleClosePatchSite,
				kArchiveSearchHandleCloseExpectedBytes,
				sizeof(kArchiveSearchHandleCloseExpectedBytes)) &&
			ValidateDecodeBytes("archive Plugins.txt close",
				kArchivePluginsFileClosePatchSite,
				kArchivePluginsFileCloseExpectedBytes,
				sizeof(kArchivePluginsFileCloseExpectedBytes)) &&
			ValidateDecodeBytes("archive master-list newline trim",
				kArchiveMasterListNewlinePatchSite,
				kArchiveMasterListNewlineExpectedBytes,
				sizeof(kArchiveMasterListNewlineExpectedBytes)) &&
			(cellChangedRefPatchState != kCellChangedRefPatchNeedsInstall ||
				(ValidateDecodeBytes("changed reference cell override reuse",
					kCellChangedRefCellLoadPatchSite,
					kCellChangedRefCellLoadExpectedBytes,
					sizeof(kCellChangedRefCellLoadExpectedBytes)) &&
				ValidateDecodeBytes("changed reference world override reuse",
					kCellChangedRefWorldLoadPatchSite,
					kCellChangedRefWorldLoadExpectedBytes,
					sizeof(kCellChangedRefWorldLoadExpectedBytes)))) &&
			ValidateDecodeBytes("TESSpellList saved count",
				kTESSpellListCountPatchSite,
				kTESSpellListCountExpectedBytes,
				sizeof(kTESSpellListCountExpectedBytes)) &&
			ValidateDecodeBytes("TESSpellList list-node allocation",
				kTESSpellListNodeAllocPatchSite,
				kTESSpellListNodeAllocExpectedBytes,
				sizeof(kTESSpellListNodeAllocExpectedBytes)) &&
			ValidateDecodeBytes("AVCollection saved count",
				kAVCollectionCountPatchSite,
				kAVCollectionCountExpectedBytes,
				sizeof(kAVCollectionCountExpectedBytes)) &&
			ValidateDecodeBytes("MiddleHighProcess FormID saved count",
				kMiddleHighProcessFormIDCountPatchSite,
				kMiddleHighProcessFormIDCountExpectedBytes,
				sizeof(kMiddleHighProcessFormIDCountExpectedBytes)) &&
			ValidateDecodeBytes("MiddleHighProcess FormID list-node allocation",
				kMiddleHighProcessFormIDNodeAllocPatchSite,
				kMiddleHighProcessFormIDNodeAllocExpectedBytes,
				sizeof(kMiddleHighProcessFormIDNodeAllocExpectedBytes)) &&
			ValidateDecodeBytes("KnownEffects saved count",
				kKnownEffectsCountPatchSite,
				kKnownEffectsCountExpectedBytes,
				sizeof(kKnownEffectsCountExpectedBytes)) &&
			ValidateDecodeBytes("Actor relationship/disposition first loop",
				kActorRelationshipDispositionFirstPatchSite,
				kActorRelationshipDispositionFirstLoopExpectedBytes,
				sizeof(kActorRelationshipDispositionFirstLoopExpectedBytes)) &&
			ValidateDecodeBytes("Actor relationship/disposition second loop",
				kActorRelationshipDispositionSecondPatchSite,
				kActorRelationshipDispositionSecondLoopExpectedBytes,
				sizeof(kActorRelationshipDispositionSecondLoopExpectedBytes)) &&
			ValidateDecodeBytes("TESForm current-save data wrapper",
				kTESFormLoadDataFromCurrentSaveGameAddr,
				kTESFormLoadDataFromCurrentSaveGameExpectedBytes,
				sizeof(kTESFormLoadDataFromCurrentSaveGameExpectedBytes)) &&
			ValidateDecodeBytes("TESForm current-save FormID wrapper",
				kTESFormLoadFormIDFromCurrentSaveGameAddr,
				kTESFormLoadFormIDFromCurrentSaveGameExpectedBytes,
				sizeof(kTESFormLoadFormIDFromCurrentSaveGameExpectedBytes)) &&
			(!kInstallArchiveStreamingGuards ||
				(ValidateDecodeBytes("archive raw read target guard",
					kArchiveRawReadTargetPatchSite,
					kArchiveRawReadTargetExpectedBytes,
					sizeof(kArchiveRawReadTargetExpectedBytes)) &&
				ValidateDecodeBytes("archive raw read count clamp",
					kArchiveRawReadCountClampPatchSite,
					kArchiveRawReadCountClampExpectedBytes,
					sizeof(kArchiveRawReadCountClampExpectedBytes)) &&
				ValidateDecodeBytes("compressed archive refill",
					kCompressedArchiveRefillPatchSite,
					kCompressedArchiveRefillExpectedBytes,
					sizeof(kCompressedArchiveRefillExpectedBytes)))) &&
			ValidateDecodeBytes("TESFile_NextRecord advance",
				kTESFileNextRecordAdvancePatchSite,
				kTESFileNextRecordAdvanceExpectedBytes,
				sizeof(kTESFileNextRecordAdvanceExpectedBytes)) &&
			ValidateDecodeBytes("TESFile_GetNextChunk advance",
				kTESFileGetNextChunkAdvancePatchSite,
				kTESFileGetNextChunkAdvanceExpectedBytes,
				sizeof(kTESFileGetNextChunkAdvanceExpectedBytes)) &&
			ValidateDecodeBytes("TESFile compressed input bounds",
				kTESFileCompressedInputBoundsPatchSite,
				kTESFileCompressedInputBoundsExpectedBytes,
				sizeof(kTESFileCompressedInputBoundsExpectedBytes)) &&
			ValidateDecodeBytes("TESFile inflated output size",
				kTESFileInflatedSizePatchSite,
				kTESFileInflatedSizeExpectedBytes,
				sizeof(kTESFileInflatedSizeExpectedBytes)) &&
			ValidateDecodeBytes("TESFile inflate-init failure cleanup",
				kTESFileInflateInitCleanupPatchSite,
				kTESFileInflateInitCleanupExpectedBytes,
				sizeof(kTESFileInflateInitCleanupExpectedBytes)) &&
			ValidateDecodeBytes("TESFile common inflate failure cleanup",
				kTESFileInflateFailureCleanupDecodeAddr,
				kTESFileInflateFailureCleanupExpectedBytes,
				sizeof(kTESFileInflateFailureCleanupExpectedBytes)) &&
			ValidateDecodeBytes("TESFile compressed record size",
				kTESFileDecompressedRecordSizePatchSite,
				kTESFileDecompressedRecordSizeExpectedBytes,
				sizeof(kTESFileDecompressedRecordSizeExpectedBytes)) &&
			ValidateDecodeBytes("TESFile decompressed-record allocation",
				kTESFileDecompressedRecordAllocPatchSite,
				kTESFileDecompressedRecordAllocExpectedBytes,
				sizeof(kTESFileDecompressedRecordAllocExpectedBytes)) &&
			ValidateDecodeBytes("TESFile compressed chunk header tail",
				kTESFileLoadChunkHeaderCompressedTailPatchSite,
				kTESFileLoadChunkHeaderCompressedTailExpectedBytes,
				sizeof(kTESFileLoadChunkHeaderCompressedTailExpectedBytes)) &&
			ValidateDecodeBytes("TESFile truncated compressed chunk copy",
				kTESFileGetChunkDataTruncatedCopyPatchSite,
				kTESFileGetChunkDataTruncatedCopyExpectedBytes,
				sizeof(kTESFileGetChunkDataTruncatedCopyExpectedBytes)) &&
			ValidateDecodeBytes("TESFile full compressed chunk copy",
				kTESFileGetChunkDataFullCopyPatchSite,
				kTESFileGetChunkDataFullCopyExpectedBytes,
				sizeof(kTESFileGetChunkDataFullCopyExpectedBytes)) &&
			ValidateDecodeBytes("TESFile JumpToRecord target",
				kTESFileJumpToRecordValidatePatchSite,
				kTESFileJumpToRecordValidateExpectedBytes,
				sizeof(kTESFileJumpToRecordValidateExpectedBytes)) &&
			ValidateDecodeBytes("TESFile NextGroup",
				kTESFileNextGroupPatchSite,
				kTESFileNextGroupExpectedBytes,
				sizeof(kTESFileNextGroupExpectedBytes)) &&
			ValidateDecodeBytes("TESForm record compression temp allocation",
				kTESFormCompressRecordTempAllocPatchSite,
				kTESFormCompressRecordTempAllocExpectedBytes,
				sizeof(kTESFormCompressRecordTempAllocExpectedBytes)) &&
			ValidateDecodeBytes("TESForm record compression deflate-error cleanup",
				kTESFormCompressRecordDeflateErrorCleanupPatchSite,
				kTESFormCompressRecordDeflateErrorCleanupExpectedBytes,
				sizeof(kTESFormCompressRecordDeflateErrorCleanupExpectedBytes)) &&
			ValidateDecodeBytes("TESForm record compression final allocation",
				kTESFormCompressRecordFinalAllocPatchSite,
				kTESFormCompressRecordFinalAllocExpectedBytes,
				sizeof(kTESFormCompressRecordFinalAllocExpectedBytes)) &&
			(worldspaceOFSTPatchState != kTESWorldSpaceOFSTPatchNeedsInstall ||
				(ValidateDecodeBytes("TESWorldSpace WRLD OFST load",
					kTESWorldSpaceLoadOFSTPatchSite,
					kTESWorldSpaceLoadOFSTExpectedBytes,
					sizeof(kTESWorldSpaceLoadOFSTExpectedBytes)) &&
				ValidateDecodeBytes("TESWorldSpace exterior cell offset lookup",
					kTESWorldSpaceFindCellOffsetPatchSite,
					kTESWorldSpaceFindCellOffsetExpectedBytes,
					sizeof(kTESWorldSpaceFindCellOffsetExpectedBytes)) &&
				ValidateDecodeBytes("TESWorldSpace rebuilt offset allocation",
					kTESWorldSpaceRebuildAllocPatchSite,
					kTESWorldSpaceRebuildAllocExpectedBytes,
					sizeof(kTESWorldSpaceRebuildAllocExpectedBytes)) &&
				ValidateDecodeBytes("TESWorldSpace post-fixup rebuilt offset write",
					kTESWorldSpacePostFixupOffsetWritePatchSite,
					kTESWorldSpacePostFixupOffsetWriteExpectedBytes,
					sizeof(kTESWorldSpacePostFixupOffsetWriteExpectedBytes)) &&
				ValidateDecodeBytes("TESWorldSpace post-fixup rebuilt offset commit",
					kTESWorldSpacePostFixupOffsetCommitPatchSite,
					kTESWorldSpacePostFixupOffsetCommitExpectedBytes,
					sizeof(kTESWorldSpacePostFixupOffsetCommitExpectedBytes)) &&
				ValidateDecodeBytes("TESWorldSpace post-fixup offset validation read",
					kTESWorldSpacePostFixupOffsetReadPatchSite,
					kTESWorldSpacePostFixupOffsetReadExpectedBytes,
					sizeof(kTESWorldSpacePostFixupOffsetReadExpectedBytes)))) &&
			ValidateDecodeBytes("loading texture wait",
				kLoadingTextureWaitPatchSite,
				kLoadingTextureWaitExpectedBytes,
				sizeof(kLoadingTextureWaitExpectedBytes)) &&
			ValidateDecodeBytes("load-game start tick",
				kLoadGameStartTickPatchSite,
				kLoadGameStartTickExpectedBytes,
				sizeof(kLoadGameStartTickExpectedBytes)) &&
			ValidateDecodeBytes("worldspace message delay",
				kWorldspaceMessageDelayPatchSite,
				kWorldspaceMessageDelayExpectedBytes,
				sizeof(kWorldspaceMessageDelayExpectedBytes)) &&
			ValidateDecodeBytes("global animation timer update",
				kGlobalAnimTimerUpdateDecodeAddr,
				kGlobalAnimTimerUpdateExpectedBytes,
				sizeof(kGlobalAnimTimerUpdateExpectedBytes)) &&
			ValidateDecodeBytes("global animation timer scene update",
				kGlobalAnimTimerSceneUpdateDecodeAddr,
				kGlobalAnimTimerSceneUpdateExpectedBytes,
				sizeof(kGlobalAnimTimerSceneUpdateExpectedBytes)) &&
			ValidateDecodeBytes("ActorAnimData restore clock write",
				kActorAnimRestoreClockWriteSite,
				kActorAnimRestoreClockWriteExpectedBytes,
				sizeof(kActorAnimRestoreClockWriteExpectedBytes)) &&
			ValidateDecodeBytes("ActorAnimData clock write",
				kActorAnimUpdateClockWriteSite,
				kActorAnimClockWriteExpectedBytes,
				sizeof(kActorAnimClockWriteExpectedBytes)) &&
			(actorAnimClockPatchState != kActorAnimClockPatchNeedsInstall ||
				ValidateDecodeBytes("ActorAnimData post-clock loop",
					kActorAnimUpdateClockPatchSite,
					kActorAnimClockPatchExpectedBytes,
					sizeof(kActorAnimClockPatchExpectedBytes))) &&
			ValidateDecodeBytes("BSAnimGroupSequence sample update",
				kBSAnimGroupSequenceSampleUpdateAddr,
				kBSAnimGroupSequenceSampleUpdateExpectedBytes,
				sizeof(kBSAnimGroupSequenceSampleUpdateExpectedBytes)) &&
			ValidateDecodeBytes("BSAnimGroupSequence save state",
				kBSAnimGroupSequenceSaveStateAddr,
				kBSAnimGroupSequenceSaveStateExpectedBytes,
				sizeof(kBSAnimGroupSequenceSaveStateExpectedBytes)) &&
			ValidateDecodeBytes("BSAnimGroupSequence load state",
				kBSAnimGroupSequenceLoadStateAddr,
				kBSAnimGroupSequenceLoadStateExpectedBytes,
				sizeof(kBSAnimGroupSequenceLoadStateExpectedBytes)) &&
			ValidateDecodeBytes("NiControllerSequence update",
				kNiControllerSequenceUpdateAddr,
				kNiControllerSequenceUpdateExpectedBytes,
				sizeof(kNiControllerSequenceUpdateExpectedBytes)) &&
			ValidateDecodeBytes("Actor adjacent process guard",
				kActorAdjacentProcessGuardDecodeAddr,
				kActorAdjacentProcessGuardExpectedBytes,
				sizeof(kActorAdjacentProcessGuardExpectedBytes)) &&
			ValidateDecodeBytes("Actor::IsTalking adjacent process guard",
				kActorIsTalkingAdjacentGuardDecodeAddr,
				kActorIsTalkingAdjacentGuardExpectedBytes,
				sizeof(kActorIsTalkingAdjacentGuardExpectedBytes));
	}

	static bool InstallPatches()
	{
		if (s_patchInstalled)
			return true;
		if (s_patchInstallBlocked)
			return false;

		TexturePalettePatchState texturePaletteState = GetTexturePalettePatchState();
		if (texturePaletteState == kTexturePalettePatchMismatch)
			return false;

		GlobalAnimTimerLoadPatchState globalAnimTimerLoadState = GetGlobalAnimTimerLoadPatchState();
		if (globalAnimTimerLoadState == kGlobalAnimTimerLoadPatchMismatch)
			return false;

		RendererInitFailurePatchState rendererInitFailureState = GetRendererInitFailurePatchState();
		if (rendererInitFailureState == kRendererInitFailurePatchMismatch)
			return false;

		ActorGetAttackedPatchState actorGetAttackedState = GetActorGetAttackedPatchState();
		if (actorGetAttackedState == kActorGetAttackedPatchMismatch)
			return false;

		ActorIsTalkingPatchState actorIsTalkingState = GetActorIsTalkingPatchState();
		if (actorIsTalkingState == kActorIsTalkingPatchMismatch)
			return false;

		ActorProcessCommandPatchState actorGetFurnitureMarkerIDState = GetActorProcessCommandPatchState(
			"Actor::GetFurnitureMarkerID",
			kActorGetFurnitureMarkerIDPatchSite,
			kActorGetFurnitureMarkerIDExpectedBytes,
			sizeof(kActorGetFurnitureMarkerIDExpectedBytes),
			kEngineBugFixesGetFurnitureMarkerIDHookRVA,
			1,
			kEngineBugFixesActorESIProcessGuardBody,
			sizeof(kEngineBugFixesActorESIProcessGuardBody));
		if (actorGetFurnitureMarkerIDState == kActorProcessCommandPatchMismatch)
			return false;

		ActorProcessCommandPatchState actorGetLineOfSightState = GetActorProcessCommandPatchState(
			"Actor::GetLineOfSight",
			kActorGetLineOfSightPatchSite,
			kActorGetLineOfSightExpectedBytes,
			sizeof(kActorGetLineOfSightExpectedBytes),
			kEngineBugFixesGetLineOfSightHookRVA,
			2,
			kEngineBugFixesActorLineOfSightGuardBody,
			sizeof(kEngineBugFixesActorLineOfSightGuardBody));
		if (actorGetLineOfSightState == kActorProcessCommandPatchMismatch)
			return false;

		ActorProcessCommandPatchState actorGetWalkSpeedState = GetActorProcessCommandPatchState(
			"Actor::GetWalkSpeed",
			kActorGetWalkSpeedPatchSite,
			kActorGetWalkSpeedExpectedBytes,
			sizeof(kActorGetWalkSpeedExpectedBytes),
			kEngineBugFixesGetWalkSpeedHookRVA,
			3,
			kEngineBugFixesActorESIProcessGuardBody,
			sizeof(kEngineBugFixesActorESIProcessGuardBody));
		if (actorGetWalkSpeedState == kActorProcessCommandPatchMismatch)
			return false;

		ActorProcessCommandPatchState actorUsingTorchState = GetActorProcessCommandPatchState(
			"Actor::IsActorUsingATorch",
			kActorUsingTorchPatchSite,
			kActorUsingTorchExpectedBytes,
			sizeof(kActorUsingTorchExpectedBytes),
			kEngineBugFixesActorUsingTorchHookRVA,
			4,
			kEngineBugFixesActorESIProcessGuardBody,
			sizeof(kEngineBugFixesActorESIProcessGuardBody));
		if (actorUsingTorchState == kActorProcessCommandPatchMismatch)
			return false;

		ActorProcessCommandPatchState actorCurrentFurnitureObjectState = GetActorProcessCommandPatchState(
			"Actor::IsCurrentFurnitureObj",
			kActorCurrentFurnitureObjectPatchSite,
			kActorCurrentFurnitureObjectExpectedBytes,
			sizeof(kActorCurrentFurnitureObjectExpectedBytes),
			kEngineBugFixesCurrentFurnitureObjectHookRVA,
			5,
			kEngineBugFixesActorESIProcessGuardBody,
			sizeof(kEngineBugFixesActorESIProcessGuardBody));
		if (actorCurrentFurnitureObjectState == kActorProcessCommandPatchMismatch)
			return false;

		ActorProcessCommandPatchState actorCurrentFurnitureReferenceState = GetActorProcessCommandPatchState(
			"Actor::IsCurrentFurnitureRef",
			kActorCurrentFurnitureReferencePatchSite,
			kActorCurrentFurnitureReferenceExpectedBytes,
			sizeof(kActorCurrentFurnitureReferenceExpectedBytes),
			kEngineBugFixesCurrentFurnitureReferenceHookRVA,
			6,
			kEngineBugFixesActorESIProcessGuardBody,
			sizeof(kEngineBugFixesActorESIProcessGuardBody));
		if (actorCurrentFurnitureReferenceState == kActorProcessCommandPatchMismatch)
			return false;

		ActorProcessCommandPatchState actorIsRunningState = GetActorProcessCommandPatchState(
			"Actor::IsRunning",
			kActorIsRunningPatchSite,
			kActorIsRunningExpectedBytes,
			sizeof(kActorIsRunningExpectedBytes),
			kEngineBugFixesIsRunningHookRVA,
			7,
			kEngineBugFixesActorESIProcessGuardBody,
			sizeof(kEngineBugFixesActorESIProcessGuardBody));
		if (actorIsRunningState == kActorProcessCommandPatchMismatch)
			return false;

		CommandNullGuardPatchState canHaveFlamesState = GetCommandNullGuardPatchState(
			"CanHaveFlames",
			kCanHaveFlamesPatchSite,
			kCanHaveFlamesExpectedBytes,
			sizeof(kCanHaveFlamesExpectedBytes),
			IsEngineBugFixesV222CanHaveFlamesGuard());
		if (canHaveFlamesState == kCommandNullGuardPatchMismatch)
			return false;

		CommandNullGuardPatchState getAlarmedState = GetCommandNullGuardPatchState(
			"GetAlarmed",
			kGetAlarmedPatchSite,
			kGetAlarmedExpectedBytes,
			sizeof(kGetAlarmedExpectedBytes),
			IsEngineBugFixesV222GetAlarmedGuard());
		if (getAlarmedState == kCommandNullGuardPatchMismatch)
			return false;

		CommandNullGuardPatchState spellPurchaseTileState = GetCommandNullGuardPatchState(
			"SpellPurchaseMenu tile",
			kSpellPurchaseTilePatchSite,
			kSpellPurchaseTileExpectedBytes,
			sizeof(kSpellPurchaseTileExpectedBytes),
			IsEngineBugFixesV222SpellPurchaseGuard());
		if (spellPurchaseTileState == kCommandNullGuardPatchMismatch)
			return false;

		DropItemPatchState dropItemState = GetDropItemPatchState();
		if (dropItemState == kDropItemPatchMismatch)
			return false;

		CellChangedRefPatchState cellChangedRefPatchState = GetCellChangedRefPatchState();
		if (cellChangedRefPatchState == kCellChangedRefPatchMismatch)
			return false;

		ActorAnimPreSamplePatchState actorAnimPreSampleState = GetActorAnimPreSamplePatchState();
		if (actorAnimPreSampleState == kActorAnimPreSamplePatchMismatch)
			return false;

		ActorAnimClockPatchState actorAnimClockPatchState = GetActorAnimClockPatchState();
		if (actorAnimClockPatchState == kActorAnimClockPatchMismatch)
			return false;

		TESWorldSpaceOFSTPatchState worldspaceOFSTPatchState = GetTESWorldSpaceOFSTPatchState();
		if (worldspaceOFSTPatchState == kTESWorldSpaceOFSTPatchMismatch)
			return false;

		if (!ValidateDecode(actorAnimClockPatchState,
			worldspaceOFSTPatchState,
			cellChangedRefPatchState))
			return false;

		ScopedPatchTransaction patchScope;
		InitializePerformanceRuntime();
		if (!WriteRelCall(kSaveReadGatePatchSite, (UInt32)&SaveReadPreflightGate)) return false;
 
		if (!(WriteRelCall(kPerfSaveQueuePatchSite, (UInt32)&PerfSaveQueueAppendPatch) &&
			WriteRelJump(kPerfExteriorQueryPatchSite, (UInt32)&PerfExteriorQueryPatch, sizeof(kPerfExteriorQueryPatchSiteExpectedBytes)) &&
			WriteRelJump(kPerfExteriorConsumerPatchSite, (UInt32)&PerfExteriorConsumerPatch, sizeof(kPerfExteriorConsumerPatchSiteExpectedBytes)) &&
			WriteRelJump(kPerfExteriorAddPatchSite, (UInt32)&PerfExteriorAddPatch, sizeof(kPerfExteriorAddPatchSiteExpectedBytes)) &&
			WriteRelJump(kPerfExteriorCtorPatchSite, (UInt32)&PerfExteriorCtorPatch, sizeof(kPerfExteriorCtorPatchSiteExpectedBytes)) &&
			WriteRelJump(kPerfExteriorDtorPatchSite, (UInt32)&PerfExteriorDtorPatch, sizeof(kPerfExteriorDtorPatchSiteExpectedBytes)))) return false;

		if (!(WriteRelJump(kPerfAMArchiveEnumerateSite, (UInt32)&PerfAMArchiveEnumerate, sizeof(kPerfAMArchiveEnumerateSiteExpectedBytes)) &&
			WriteRelJump(kPerfAMArchiveEmitSite, (UInt32)&PerfAMArchiveEmitPatch, sizeof(kPerfAMArchiveEmitSiteExpectedBytes)) &&
			WriteRelJump(kPerfAMAddModelSite, (UInt32)&PerfAMAddModelPatch, sizeof(kPerfAMAddModelSiteExpectedBytes)) &&
			WriteRelJump(kPerfAMCopySite, (UInt32)&PerfAMCopyModelPatch, sizeof(kPerfAMCopySiteExpectedBytes)) &&
			WriteRelJump(kPerfAMClearModelSite, (UInt32)&PerfAMClearModelPatch, sizeof(kPerfAMClearModelSiteExpectedBytes)) &&
			WriteRelCall(kPerfAMNifzReadSite, (UInt32)&PerfAMReadNifzPatch) &&
			WriteRelJump(kPerfAMNifzBatchSite, (UInt32)&PerfAMNifzBatchPatch, sizeof(kPerfAMNifzBatchSiteExpectedBytes)) &&
			WriteRelJump(kPerfLC1Site, (UInt32)&PerfLC1BuildPatch, sizeof(kPerfLC1SiteExpectedBytes)) &&
			WriteRelCall(kPerfActorRebuildPatchSite, (UInt32)&PerfActorRebuildPatch) &&
			WriteRelJump(kPerfSaveMapSetAtPatchSite, (UInt32)&PerfSaveMapSetAtPatch, sizeof(kPerfSaveMapSetAtPatchSiteExpectedBytes)) &&
			WriteRelJump(kPerfSaveMapRemovePatchSite, (UInt32)&PerfSaveMapRemovePatch, sizeof(kPerfSaveMapRemovePatchSiteExpectedBytes)) &&
			WriteRelJump(kPerfSaveMapClearPatchSite, (UInt32)&PerfSaveMapClearPatch, sizeof(kPerfSaveMapClearPatchSiteExpectedBytes)) &&
			WriteRelJump(kPerfSaveMapCtorPatchSite, (UInt32)&PerfSaveMapCtorPatch, sizeof(kPerfSaveMapCtorPatchSiteExpectedBytes)) &&
			WriteRelJump(kPerfSaveMapDtorPatchSite, (UInt32)&PerfSaveMapDtorPatch, sizeof(kPerfSaveMapDtorPatchSiteExpectedBytes)) &&
			WriteRelJump(kPerfActorMapPressurePatchSite, (UInt32)&PerfActorMapPressurePatch, sizeof(kPerfActorMapPressurePatchSiteExpectedBytes)) &&
			WriteRelJump(kPerfOrderedSortPatchSite, (UInt32)&PerfOrderedPassSortPatch, sizeof(kPerfOrderedSortPatchSiteExpectedBytes)) &&
			WriteRelJump(kPerfDenseRefPatchSite, (UInt32)&PerfDenseRefArrayPatch, sizeof(kPerfDenseRefPatchSiteExpectedBytes)) &&
			WriteRelJump(kPerfDenseRawPatchSite, (UInt32)&PerfDenseRawArrayPatch, sizeof(kPerfDenseRawPatchSiteExpectedBytes)) &&
			WriteRelJump(kPerfFreshTransferPatchSite, (UInt32)&PerfFreshTransferReservePatch, sizeof(kPerfFreshTransferPatchSiteExpectedBytes)) &&
			WriteRelCall(kPerfPropertyOrderCallSite, (UInt32)&PerfPropertyOrderCallPatch) &&
			WriteRelJump(kPerfPropertyPrefixPatchSite, (UInt32)&PerfPropertyPrefixPatch, sizeof(kPerfPropertyPrefixPatchSiteExpectedBytes)) &&
			WriteRelJump(kIndexedLightAddTailPatchSite, (UInt32)&IndexedLightAddTailPatch, sizeof(kIndexedLightAddTailPatchSiteExpectedBytes)) &&
			WriteRelJump(kIndexedLightAddHeadPatchSite, (UInt32)&IndexedLightAddHeadPatch, sizeof(kIndexedLightAddHeadPatchSiteExpectedBytes)) &&
			WriteRelJump(kIndexedLightInsertBeforePatchSite, (UInt32)&IndexedLightInsertBeforePatch, sizeof(kIndexedLightInsertBeforePatchSiteExpectedBytes)) &&
			WriteRelJump(kIndexedLightRemovePositionPatchSite, (UInt32)&IndexedLightRemovePositionPatch, sizeof(kIndexedLightRemovePositionPatchSiteExpectedBytes)) &&
			WriteRelJump(kIndexedLightRemoveHeadPatchSite, (UInt32)&IndexedLightRemoveHeadPatch, sizeof(kIndexedLightRemoveHeadPatchSiteExpectedBytes)) &&
			WriteRelJump(kIndexedLightRemoveTailPatchSite, (UInt32)&IndexedLightRemoveTailPatch, sizeof(kIndexedLightRemoveTailPatchSiteExpectedBytes)) &&
			WriteRelJump(kIndexedLightClearListPatchSite, (UInt32)&IndexedLightClearListPatch, sizeof(kIndexedLightClearListPatchSiteExpectedBytes)) &&
			WriteRelJump(kIndexedLightMoveBeforePatchSite, (UInt32)&IndexedLightMoveBeforePatch, sizeof(kIndexedLightMoveBeforePatchSiteExpectedBytes)) &&
			WriteRelJump(kIndexedLightSetSourcePatchSite, (UInt32)&IndexedLightSetSourcePatch, sizeof(kIndexedLightSetSourcePatchSiteExpectedBytes)) &&
			WriteRelJump(kIndexedLightFindSourcePatchSite, (UInt32)&IndexedLightFindSourcePatch, sizeof(kIndexedLightFindSourcePatchSiteExpectedBytes)) &&
			WriteRelJump(kIndexedLightRemoveValuePatchSite, (UInt32)&IndexedLightRemoveValuePatch, sizeof(kIndexedLightRemoveValuePatchSiteExpectedBytes)) &&
			WriteRelJump(kIndexedLightBeginReceiversPatchSite, (UInt32)&IndexedLightBeginReceiversPatch, sizeof(kIndexedLightBeginReceiversPatchSiteExpectedBytes)) &&
			WriteRelJump(kIndexedLightEndReceiversPatchSite, (UInt32)&IndexedLightEndReceiversPatch, sizeof(kIndexedLightEndReceiversPatchSiteExpectedBytes)) &&
			WriteRelJump(kIndexedLightReceiverSearchPatchSite, (UInt32)&IndexedLightReceiverSearchPatch, sizeof(kIndexedLightReceiverSearchPatchSiteExpectedBytes))))
		{
			Log("failed to stage performance and light-count fixes");
			return false;
		}

		if (!WriteRelJump(kPerfSortReusePatchSite, (UInt32)&PerfSortReusePatch, sizeof(kPerfSortReusePatchSiteExpectedBytes)) ||
			!WriteRelCall(kPerfShadowTrimPatchSite, (UInt32)&PerfShadowTrimPatch) ||
			!WriteRelJump(kPerfPeriodicTrimPatchSite, (UInt32)&PerfPeriodicTrimPatch, sizeof(kPerfPeriodicTrimPatchSiteExpectedBytes)) ||
			!WriteRelJump(kPerfLightRankPatchSite, (UInt32)&PerfLightRankPatch, sizeof(kPerfLightRankPatchSiteExpectedBytes)) ||
			!WriteRelJump(kPerfFormIDPatchSite, (UInt32)&PerfFormIDPatch, sizeof(kPerfFormIDPatchSiteExpectedBytes)) ||
			!WriteRelJump(kPerfWorldIDPatchSite, (UInt32)&PerfWorldIDPatch, sizeof(kPerfWorldIDPatchSiteExpectedBytes)) ||
			!WriteRelJump(kPerfOwnerCtorPatchSite, (UInt32)&PerfOwnerCtorPatch, sizeof(kPerfOwnerCtorPatchSiteExpectedBytes)) ||
			!WriteRelJump(kPerfOwnerDestroyPatchSite, (UInt32)&PerfOwnerDestroyPatch, sizeof(kPerfOwnerDestroyPatchSiteExpectedBytes)) ||
			!WriteRelJump(kPerfOwnerResetPatchSite, (UInt32)&PerfOwnerResetPatch, sizeof(kPerfOwnerResetPatchSiteExpectedBytes)) ||
			!WriteRelJump(kPerfIDLoadPatchSite, (UInt32)&PerfIDLoadPatch, sizeof(kPerfIDLoadPatchSiteExpectedBytes)) ||
			!WriteRelJump(kPerfArraySetPatchSite, (UInt32)&PerfArraySetPatch, sizeof(kPerfArraySetPatchSiteExpectedBytes)) ||
			!WriteRelJump(kPerfArrayResizePatchSite, (UInt32)&PerfArrayResizePatch, sizeof(kPerfArrayResizePatchSiteExpectedBytes)) ||
			!WriteRelJump(kPerfNumericPrefixPatchSite, (UInt32)&PerfNumericPrefixPatch, sizeof(kPerfNumericPrefixPatchSiteExpectedBytes)) ||
			!WriteRelJump(kPerfWorldPrefixPatchSite, (UInt32)&PerfWorldPrefixPatch, sizeof(kPerfWorldPrefixPatchSiteExpectedBytes)) ||
			!WriteRelCall(kPerfNumericReservePatchSite, (UInt32)&PerfNumericReservePatch) ||
			!WriteRelCall(kPerfWorldReservePatchSite, (UInt32)&PerfWorldReservePatch) ||
			!WriteRelJump(kPerfMasterPatchSite, (UInt32)&PerfMasterPatch, sizeof(kPerfMasterPatchSiteExpectedBytes)))
		{
			Log("failed to stage performance fixes and ID-array lifetime guards");
			return false;
		}
		// Both constructor hooks and checked factory publication commit with the
		// entire installation. No half-installed cached-name path can execute.
		if (!WriteRelJump(kArchiveCachedNamesDeferPatchSite,
			kArchiveCachedNamesDeferContinueSite, sizeof(kArchiveCachedNamesDeferExpectedBytes)) ||
			!WriteRelJump(kArchiveCachedNamesBuildPatchSite,
				(UInt32)&ArchiveCachedNamesBuildPatch, sizeof(kArchiveCachedNamesBuildExpectedBytes)) ||
			!WriteRelJump(kArchiveRegistrationPatchSite,
				(UInt32)&ArchiveRegistrationPatch, sizeof(kArchiveRegistrationExpectedBytes)))
		{
			Log("failed to stage archive cached-name construction/registration guards");
			return false;
		}

		if (!WriteRelJump(kMainThreadHandlePatchSite, (UInt32)&MainThreadHandleDuplicatePatch, sizeof(kMainThreadHandleExpectedBytes)))
		{
			Log("failed to write OSGlobals main thread handle patch at %08X", kMainThreadHandlePatchSite);
			return false;
		}

		if (!WriteBytes(kBSSimpleListInsertSortedAllocFailureBranchSite,
				kBSSimpleListInsertSortedAllocFailureReplacementBytes,
				sizeof(kBSSimpleListInsertSortedAllocFailureReplacementBytes)))
		{
			Log("failed to write BSSimpleList InsertSorted allocation-failure branch at %08X",
				kBSSimpleListInsertSortedAllocFailureBranchSite);
			return false;
		}

		if (!WriteBytes(kBSSimpleListPushFrontAllocFailureBranchSite,
				kBSSimpleListPushFrontAllocFailureReplacementBytes,
				sizeof(kBSSimpleListPushFrontAllocFailureReplacementBytes)))
		{
			Log("failed to write BSSimpleList PushFront allocation-failure branch at %08X",
				kBSSimpleListPushFrontAllocFailureBranchSite);
			return false;
		}

		if (!WriteRelCall(kEffectSettingFilteredListHeadAllocPatchSite,
				(UInt32)&EffectSettingFilteredListHeadAllocPatch) ||
			!WriteBytes(kEffectSettingFilteredListNodeAllocFailureBranchSite,
				kEffectSettingFilteredListNodeAllocFailureReplacementBytes,
				sizeof(kEffectSettingFilteredListNodeAllocFailureReplacementBytes)))
		{
			Log("failed to write EffectSetting filtered-list allocation guards at %08X/%08X",
				kEffectSettingFilteredListHeadAllocPatchSite,
				kEffectSettingFilteredListNodeAllocFailureBranchSite);
			return false;
		}

		if (texturePaletteState == kTexturePalettePatchNeedsInstall &&
			!WriteRelJump(kTexturePaletteUnderscorePatchSite, (UInt32)&TexturePaletteUnderscorePatch, sizeof(kTexturePaletteExpectedBytes)))
		{
			Log("failed to write relative jump at %08X", kTexturePaletteUnderscorePatchSite);
			return false;
		}

		if (!WriteRelJump(kSaveLoadCreateBufferPatchSite,
				(UInt32)&SaveLoadCreateBufferPatch,
				sizeof(kSaveLoadCreateBufferExpectedBytes)) ||
			!WriteRelJump(kSaveLoadFreeBufferPatchSite,
				(UInt32)&SaveLoadFreeBufferPatch,
				sizeof(kSaveLoadFreeBufferExpectedBytes)) ||
			!WriteRelJump(kSaveLoadRawBlobMap54PatchSite,
				(UInt32)&SaveLoadRawBlobMap54Patch,
				sizeof(kSaveLoadRawBlobMap54ExpectedBytes)) ||
			!WriteRelJump(kSaveLoadRawBlobMap58PatchSite,
				(UInt32)&SaveLoadRawBlobMap58Patch,
				sizeof(kSaveLoadRawBlobMap58ExpectedBytes)) ||
			!WriteRelJump(kSaveLoadRawBlobMap5CPatchSite,
				(UInt32)&SaveLoadRawBlobMap5CPatch,
				sizeof(kSaveLoadRawBlobMap5CExpectedBytes)) ||
			!WriteRelJump(kSaveLoadRawBlobMap60PatchSite,
				(UInt32)&SaveLoadRawBlobMap60Patch,
				sizeof(kSaveLoadRawBlobMap60ExpectedBytes)))
		{
			Log("failed to write SaveLoad raw blob guards at %08X/%08X/%08X/%08X/%08X/%08X",
				kSaveLoadCreateBufferPatchSite,
				kSaveLoadFreeBufferPatchSite,
				kSaveLoadRawBlobMap54PatchSite,
				kSaveLoadRawBlobMap58PatchSite,
				kSaveLoadRawBlobMap5CPatchSite,
				kSaveLoadRawBlobMap60PatchSite);
			return false;
		}

		if (!WriteRelJump(kSaveLoadBoundedLoadDataPatchSite,
				(UInt32)&SaveLoadBoundedLoadDataPatch,
				sizeof(kSaveLoadBoundedLoadDataExpectedBytes)) ||
			!WriteRelJump(kSaveLoadActivateDeferredBufferPatchSite,
				(UInt32)&SaveLoadActivateDeferredBufferPatch,
				sizeof(kSaveLoadActivateDeferredBufferExpectedBytes)) ||
			!WriteRelJump(kSaveLoadAnimationBufferBeginPatchSite,
				(UInt32)&SaveLoadAnimationBufferBeginPatch,
				sizeof(kSaveLoadAnimationBufferBeginExpectedBytes)) ||
			!WriteRelJump(kSaveLoadAnimationBufferEndPatchSite,
				(UInt32)&SaveLoadAnimationBufferEndPatch,
				sizeof(kSaveLoadAnimationBufferEndExpectedBytes)) ||
			!WriteRelJump(kSaveLoadAttachedAnimationBufferBeginPatchSite,
				(UInt32)&SaveLoadAttachedAnimationBufferBeginPatch,
				sizeof(kSaveLoadAttachedAnimationBufferBeginExpectedBytes)) ||
			!WriteRelJump(kSaveLoadAttachedAnimationBufferEndPatchSite,
				(UInt32)&SaveLoadAttachedAnimationBufferEndPatch,
				sizeof(kSaveLoadAttachedAnimationBufferEndExpectedBytes)) ||
			!WriteRelJump(kSaveLoadCharacterBufferBeginPatchSite,
				(UInt32)&SaveLoadCharacterBufferBeginPatch,
				sizeof(kSaveLoadCharacterBufferBeginExpectedBytes)) ||
			!WriteRelJump(kSaveLoadCharacterBufferEndPatchSite,
				(UInt32)&SaveLoadCharacterBufferEndPatch,
				sizeof(kSaveLoadCharacterBufferEndExpectedBytes)) ||
			!WriteRelJump(kSaveLoadHavokBufferBeginPatchSite,
				(UInt32)&SaveLoadHavokBufferBeginPatch,
				sizeof(kSaveLoadHavokBufferBeginExpectedBytes)) ||
			!WriteRelJump(kSaveLoadHavokBufferEndPatchSite,
				(UInt32)&SaveLoadHavokBufferEndPatch,
				sizeof(kSaveLoadHavokBufferEndExpectedBytes)))
		{
			Log("failed to write SaveLoad buffer lifetime hooks");
			return false;
		}


		if (!WriteRelCall(kSaveLoadExpiredCellEntryAllocPatchSite,
				(UInt32)&SaveLoadExpiredCellEntryAllocPatch) ||
			!WriteRelCall(kSaveLoadExpiredCellListAllocPatchSite,
				(UInt32)&SaveLoadExpiredCellListAllocPatch))
		{
			Log("failed to write SaveLoad expired-cell allocation guards at %08X/%08X",
				kSaveLoadExpiredCellEntryAllocPatchSite,
				kSaveLoadExpiredCellListAllocPatchSite);
			return false;
		}

		if (!WriteRelJump(kContainerExtraDataListNodePatchSite,
			(UInt32)&ContainerExtraDataListNodeAllocPatch,
			sizeof(kContainerExtraDataListNodeExpectedBytes)))
		{
			Log("failed to write ContainerExtraData list-node allocation guard at %08X",
				kContainerExtraDataListNodePatchSite);
			return false;
		}

		if (!WriteRelCall(kExtraDataRegionListBufferAllocPatchSite,
			(UInt32)&ExtraDataRegionListBufferAllocPatch))
		{
			Log("failed to write ExtraData XCLR region-list buffer allocation guard at %08X",
				kExtraDataRegionListBufferAllocPatchSite);
			return false;
		}

		if (!WriteRelJump(kExtraDataLockDataAllocPatchSite,
				(UInt32)&ExtraDataLockDataAllocPatch,
				sizeof(kExtraDataLockDataAllocExpectedBytes)) ||
			!WriteRelJump(kExtraDataLockWrapperAllocPatchSite,
				(UInt32)&ExtraDataLockWrapperAllocPatch,
				sizeof(kExtraDataLockWrapperAllocExpectedBytes)))
		{
			Log("failed to write ExtraData XLOC allocation guards at %08X/%08X",
				kExtraDataLockDataAllocPatchSite,
				kExtraDataLockWrapperAllocPatchSite);
			return false;
		}

		if (!WriteRelJump(kExtraDataMapMarkerAllocPatchSite,
				(UInt32)&ExtraDataMapMarkerAllocPatch,
				sizeof(kExtraDataMapMarkerAllocExpectedBytes)) ||
			!WriteRelJump(kExtraDataTeleportAllocPatchSite,
				(UInt32)&ExtraDataTeleportAllocPatch,
				sizeof(kExtraDataTeleportAllocExpectedBytes)))
		{
			Log("failed to write ExtraData XMRK/XTEL allocation guards at %08X/%08X",
				kExtraDataMapMarkerAllocPatchSite,
				kExtraDataTeleportAllocPatchSite);
			return false;
		}

		if (!WriteRelJump(kExtraDataRagdollAllocPatchSite,
				(UInt32)&ExtraDataRagdollAllocPatch,
				sizeof(kExtraDataRagdollAllocExpectedBytes)) ||
			!WriteRelJump(kExtraDataRagdollPayloadAllocPatchSite,
				(UInt32)&ExtraDataRagdollPayloadAllocPatch,
				sizeof(kExtraDataRagdollPayloadAllocExpectedBytes)))
		{
			Log("failed to write ExtraData XRGD allocation guards at %08X/%08X",
				kExtraDataRagdollAllocPatchSite,
				kExtraDataRagdollPayloadAllocPatchSite);
			return false;
		}

		if (!WriteRelJump(kExtraDataRegionListAllocPatchSite,
			(UInt32)&ExtraDataRegionListAllocPatch,
			sizeof(kExtraDataRegionListAllocExpectedBytes)))
		{
			Log("failed to write ExtraData XCLR region-list object allocation guard at %08X",
				kExtraDataRegionListAllocPatchSite);
			return false;
		}

		if (!WriteRelCall(kAnimationChunkBufferAllocPatchSite,
			(UInt32)&AnimationChunkBufferAllocPatch))
		{
			Log("failed to write TESAnimation KFFZ chunk buffer guard at %08X",
				kAnimationChunkBufferAllocPatchSite);
			return false;
		}

		if (!WriteRelCall(kTESCreatureNIFZBufferAllocPatchSite,
			(UInt32)&PerfAMAllocateNifzPatch))
		{
			Log("failed to write TESCreature NIFZ chunk buffer guard at %08X",
				kTESCreatureNIFZBufferAllocPatchSite);
			return false;
		}

		if (!WriteRelJump(kScriptEventListOptionalDataAllocPatchSite,
			(UInt32)&ScriptEventListOptionalDataAllocPatch,
			sizeof(kScriptEventListOptionalDataAllocExpectedBytes)))
		{
			Log("failed to write ScriptEventList optional data allocation guard at %08X",
				kScriptEventListOptionalDataAllocPatchSite);
			return false;
		}

		if (!WriteRelCall(kArchiveFolderNameAllocPatchSite,
			(UInt32)&ArchiveFolderNameAllocPatch))
		{
			Log("failed to write Archive folder-name allocation guard at %08X",
				kArchiveFolderNameAllocPatchSite);
			return false;
		}

		if (!WriteRelCall(kBSFileWriteSwappedAllocPatchSite,
			(UInt32)&BSFileWriteSwappedAllocPatch))
		{
			Log("failed to write BSFile swapped-write allocation guard at %08X",
				kBSFileWriteSwappedAllocPatchSite);
			return false;
		}

		if (!WriteRelJump(kBSFileOpenBufferAllocPatchSite,
			(UInt32)&BSFileOpenBufferAllocPatch,
			sizeof(kBSFileOpenBufferAllocExpectedBytes)))
		{
			Log("failed to write BSFile open buffer allocation guard at %08X",
				kBSFileOpenBufferAllocPatchSite);
			return false;
		}

		if (!WriteRelCall(kModelWildcardPathAllocPatchSite,
			(UInt32)&ModelWildcardPathAllocPatch))
		{
			Log("failed to write model wildcard path allocation guard at %08X",
				kModelWildcardPathAllocPatchSite);
			return false;
		}

		if (!WriteRelCall(kKFListHeadAllocPatchSite,
				(UInt32)&KFListHeadAllocPatch) ||
			!WriteRelCall(kKFListStringAllocPatchSite,
				(UInt32)&KFListStringAllocPatch) ||
			!WriteRelJump(kKFListNodeAllocPatchSite,
				(UInt32)&KFListNodeAllocPatch,
				sizeof(kKFListNodeAllocExpectedBytes)))
		{
			Log("failed to write KF list allocation guards at %08X/%08X/%08X",
				kKFListHeadAllocPatchSite,
				kKFListStringAllocPatchSite,
				kKFListNodeAllocPatchSite);
			return false;
		}

		if (!WriteRelCall(kTESFileUpdateGroupsAllocPatchSite,
			(UInt32)&TESFileUpdateGroupsAllocPatch))
		{
			Log("failed to write TESFile update-open-groups allocation guard at %08X",
				kTESFileUpdateGroupsAllocPatchSite);
			return false;
		}

		// PERF-5 replaces the complete resolver, including checked allocation.
		// Retain the old signature; its interior allocation hook is superseded.

		if (!WriteRelJump(kArchiveMasterListAllocPatchSite,
			(UInt32)&ArchiveMasterListAllocPatch,
			sizeof(kArchiveMasterListAllocExpectedBytes)))
		{
			Log("failed to write archive master-list buffer allocation guard at %08X",
				kArchiveMasterListAllocPatchSite);
			return false;
		}

		if (!WriteRelJump(kArchiveMasterListAppendPatchSite,
			(UInt32)&ArchiveMasterListAppendPatch,
			sizeof(kArchiveMasterListAppendExpectedBytes)))
		{
			Log("failed to write archive master-list bounded append at %08X",
				kArchiveMasterListAppendPatchSite);
			return false;
		}

		if (!WriteRelJump(kArchivePluginsFileClosePatchSite,
			(UInt32)&ArchivePluginsFileClosePatch,
			sizeof(kArchivePluginsFileCloseExpectedBytes)))
		{
			Log("failed to write archive Plugins.txt close hook at %08X",
				kArchivePluginsFileClosePatchSite);
			return false;
		}

		if (!WriteRelJump(kArchiveSearchHandleClosePatchSite,
			(UInt32)&ArchiveSearchHandleClosePatch,
			sizeof(kArchiveSearchHandleCloseExpectedBytes)))
		{
			Log("failed to write archive search-handle close hook at %08X",
				kArchiveSearchHandleClosePatchSite);
			return false;
		}

		if (!WriteRelJump(kArchiveMasterListNewlinePatchSite,
			(UInt32)&ArchiveMasterListNewlinePatch,
			sizeof(kArchiveMasterListNewlineExpectedBytes)))
		{
			Log("failed to write archive master-list newline guard at %08X",
				kArchiveMasterListNewlinePatchSite);
			return false;
		}

		if (cellChangedRefPatchState == kCellChangedRefPatchNeedsInstall &&
			(!WriteRelJump(kCellChangedRefCellLoadPatchSite,
					(UInt32)&CellChangedRefCellLoadPatch,
					sizeof(kCellChangedRefCellLoadExpectedBytes)) ||
				!WriteRelJump(kCellChangedRefWorldLoadPatchSite,
					(UInt32)&CellChangedRefWorldLoadPatch,
					sizeof(kCellChangedRefWorldLoadExpectedBytes))))
		{
			Log("failed to write changed-reference override reuse hooks at %08X/%08X",
				kCellChangedRefCellLoadPatchSite,
				kCellChangedRefWorldLoadPatchSite);
			return false;
		}

		if (!WriteRelJump(kTESSpellListCountPatchSite,
				(UInt32)&TESSpellListCountPatch,
				sizeof(kTESSpellListCountExpectedBytes)) ||
			!WriteRelJump(kTESSpellListNodeAllocPatchSite,
				(UInt32)&TESSpellListNodeAllocPatch,
				sizeof(kTESSpellListNodeAllocExpectedBytes)) ||
			!WriteRelJump(kAVCollectionCountPatchSite,
				(UInt32)&AVCollectionCountPatch,
				sizeof(kAVCollectionCountExpectedBytes)) ||
			!WriteRelJump(kMiddleHighProcessFormIDCountPatchSite,
				(UInt32)&MiddleHighProcessFormIDCountPatch,
				sizeof(kMiddleHighProcessFormIDCountExpectedBytes)) ||
			!WriteRelJump(kMiddleHighProcessFormIDNodeAllocPatchSite,
				(UInt32)&MiddleHighProcessFormIDNodeAllocPatch,
				sizeof(kMiddleHighProcessFormIDNodeAllocExpectedBytes)) ||
			!WriteRelJump(kKnownEffectsCountPatchSite,
				(UInt32)&KnownEffectsCountPatch,
				sizeof(kKnownEffectsCountExpectedBytes)) ||
			!WriteRelJump(kActorRelationshipDispositionFirstPatchSite,
				(UInt32)&ActorRelationshipDispositionFirstLoopPatch,
				sizeof(kActorRelationshipDispositionFirstLoopExpectedBytes)) ||
			!WriteRelJump(kActorRelationshipDispositionSecondPatchSite,
				(UInt32)&ActorRelationshipDispositionSecondLoopPatch,
				sizeof(kActorRelationshipDispositionSecondLoopExpectedBytes)))
		{
			Log("failed to write save count/list guards at %08X/%08X/%08X/%08X/%08X/%08X/%08X/%08X",
				kTESSpellListCountPatchSite,
				kTESSpellListNodeAllocPatchSite,
				kAVCollectionCountPatchSite,
				kMiddleHighProcessFormIDCountPatchSite,
				kMiddleHighProcessFormIDNodeAllocPatchSite,
				kKnownEffectsCountPatchSite,
				kActorRelationshipDispositionFirstPatchSite,
				kActorRelationshipDispositionSecondPatchSite);
			return false;
		}

		if (kInstallArchiveStreamingGuards &&
			(!WriteRelJump(kArchiveRawReadTargetPatchSite,
					(UInt32)&ArchiveRawReadTargetGuardPatch,
					sizeof(kArchiveRawReadTargetExpectedBytes)) ||
				!WriteRelJump(kArchiveRawReadCountClampPatchSite,
					(UInt32)&ArchiveRawReadCountClampPatch,
					sizeof(kArchiveRawReadCountClampExpectedBytes)) ||
				!WriteRelJump(kCompressedArchiveRefillPatchSite,
					(UInt32)&CompressedArchiveRefillPatch,
					sizeof(kCompressedArchiveRefillExpectedBytes))))
		{
			Log("failed to write archive streaming guards at %08X/%08X/%08X",
				kArchiveRawReadTargetPatchSite,
				kArchiveRawReadCountClampPatchSite,
				kCompressedArchiveRefillPatchSite);
			return false;
		}

		if (!WriteRelJump(kTESFileNextRecordAdvancePatchSite,
				(UInt32)&TESFileNextRecordAdvancePatch,
				sizeof(kTESFileNextRecordAdvanceExpectedBytes)) ||
			!WriteRelJump(kTESFileGetNextChunkAdvancePatchSite,
				(UInt32)&TESFileGetNextChunkAdvancePatch,
				sizeof(kTESFileGetNextChunkAdvanceExpectedBytes)))
		{
			Log("failed to write TESFile parser guards at %08X/%08X",
				kTESFileNextRecordAdvancePatchSite,
				kTESFileGetNextChunkAdvancePatchSite);
			return false;
		}

		if (!WriteRelJump(kTESFileCompressedInputBoundsPatchSite,
				(UInt32)&TESFileCompressedInputBoundsPatch,
				sizeof(kTESFileCompressedInputBoundsExpectedBytes)) ||
			!WriteRelJump(kTESFileInflatedSizePatchSite,
				(UInt32)&TESFileInflatedSizePatch,
				sizeof(kTESFileInflatedSizeExpectedBytes)) ||
			!WriteRelJump(kTESFileInflateInitCleanupPatchSite,
				kTESFileInflateFailureCleanupDecodeAddr,
				sizeof(kTESFileInflateInitCleanupExpectedBytes)) ||
			!WriteRelJump(kTESFileDecompressedRecordSizePatchSite,
				(UInt32)&TESFileDecompressedRecordSizePatch,
				sizeof(kTESFileDecompressedRecordSizeExpectedBytes)) ||
			!WriteRelCall(kTESFileDecompressedRecordAllocPatchSite,
				(UInt32)&TESFileDecompressedRecordAllocPatch) ||
			!WriteRelJump(kTESFileLoadChunkHeaderCompressedTailPatchSite,
				(UInt32)&TESFileLoadChunkHeaderCompressedTailPatch,
				sizeof(kTESFileLoadChunkHeaderCompressedTailExpectedBytes)) ||
			!WriteRelJump(kTESFileGetChunkDataTruncatedCopyPatchSite,
				(UInt32)&TESFileGetChunkDataTruncatedCopyPatch,
				sizeof(kTESFileGetChunkDataTruncatedCopyExpectedBytes)) ||
			!WriteRelJump(kTESFileGetChunkDataFullCopyPatchSite,
				(UInt32)&TESFileGetChunkDataFullCopyPatch,
				sizeof(kTESFileGetChunkDataFullCopyExpectedBytes)) ||
			!WriteRelJump(kTESFileJumpToRecordValidatePatchSite,
				(UInt32)&TESFileJumpToRecordValidatePatch,
				sizeof(kTESFileJumpToRecordValidateExpectedBytes)) ||
			!WriteRelJump(kTESFileNextGroupPatchSite,
				(UInt32)&TESFileNextGroupPatch,
				sizeof(kTESFileNextGroupExpectedBytes)))
		{
			Log("failed to write TESFile compressed/seek guards at %08X/%08X/%08X/%08X/%08X/%08X/%08X",
				kTESFileDecompressedRecordSizePatchSite,
				kTESFileDecompressedRecordAllocPatchSite,
				kTESFileLoadChunkHeaderCompressedTailPatchSite,
				kTESFileGetChunkDataTruncatedCopyPatchSite,
				kTESFileGetChunkDataFullCopyPatchSite,
				kTESFileJumpToRecordValidatePatchSite,
				kTESFileNextGroupPatchSite);
			return false;
		}

		if (!WriteRelJump(kTESFormCompressRecordTempAllocPatchSite,
				(UInt32)&TESFormCompressRecordTempAllocPatch,
				sizeof(kTESFormCompressRecordTempAllocExpectedBytes)) ||
			!WriteRelJump(kTESFormCompressRecordDeflateErrorCleanupPatchSite,
				(UInt32)&TESFormCompressRecordDeflateErrorCleanupPatch,
				sizeof(kTESFormCompressRecordDeflateErrorCleanupExpectedBytes)) ||
			!WriteRelJump(kTESFormCompressRecordFinalAllocPatchSite,
				(UInt32)&TESFormCompressRecordFinalAllocPatch,
				sizeof(kTESFormCompressRecordFinalAllocExpectedBytes)))
		{
			Log("failed to write TESForm record compression memory guards at %08X/%08X/%08X",
				kTESFormCompressRecordTempAllocPatchSite,
				kTESFormCompressRecordDeflateErrorCleanupPatchSite,
				kTESFormCompressRecordFinalAllocPatchSite);
			return false;
		}

		if (worldspaceOFSTPatchState == kTESWorldSpaceOFSTPatchNeedsInstall &&
			(!WriteRelJump(kTESWorldSpaceLoadOFSTPatchSite,
				(UInt32)&TESWorldSpaceLoadOFSTPatch,
				sizeof(kTESWorldSpaceLoadOFSTExpectedBytes)) ||
			!WriteRelJump(kTESWorldSpaceFindCellOffsetPatchSite,
				(UInt32)&TESWorldSpaceFindCellOffsetPatch,
				sizeof(kTESWorldSpaceFindCellOffsetExpectedBytes)) ||
			!WriteRelJump(kTESWorldSpaceRebuildAllocPatchSite,
				(UInt32)&TESWorldSpaceRebuildAllocPatch,
				sizeof(kTESWorldSpaceRebuildAllocExpectedBytes)) ||
			!WriteRelJump(kTESWorldSpacePostFixupOffsetWritePatchSite,
				(UInt32)&TESWorldSpacePostFixupOffsetWritePatch,
				sizeof(kTESWorldSpacePostFixupOffsetWriteExpectedBytes)) ||
			!WriteRelJump(kTESWorldSpacePostFixupOffsetCommitPatchSite,
				(UInt32)&TESWorldSpacePostFixupOffsetCommitPatch,
				sizeof(kTESWorldSpacePostFixupOffsetCommitExpectedBytes)) ||
			!WriteRelJump(kTESWorldSpacePostFixupOffsetReadPatchSite,
				(UInt32)&TESWorldSpacePostFixupOffsetReadPatch,
				sizeof(kTESWorldSpacePostFixupOffsetReadExpectedBytes))))
		{
			Log("failed to write TESWorldSpace WRLD OFST guards at %08X/%08X/%08X/%08X/%08X",
				kTESWorldSpaceLoadOFSTPatchSite,
				kTESWorldSpaceFindCellOffsetPatchSite,
				kTESWorldSpacePostFixupOffsetWritePatchSite,
				kTESWorldSpacePostFixupOffsetCommitPatchSite,
				kTESWorldSpacePostFixupOffsetReadPatchSite);
			return false;
		}

		if (!WriteRelCall(kLoadingTextureWaitPatchSite, (UInt32)&LoadingTextureWaitPatch) ||
			!WriteRelJump(kLoadingTextureWaitPatchSite + 5, kLoadingTextureWaitContinueSite, 5) ||
			!WriteNop(kLoadingTextureWaitPatchSite + 10, sizeof(kLoadingTextureWaitExpectedBytes) - 10))
		{
			Log("failed to write loading texture wait patch at %08X", kLoadingTextureWaitPatchSite);
			return false;
		}

		if (!WriteRelJump(kLoadGameStartTickPatchSite, (UInt32)&LoadGameStartTickPatch, sizeof(kLoadGameStartTickExpectedBytes)))
		{
			Log("failed to write load-game start tick patch at %08X", kLoadGameStartTickPatchSite);
			return false;
		}

		if (!WriteRelCall(kWorldspaceMessageDelayPatchSite, (UInt32)&WorldspaceMessageDelayPatch) ||
			!WriteRelJump(kWorldspaceMessageDelayPatchSite + 5, kWorldspaceMessageDelayContinueSite, 5) ||
			!WriteNop(kWorldspaceMessageDelayPatchSite + 10, sizeof(kWorldspaceMessageDelayExpectedBytes) - 10))
		{
			Log("failed to write worldspace message delay patch at %08X", kWorldspaceMessageDelayPatchSite);
			return false;
		}

		if (globalAnimTimerLoadState == kGlobalAnimTimerLoadPatchNeedsInstall &&
			!WriteRelCall(kGlobalAnimTimerLoadPatchSite, (UInt32)&GlobalAnimTimerLoadPatch))
		{
			Log("failed to write global animation timer load patch at %08X", kGlobalAnimTimerLoadPatchSite);
			return false;
		}

		if (rendererInitFailureState == kRendererInitFailurePatchNeedsInstall &&
			!WriteRelJump(kRendererInitFailurePatchSite,
				(UInt32)&RendererInitFailurePatch,
				sizeof(kRendererInitFailureExpectedBytes)))
		{
			Log("failed to write renderer initialization failure guard at %08X", kRendererInitFailurePatchSite);
			return false;
		}

		if (actorGetAttackedState == kActorGetAttackedPatchNeedsInstall &&
			!WriteRelJump(kActorGetAttackedPatchSite,
				(UInt32)&ActorGetAttackedProcessGuardPatch,
				sizeof(kActorGetAttackedExpectedBytes)))
		{
			Log("failed to write Actor::GetAttacked process null guard at %08X", kActorGetAttackedPatchSite);
			return false;
		}

		if (actorIsTalkingState == kActorIsTalkingPatchNeedsInstall &&
			!WriteRelJump(kActorIsTalkingPatchSite,
				(UInt32)&ActorIsTalkingProcessGuardPatch,
				sizeof(kActorIsTalkingExpectedBytes)))
		{
			Log("failed to write Actor::IsTalking process null guard at %08X", kActorIsTalkingPatchSite);
			return false;
		}

		if ((actorGetFurnitureMarkerIDState == kActorProcessCommandPatchNeedsInstall &&
				!WriteRelJump(kActorGetFurnitureMarkerIDPatchSite,
					(UInt32)&ActorGetFurnitureMarkerIDProcessGuardPatch,
					sizeof(kActorGetFurnitureMarkerIDExpectedBytes))) ||
			(actorGetLineOfSightState == kActorProcessCommandPatchNeedsInstall &&
				!WriteRelJump(kActorGetLineOfSightPatchSite,
					(UInt32)&ActorGetLineOfSightProcessGuardPatch,
					sizeof(kActorGetLineOfSightExpectedBytes))) ||
			(actorGetWalkSpeedState == kActorProcessCommandPatchNeedsInstall &&
				!WriteRelJump(kActorGetWalkSpeedPatchSite,
					(UInt32)&ActorGetWalkSpeedProcessGuardPatch,
					sizeof(kActorGetWalkSpeedExpectedBytes))) ||
			(actorUsingTorchState == kActorProcessCommandPatchNeedsInstall &&
				!WriteRelJump(kActorUsingTorchPatchSite,
					(UInt32)&ActorUsingTorchProcessGuardPatch,
					sizeof(kActorUsingTorchExpectedBytes))) ||
			(actorCurrentFurnitureObjectState == kActorProcessCommandPatchNeedsInstall &&
				!WriteRelJump(kActorCurrentFurnitureObjectPatchSite,
					(UInt32)&ActorCurrentFurnitureObjectProcessGuardPatch,
					sizeof(kActorCurrentFurnitureObjectExpectedBytes))) ||
			(actorCurrentFurnitureReferenceState == kActorProcessCommandPatchNeedsInstall &&
				!WriteRelJump(kActorCurrentFurnitureReferencePatchSite,
					(UInt32)&ActorCurrentFurnitureReferenceProcessGuardPatch,
					sizeof(kActorCurrentFurnitureReferenceExpectedBytes))) ||
			(actorIsRunningState == kActorProcessCommandPatchNeedsInstall &&
				!WriteRelJump(kActorIsRunningPatchSite,
					(UInt32)&ActorIsRunningProcessGuardPatch,
					sizeof(kActorIsRunningExpectedBytes))))
		{
			Log("failed to write extended actor process null guards at %08X/%08X/%08X/%08X/%08X/%08X/%08X",
				kActorGetFurnitureMarkerIDPatchSite,
				kActorGetLineOfSightPatchSite,
				kActorGetWalkSpeedPatchSite,
				kActorUsingTorchPatchSite,
				kActorCurrentFurnitureObjectPatchSite,
				kActorCurrentFurnitureReferencePatchSite,
				kActorIsRunningPatchSite);
			return false;
		}

		if ((canHaveFlamesState == kCommandNullGuardPatchNeedsInstall &&
				!WriteRelCall(kCanHaveFlamesPatchSite, (UInt32)&CanHaveFlamesGetExtraDataGuardPatch)) ||
			(getAlarmedState == kCommandNullGuardPatchNeedsInstall &&
				!WriteRelCall(kGetAlarmedPatchSite, (UInt32)&GetAlarmedStateNameGuardPatch)) ||
			(spellPurchaseTileState == kCommandNullGuardPatchNeedsInstall &&
				!WriteRelJump(kSpellPurchaseTilePatchSite,
					(UInt32)&SpellPurchaseTileGuardPatch,
					sizeof(kSpellPurchaseTileExpectedBytes))))
		{
			Log("failed to write command/menu null guards at %08X/%08X/%08X",
				kCanHaveFlamesPatchSite,
				kGetAlarmedPatchSite,
				kSpellPurchaseTilePatchSite);
			return false;
		}

		if (dropItemState == kDropItemPatchNeedsInstall &&
			!WriteBytes(kDropItemNullExtraListPatchSite,
				kDropItemNullExtraListReplacementBytes,
				sizeof(kDropItemNullExtraListReplacementBytes)))
		{
			Log("failed to write DropItem null-extra-list branch at %08X",
				kDropItemNullExtraListPatchSite);
			return false;
		}

		if ((actorAnimPreSampleState == kActorAnimPreSamplePatchNeedsInstall &&
			(!WriteRelCall(kActorAnimUpdatePreSamplePatchSite, (UInt32)&ActorAnimPreSamplePatch) ||
			!WriteNop(kActorAnimUpdatePreSamplePatchSite + 5, sizeof(kActorAnimPreSamplePatchExpectedBytes) - 5))) ||
			(actorAnimClockPatchState == kActorAnimClockPatchNeedsInstall &&
			!WriteRelCall(kActorAnimUpdateClockPatchSite, (UInt32)&ActorAnimClockPatch)))
		{
			Log("failed to write ActorAnimData clock rebase patches at %08X/%08X",
				kActorAnimUpdatePreSamplePatchSite,
				kActorAnimUpdateClockPatchSite);
			return false;
		}

		// Keep a reference while any installed detour may target this DLL. On
		// ordinary failure, rollback restores every byte and releases the extra
		// reference. If the OS also prevents rollback, retain it and refuse a
		// retry so a loader failure cannot strand pointers into unloaded code.
		HMODULE hookModule = NULL;
		if (!GetModuleHandleExA(GET_MODULE_HANDLE_EX_FLAG_FROM_ADDRESS,
			(LPCSTR)&InstallPatches, &hookModule))
		{
			Log("failed to retain module before patch commit");
			return false;
		}
		if (!patchScope.transaction.Commit())
		{
			Log("patch transaction failed: %s", patchScope.transaction.Error());
			if (patchScope.transaction.RollbackIncomplete())
			{
				s_patchInstallBlocked = true;
				Log("OS prevented complete patch rollback; retained module and disabled installation retries");
			}
			else
				FreeLibrary(hookModule);
			return false;
		}
		s_patchInstalled = true;
		Log("committed %u patch writes", patchScope.transaction.WriteCount());
		Log("installed OSGlobals main thread handle duplicate fix at %08X", kMainThreadHandlePatchSite);
		Log("installed BSSimpleList InsertSorted allocation-failure branch fix at %08X",
			kBSSimpleListInsertSortedAllocFailureBranchSite);
		Log("installed BSSimpleList PushFront allocation-failure branch fix at %08X",
			kBSSimpleListPushFrontAllocFailureBranchSite);
		Log("installed EffectSetting filtered-list allocation guards at %08X/%08X",
			kEffectSettingFilteredListHeadAllocPatchSite,
			kEffectSettingFilteredListNodeAllocFailureBranchSite);
		if (texturePaletteState == kTexturePalettePatchNeedsInstall)
			Log("installed BSTexturePalette strrchr null-result guard at %08X", kTexturePaletteUnderscorePatchSite);
		else
			Log("accepted existing BSTexturePalette strrchr null-result guard at %08X", kTexturePaletteUnderscorePatchSite);
		Log("installed SaveLoad buffer lifetime tracking (deferred activation and four scoped raw loaders) at %08X/%08X/%08X",
			kSaveLoadCreateBufferPatchSite,
			kSaveLoadFreeBufferPatchSite,
			kSaveLoadActivateDeferredBufferPatchSite);
		Log("installed SaveLoad raw blob guards at %08X/%08X/%08X/%08X",
			kSaveLoadRawBlobMap54PatchSite,
			kSaveLoadRawBlobMap58PatchSite,
			kSaveLoadRawBlobMap5CPatchSite,
			kSaveLoadRawBlobMap60PatchSite);
		Log("installed SaveLoad expired-cell allocation guards at %08X/%08X",
			kSaveLoadExpiredCellEntryAllocPatchSite,
			kSaveLoadExpiredCellListAllocPatchSite);
		Log("installed ContainerExtraData list-node allocation guard at %08X",
			kContainerExtraDataListNodePatchSite);
		Log("installed ExtraData XCLR region-list buffer allocation guard at %08X",
			kExtraDataRegionListBufferAllocPatchSite);
		Log("installed ExtraData XLOC allocation guards at %08X/%08X",
			kExtraDataLockDataAllocPatchSite,
			kExtraDataLockWrapperAllocPatchSite);
		Log("installed ExtraData XMRK/XTEL allocation guards at %08X/%08X",
			kExtraDataMapMarkerAllocPatchSite,
			kExtraDataTeleportAllocPatchSite);
		Log("installed ExtraData XRGD allocation guards at %08X/%08X",
			kExtraDataRagdollAllocPatchSite,
			kExtraDataRagdollPayloadAllocPatchSite);
		Log("installed ExtraData XCLR region-list object allocation guard at %08X",
			kExtraDataRegionListAllocPatchSite);
		Log("installed TESAnimation KFFZ chunk buffer guard at %08X",
			kAnimationChunkBufferAllocPatchSite);
		Log("installed TESCreature NIFZ chunk buffer guard at %08X",
			kTESCreatureNIFZBufferAllocPatchSite);
		Log("installed ScriptEventList optional data allocation guard at %08X",
			kScriptEventListOptionalDataAllocPatchSite);
		Log("installed Archive folder-name allocation guard at %08X",
			kArchiveFolderNameAllocPatchSite);
		Log("installed BSFile swapped-write allocation guard at %08X",
			kBSFileWriteSwappedAllocPatchSite);
		Log("installed BSFile open buffer allocation guard at %08X",
			kBSFileOpenBufferAllocPatchSite);
		Log("installed model wildcard path allocation guard at %08X",
			kModelWildcardPathAllocPatchSite);
		Log("installed KF list allocation guards at %08X/%08X/%08X",
			kKFListHeadAllocPatchSite,
			kKFListStringAllocPatchSite,
			kKFListNodeAllocPatchSite);
		Log("installed TESFile update-open-groups allocation guard at %08X",
			kTESFileUpdateGroupsAllocPatchSite);
		Log("installed indexed TESFile master resolver with checked allocation at %08X",
			kPerfMasterPatchSite);
		Log("installed performance fast paths for ID arrays, light prefixes, actor trimming and list sorting");
		Log("performance diagnostic counters are %s (MEF_PERF_COUNTERS=1 enables shutdown totals)",
			s_perfCollectCounters ? "enabled" : "disabled");
		Log("installed archive master-list buffer allocation guard at %08X",
			kArchiveMasterListAllocPatchSite);
		Log("installed archive master-list bounded append at %08X",
			kArchiveMasterListAppendPatchSite);
		Log("installed archive search-handle close hook at %08X",
			kArchiveSearchHandleClosePatchSite);
		Log("installed archive Plugins.txt close hook at %08X",
			kArchivePluginsFileClosePatchSite);
		Log("installed archive master-list newline guard at %08X",
			kArchiveMasterListNewlinePatchSite);
		if (cellChangedRefPatchState == kCellChangedRefPatchNeedsInstall)
		{
			Log("installed changed-reference override reuse hooks at %08X/%08X",
				kCellChangedRefCellLoadPatchSite,
				kCellChangedRefWorldLoadPatchSite);
		}
		else
		{
			Log("accepted EngineBugFixes v2.22 changed-reference override reuse hooks at %08X/%08X",
				kCellChangedRefCellLoadPatchSite,
				kCellChangedRefWorldLoadPatchSite);
		}
		Log("installed TESSpellList save count and list-node guards at %08X/%08X",
			kTESSpellListCountPatchSite,
			kTESSpellListNodeAllocPatchSite);
		Log("installed AVCollection save count guard at %08X", kAVCollectionCountPatchSite);
		Log("installed MiddleHighProcess FormID count and list-node guards at %08X/%08X",
			kMiddleHighProcessFormIDCountPatchSite,
			kMiddleHighProcessFormIDNodeAllocPatchSite);
		Log("installed KnownEffects signed count guard at %08X", kKnownEffectsCountPatchSite);
		Log("installed Actor relationship/disposition paired loop replacement at %08X/%08X",
			kActorRelationshipDispositionFirstPatchSite,
			kActorRelationshipDispositionSecondPatchSite);
		if (kInstallArchiveStreamingGuards)
		{
			Log("installed archive raw-read target guard at %08X", kArchiveRawReadTargetPatchSite);
			Log("installed archive raw-read count clamp at %08X", kArchiveRawReadCountClampPatchSite);
			Log("installed compressed archive zero-refill guard at %08X", kCompressedArchiveRefillPatchSite);
		}
		else
		{
			Log("skipped archive streaming guards at %08X/%08X/%08X after WER crash trace at 0042C7EB/0042C859",
				kArchiveRawReadTargetPatchSite,
				kArchiveRawReadCountClampPatchSite,
				kCompressedArchiveRefillPatchSite);
		}
		Log("installed TESFile_NextRecord advance guard at %08X", kTESFileNextRecordAdvancePatchSite);
		Log("installed TESFile_GetNextChunk advance guard at %08X", kTESFileGetNextChunkAdvancePatchSite);
		Log("installed TESFile compressed record size/allocation guards at %08X/%08X",
			kTESFileDecompressedRecordSizePatchSite,
			kTESFileDecompressedRecordAllocPatchSite);
		Log("installed TESFile compressed chunk-header tail guard at %08X", kTESFileLoadChunkHeaderCompressedTailPatchSite);
		Log("installed TESFile compressed chunk copy guards at %08X and %08X",
			kTESFileGetChunkDataTruncatedCopyPatchSite,
			kTESFileGetChunkDataFullCopyPatchSite);
		Log("installed TESFile JumpToRecord target guard at %08X", kTESFileJumpToRecordValidatePatchSite);
		Log("installed TESFile NextGroup short-GRUP guard at %08X", kTESFileNextGroupPatchSite);
		Log("installed TESForm record compression memory guards at %08X/%08X/%08X",
			kTESFormCompressRecordTempAllocPatchSite,
			kTESFormCompressRecordDeflateErrorCleanupPatchSite,
			kTESFormCompressRecordFinalAllocPatchSite);
		if (worldspaceOFSTPatchState == kTESWorldSpaceOFSTPatchNeedsInstall)
		{
			Log("installed TESWorldSpace WRLD OFST load guard at %08X", kTESWorldSpaceLoadOFSTPatchSite);
			Log("installed TESWorldSpace exterior cell offset lookup guard at %08X", kTESWorldSpaceFindCellOffsetPatchSite);
			Log("installed TESWorldSpace post-fixup rebuilt offset write guard at %08X", kTESWorldSpacePostFixupOffsetWritePatchSite);
			Log("installed TESWorldSpace post-fixup rebuilt offset tracking guard at %08X", kTESWorldSpacePostFixupOffsetCommitPatchSite);
			Log("installed TESWorldSpace post-fixup offset validation guard at %08X", kTESWorldSpacePostFixupOffsetReadPatchSite);
		}
		else
		{
			Log("accepted externally owned TESWorldSpace WRLD/OFST offset policy at %08X; skipped MEF WRLD/OFST guards",
				kTESWorldSpaceLoadOFSTPatchSite);
		}
		Log("installed loading texture GetTickCount wrap-safe wait at %08X", kLoadingTextureWaitPatchSite);
		Log("installed load-game start GetTickCount wrap-safe guard at %08X", kLoadGameStartTickPatchSite);
		Log("installed worldspace message GetTickCount wrap-safe delay at %08X", kWorldspaceMessageDelayPatchSite);
		if (globalAnimTimerLoadState == kGlobalAnimTimerLoadPatchNeedsInstall)
			Log("installed global animation timer load precision guard at %08X", kGlobalAnimTimerLoadPatchSite);
		else
			Log("accepted existing global animation timer load precision guard at %08X", kGlobalAnimTimerLoadPatchSite);
		if (rendererInitFailureState == kRendererInitFailurePatchNeedsInstall)
			Log("installed renderer initialization failure guard at %08X", kRendererInitFailurePatchSite);
		else
			Log("accepted existing renderer initialization failure guard at %08X", kRendererInitFailurePatchSite);
		if (actorGetAttackedState == kActorGetAttackedPatchNeedsInstall)
			Log("installed Actor::GetAttacked process null guard at %08X", kActorGetAttackedPatchSite);
		else
			Log("accepted existing Actor::GetAttacked process null guard at %08X", kActorGetAttackedPatchSite);
		if (actorIsTalkingState == kActorIsTalkingPatchNeedsInstall)
			Log("installed Actor::IsTalking process null guard at %08X", kActorIsTalkingPatchSite);
		else
			Log("accepted existing Actor::IsTalking process null guard at %08X", kActorIsTalkingPatchSite);
		Log("verified extended actor process null guards at %08X/%08X/%08X/%08X/%08X/%08X/%08X",
			kActorGetFurnitureMarkerIDPatchSite,
			kActorGetLineOfSightPatchSite,
			kActorGetWalkSpeedPatchSite,
			kActorUsingTorchPatchSite,
			kActorCurrentFurnitureObjectPatchSite,
			kActorCurrentFurnitureReferencePatchSite,
			kActorIsRunningPatchSite);
		if (canHaveFlamesState == kCommandNullGuardPatchNeedsInstall)
			Log("installed CanHaveFlames NiObjectNET null guard at %08X", kCanHaveFlamesPatchSite);
		else
			Log("accepted EngineBugFixes v2.22 CanHaveFlames null guard at %08X", kCanHaveFlamesPatchSite);
		if (getAlarmedState == kCommandNullGuardPatchNeedsInstall)
			Log("installed GetAlarmed state-name null guard at %08X", kGetAlarmedPatchSite);
		else
			Log("accepted EngineBugFixes v2.22 GetAlarmed null guard at %08X", kGetAlarmedPatchSite);
		if (spellPurchaseTileState == kCommandNullGuardPatchNeedsInstall)
			Log("installed SpellPurchaseMenu tile null guard at %08X", kSpellPurchaseTilePatchSite);
		else
			Log("accepted EngineBugFixes v2.22 SpellPurchaseMenu tile null guard at %08X", kSpellPurchaseTilePatchSite);
		if (dropItemState == kDropItemPatchNeedsInstall)
			Log("installed DropItem null-extra-list branch correction at %08X", kDropItemNullExtraListPatchSite);
		else
			Log("accepted EngineBugFixes v2.22 DropItem null-extra-list branch correction at %08X", kDropItemNullExtraListPatchSite);
		Log("installed ActorAnimData pre-sample loop hook at %08X", kActorAnimUpdatePreSamplePatchSite);
		Log("installed ActorAnimData post-clock loop hook at %08X", kActorAnimUpdateClockPatchSite);
		Log("installed ActorAnimData clock rebase hooks at %08X and %08X",
			kActorAnimUpdatePreSamplePatchSite,
			kActorAnimUpdateClockPatchSite);
		return true;
	}
}

extern "C"
{
	bool OBSEPlugin_Query(const OBSEInterface* obse, PluginInfo* info)
	{
		if (info)
		{
			info->infoVersion = kPluginInfoVersion;
			info->name = "Modern Engine Fixes";
			info->version = kPluginVersion;
		}

		Log("Modern Engine Fixes query");

		if (!obse)
		{
			Log("query failed: null OBSE interface");
			return false;
		}

		if (obse->isEditor)
		{
			Log("query failed: editor is not supported");
			return false;
		}

		if (obse->oblivionVersion != kOblivionVersion_1_2_0_416)
		{
			Log("query failed: Oblivion version %08X, expected %08X",
				obse->oblivionVersion,
				kOblivionVersion_1_2_0_416);
			return false;
		}

		return true;
	}

	bool OBSEPlugin_Load(const OBSEInterface* obse)
	{
		if (!obse || obse->isEditor || obse->oblivionVersion != kOblivionVersion_1_2_0_416)
			return false;

		return InstallPatches();
	}
}

BOOL WINAPI DllMain(HINSTANCE instance, DWORD reason, LPVOID)
{
	if (reason == DLL_PROCESS_ATTACH)
	{
		s_module = instance;
		char perfCounters[4] = {};
		s_perfCollectCounters = GetEnvironmentVariableA("MEF_PERF_COUNTERS", perfCounters, sizeof(perfCounters)) == 1 &&
			perfCounters[0] == '1';
		// /MT and /MTd require CRT thread attach/detach notifications.
		OpenLog();
		Log("Modern Engine Fixes v%s initializing", kPluginVersionString);
		Log("static loading screen wait uses %.0f%% of Oblivion's configured duration",
			(double)(kStaticLoadingScreenWaitScale * 100.0f));
	}
	else if (reason == DLL_THREAD_DETACH)
	{
		ReleasePerformanceThreadResources();
	}
	else if (reason == DLL_PROCESS_DETACH)
	{
		if (s_log != INVALID_HANDLE_VALUE)
		{
			LogPerformanceCounters();
			LogExtendedPerformanceCounters();
			Log("Modern Engine Fixes shutting down");
			CloseHandle(s_log);
			s_log = INVALID_HANDLE_VALUE;
		}
	}

	return TRUE;
}
